position,aa,ecoli_wt,n_dfr,frac_dfr,n_folA,frac_folA,delta_pp,odds_ratio,p_value,q_value_BH,sig_FDR05,neglog10p
60,A,I,21,0.35,1,0.0012437810945273,34.87562189054726,432.38461538461536,2.3605403531634164e-25,6.300282202593158e-22,True,24.626988570955497
18,P,N,21,0.35,2,0.0024875621890547,34.75124378109452,215.92307692307693,2.5946180427839863e-24,3.4625177780952295e-21,True,23.585926566185652
59,Y,N,19,0.3166666666666666,1,0.0012437810945273,31.54228855721393,372.1219512195122,9.313101485696492e-23,8.285555955107979e-20,True,22.03090566447364
28,Q,L,28,0.4666666666666667,23,0.0286069651741293,43.80597014925373,29.71195652173913,2.4142039350818023e-22,1.6108775756833322e-19,True,21.617226046525417
137,F,F,23,0.3833333333333333,12,0.0149253731343283,36.8407960199005,41.02702702702703,1.1626985428427856e-20,6.206484821694789e-18,True,19.93453287181553
29,L,A,21,0.35,8,0.0099502487562189,34.004975124378106,53.57692307692308,3.3525335749227954e-20,1.3642459549765828e-17,True,19.47462686408615
39,W,P,19,0.3166666666666666,4,0.0049751243781094,31.16915422885572,92.6829268292683,3.5780148688033265e-20,1.3642459549765828e-17,True,19.44635785901017
36,Y,L,20,0.3333333333333333,7,0.0087064676616915,32.46268656716418,56.92857142857143,1.5207612222433765e-19,5.0736396277094643e-17,True,18.817938970038217
20,I,M,35,0.5833333333333334,77,0.0957711442786069,48.75621890547264,13.21818181818182,2.148168660713752e-18,6.153111989202726e-16,True,17.667931623558275
94,S,I,19,0.3166666666666666,7,0.0087064676616915,30.796019900497512,52.76306620209059,2.305399771151265e-18,6.153111989202726e-16,True,17.63725375428697
26,G,A,31,0.5166666666666667,58,0.072139303482587,44.452736318407965,13.74910820451843,1.6445681999320764e-17,3.9903204778351926e-15,True,16.78394811169789
90,H,E,19,0.3166666666666666,9,0.0111940298507462,30.54726368159204,40.9349593495935,2.2010433610457946e-17,4.89548727552602e-15,True,16.657371401664086
159,G,R,18,0.3,8,0.0099502487562189,29.004975124378102,42.642857142857146,1.0434474244440877e-16,2.142277827570208e-14,True,15.981529428581323
88,T,V,20,0.3333333333333333,16,0.0199004975124378,31.343283582089548,24.625,8.218689523976035e-16,1.5668344528208598e-13,True,15.085197425510772
42,V,M,19,0.3166666666666666,20,0.0248756218905472,29.17910447761194,18.165853658536584,1.2971655338580106e-13,2.3080898732446865e-11,True,12.887004599202069
17,G,E,30,0.5,80,0.099502487562189,40.049751243781095,9.05,1.7985089347379798e-13,3.0001377167597927e-11,True,12.745087400326558
1,K,M,27,0.45,61,0.0758706467661691,37.41293532338308,9.965722801788376,2.1717362845281038e-13,3.409625966709122e-11,True,12.663192912567396
85,L,C,27,0.45,62,0.0771144278606965,37.28855721393035,9.791788856304985,2.990503727386372e-13,4.2920989369397976e-11,True,12.524255651943625
139,Q,E,26,0.4333333333333333,56,0.0696517412935323,36.3681592039801,10.214285714285714,3.055446976465199e-13,4.2920989369397976e-11,True,12.514925248526836
24,A,L,15,0.25,10,0.0124378109452736,23.75621890547264,26.466666666666665,1.3798917677414898e-12,1.8414655640510179e-10,True,11.860154976291517
27,E,D,30,0.5,94,0.1169154228855721,38.30845771144279,7.553191489361702,6.476677510357708e-12,8.231548702449867e-10,True,11.188647726994107
111,H,Y,23,0.3833333333333333,49,0.0609452736318407,32.23880597014925,9.578047435190292,1.0447831631549798e-11,1.2675119374821096e-09,True,10.9809738347365
5,M,I,13,0.2166666666666666,8,0.0099502487562189,20.671641791044777,27.52127659574468,3.142847117322564e-11,3.647069111362575e-09,True,10.502676744568824
25,K,P,26,0.4333333333333333,72,0.0895522388059701,34.378109452736325,7.774509803921568,3.543693104338499e-11,3.891833366777686e-09,True,10.450543896509457
129,P,E,22,0.3666666666666666,47,0.058457711442786,30.82089552238806,9.32474804031355,3.645404052807874e-11,3.891833366777686e-09,True,10.438254327927734
19,D,A,35,0.5833333333333334,146,0.181592039800995,40.17412935323384,6.30958904109589,4.6229188691155926e-11,4.745604023719045e-09,True,10.335083728237148
50,M,I,21,0.35,45,0.0559701492537313,29.402985074626866,9.082051282051282,1.2478830185604646e-10,1.2335554727918073e-08,True,9.903826125210408
150,N,S,18,0.3,31,0.0385572139303482,26.14427860696517,10.68663594470046,2.4942530873558483e-10,2.3775576750545572e-08,True,9.603059481544932
113,S,T,29,0.4833333333333333,104,0.1293532338308457,35.39800995024876,6.29652605459057,3.241606911773384e-10,2.9833961543183315e-08,True,9.48923965031357
30,L,W,19,0.3166666666666666,38,0.0472636815920398,26.94029850746269,9.341463414634148,4.998665954756617e-10,4.4471464777484724e-08,True,9.301145884822368
27,D,D,30,0.5,687,0.8544776119402985,-35.447761194029844,0.1703056768558952,8.068199030721891e-10,6.946459100966686e-08,True,9.09322339691464
114,T,H,16,0.2666666666666666,25,0.031094527363184,23.557213930348254,11.33090909090909,1.0847810608995604e-09,8.843781636725201e-08,True,8.964657905721308
154,Q,E,20,0.3333333333333333,46,0.0572139303482587,27.61194029850746,8.23913043478261,1.0934611989956222e-09,8.843781636725201e-08,True,8.96119662310743
141,F,H,18,0.3,38,0.0472636815920398,25.273631840796018,8.639097744360901,3.233351899504252e-09,2.538181241110838e-07,True,8.490347026691841
56,N,G,36,0.6,183,0.2276119402985074,37.23880597014925,5.090163934426229,3.480342931913316e-09,2.654010081507612e-07,True,8.458377961197131
149,I,H,19,0.3166666666666666,46,0.0572139303482587,25.94527363184079,7.63626723223754,6.520320445350381e-09,4.834093130177824e-07,True,8.18573106006139
69,N,D,11,0.1833333333333333,9,0.0111940298507462,17.213930348258703,19.829931972789115,7.505065654287964e-09,5.413789251701237e-07,True,8.124645504197492
155,I,I,25,0.4166666666666667,90,0.1119402985074626,30.4726368159204,5.666666666666667,1.1622420540355932e-08,8.163221163739469e-07,True,7.934703414299783
28,L,L,15,0.25,504,0.6268656716417911,-37.68656716417911,0.1984126984126984,1.3891353353991485e-08,9.50667233379571e-07,True,7.857255441408612
20,M,M,0,0.0,207,0.2574626865671642,-25.74626865671642,0.0,5.2633631917945776e-08,3.511979089724932e-06,True,7.278736661001139
113,T,T,31,0.5166666666666667,669,0.832089552238806,-31.54228855721393,0.2157105303850317,7.417720654968802e-08,4.8287552263687145e-06,True,7.129729525859112
37,N,N,25,0.4166666666666667,101,0.1256218905472637,29.1044776119403,4.971711456859972,8.991407384392323e-08,5.713825311653121e-06,True,7.046172324792098
58,K,K,21,0.35,71,0.0883084577114427,26.16915422885572,5.559046587215601,1.1501083786046986e-07,7.138695959292884e-06,True,6.939261232679251
42,M,M,33,0.55,684,0.8507462686567164,-30.07462686567164,0.2144249512670565,1.208630725092471e-07,7.331444102890466e-06,True,6.917706369570843
75,F,V,24,0.4,97,0.1206467661691542,27.935323383084576,4.859106529209622,1.891961374135037e-07,1.1221433127925366e-05,True,6.723087734303808
153,F,F,14,0.2333333333333333,463,0.5758706467661692,-34.25373134328358,0.2241525025824021,2.8183015058175334e-07,1.6352275476145644e-05,True,6.550012547313117
45,K,H,52,0.8666666666666667,436,0.5422885572139303,32.43781094527364,5.486238532110092,2.925333781267588e-07,1.6612161408942963e-05,True,6.533824573652771
39,V,P,19,0.3166666666666666,63,0.0783582089552238,23.83084577114428,5.450638792102207,4.466366465220642e-07,2.4834858532653945e-05,True,6.350045645954757
38,Q,K,17,0.2833333333333333,50,0.0621890547263681,22.11442786069652,5.961860465116279,5.271811288190587e-07,2.8715233322817703e-05,True,6.278040144310168
71,N,R,19,0.3166666666666666,64,0.0796019900497512,23.70646766169154,5.358231707317073,5.507881814668535e-07,2.9401073126700643e-05,True,6.259015387185624
76,P,K,15,0.25,38,0.0472636815920398,20.273631840796018,6.719298245614035,6.139786805205062e-07,3.1596973720262936e-05,True,6.2118467088149405
133,F,W,31,0.5166666666666667,169,0.2101990049751243,30.64676616915424,4.01652723933891,6.156023355015633e-07,3.1596973720262936e-05,True,6.210699741190271
30,I,W,8,0.1333333333333333,6,0.0074626865671641,12.587064676616915,20.46153846153846,7.38449139174828e-07,3.718718400863426e-05,True,6.131679411437173
133,W,W,16,0.2666666666666666,480,0.5970149253731343,-33.03482587064676,0.2454545454545454,1.050496835024666e-06,5.192177875334877e-05,True,5.978605251714376
88,G,V,9,0.15,10,0.0124378109452736,13.756218905472636,14.011764705882351,1.1078261951764108e-06,5.375978390774255e-05,True,5.955528369929482
16,N,M,16,0.2666666666666666,47,0.058457711442786,20.82089552238806,5.856866537717601,1.2343602290291915e-06,5.8830490201409145e-05,True,5.908558079646962
78,I,V,26,0.4333333333333333,127,0.1579601990049751,27.53731343283582,4.0764242704956,1.3101127727983397e-06,6.1345455975417e-05,True,5.88269131923275
3,S,S,34,0.5666666666666667,212,0.263681592039801,30.298507462686565,3.6516690856313496,2.2022420206064644e-06,0.0001013411026379,True,5.6571349549200685
135,V,S,18,0.3,64,0.0796019900497512,22.03980099502488,4.955357142857143,2.385839035256004e-06,0.000107928887883,True,5.622358860103319
156,W,L,22,0.3666666666666666,98,0.1218905472636815,24.477611940298505,4.17078410311493,3.4236125119583613e-06,0.0001522936965736,True,5.465515395116731
92,I,M,12,0.2,27,0.0335820895522388,16.64179104477612,7.194444444444445,3.8129411995843934e-06,0.00016683180429,True,5.418739892049418
60,I,I,17,0.2833333333333333,472,0.5870646766169154,-30.37313432835821,0.2780843515963737,5.527185641466194e-06,0.0002379364270495,True,5.257495948533762
14,F,I,6,0.1,3,0.003731343283582,9.626865671641792,29.666666666666668,6.271490860260471e-06,0.0002642903963248,True,5.202629206311282
40,L,V,23,0.3833333333333333,111,0.1380597014925373,24.527363184079604,3.880934989043097,6.337424265563656e-06,0.0002642903963248,True,5.19808721759854
153,Y,F,20,0.3333333333333333,88,0.1094527363184079,22.388059701492537,4.068181818181818,9.854654004876572e-06,0.0004046472544463,True,5.00635861911774
120,E,E,35,0.5833333333333334,239,0.2972636815920398,28.60696517412936,3.309623430962343,1.0830105602320274e-05,0.0004379629068574,True,4.965367308630324
36,E,L,10,0.1666666666666666,20,0.0248756218905472,14.17910447761194,7.84,1.2436920300311107e-05,0.000495434929575,True,4.905287148758249
69,A,D,15,0.25,51,0.0634328358208955,18.656716417910445,4.921568627450981,1.32315702096771e-05,0.0005193391307298,True,4.878388614396506
66,G,P,8,0.1333333333333333,11,0.0136815920398009,11.965174129353237,11.090909090909092,1.4071710160571369e-05,0.0005443100640371,True,4.851653118758159
39,P,P,6,0.1,286,0.3557213930348258,-25.572139303482587,0.2012432012432012,1.5760273582897156e-05,0.0006009167170393,True,4.802436247854629
134,N,E,10,0.1666666666666666,21,0.0261194029850746,14.054726368159203,7.457142857142857,1.737123930470047e-05,0.0006530117986513,True,4.760169196867047
56,G,G,10,0.1666666666666666,355,0.4415422885572139,-27.487562189054728,0.2529577464788732,1.859595847748229e-05,0.0006893418496722,True,4.730581432214722
25,P,P,25,0.4166666666666667,562,0.6990049751243781,-28.23383084577114,0.3075749872902897,1.971752513808461e-05,0.0007160220438361,True,4.705147596814884
23,S,N,14,0.2333333333333333,46,0.0572139303482587,17.611940298507463,5.015122873345936,1.985224100557413e-05,0.0007160220438361,True,4.70219046112152
104,I,L,20,0.3333333333333333,93,0.1156716417910447,21.76616915422885,3.8225806451612905,2.0648056506903844e-05,0.0007347955042256,True,4.685120819942154
117,I,A,8,0.1333333333333333,12,0.0149253731343283,11.840796019900496,10.153846153846152,2.218244782097232e-05,0.0007790125425549,True,4.6539905313841565
68,N,T,10,0.1666666666666666,22,0.0273631840796019,13.930348258706465,7.109090909090909,2.3906802176769825e-05,0.0008286656494779,True,4.621478512126091
158,K,R,24,0.4,129,0.1604477611940298,23.955223880597018,3.488372093023256,2.4917503252372323e-05,0.0008526258484689,True,4.6034954763804645
59,N,N,21,0.35,509,0.6330845771144279,-28.30845771144279,0.3120749584403808,2.5475167010132448e-05,0.0008599501294584,True,4.593882960163883
87,E,D,19,0.3166666666666666,86,0.1069651741293532,20.97014925373134,3.8689733408962,2.577594992756831e-05,0.0008599501294584,True,4.588785320585701
69,F,D,6,0.1,5,0.0062189054726368,9.37810945273632,17.755555555555556,3.087448591106504e-05,0.0010173333690942,True,4.510400265079531
82,M,I,9,0.15,18,0.0223880597014925,12.761194029850746,7.705882352941177,3.604887406983843e-05,0.0011733468889316,True,4.443108295241153
98,E,R,32,0.5333333333333333,214,0.2661691542288557,26.71641791044776,3.15086782376502,3.937571079450642e-05,0.0012661900254281,True,4.404771593422136
101,K,E,20,0.3333333333333333,99,0.1231343283582089,21.01990049751244,3.560606060606061,4.706871717634249e-05,0.0014955524540911,True,4.327267637912386
4,L,L,39,0.65,300,0.373134328358209,27.686567164179102,3.12,4.957922862197139e-05,0.0015567877787299,True,4.304700234482827
109,T,K,16,0.2666666666666666,66,0.0820895522388059,18.457711442786067,4.066115702479339,5.160735933370527e-05,0.0015977014469117,True,4.287288362517734
150,T,S,12,0.2,37,0.0460199004975124,15.39800995024876,5.1824324324324325,5.207944019532631e-05,0.0015977014469117,True,4.2833336926692684
102,S,Q,11,0.1833333333333333,31,0.0385572139303482,14.477611940298509,5.597761685319289,5.728309057413779e-05,0.0017373700993451,True,4.241973558732932
67,I,G,6,0.1,6,0.0074626865671641,9.253731343283585,14.77777777777778,5.842137664925533e-05,0.0017519848795153,True,4.233428213467726
18,G,N,12,0.2,369,0.458955223880597,-25.8955223880597,0.2947154471544715,7.260477349744064e-05,0.0021531348940518,True,4.139034825092649
24,L,L,16,0.2666666666666666,425,0.5286069651741293,-26.194029850746265,0.3242780748663101,8.569946630644052e-05,0.0025135370941965,True,4.067021882637941
6,W,A,1,0.0166666666666666,158,0.1965174129353233,-17.98507462686567,0.0692984338124865,8.847423382757306e-05,0.0025438907987503,True,4.053183189593504
138,E,S,19,0.3166666666666666,95,0.1181592039800995,19.85074626865672,3.4585365853658536,8.924998765735488e-05,0.0025438907987503,True,4.049391835275635
33,A,R,23,0.3833333333333333,132,0.1641791044776119,21.91542288557214,3.1646191646191646,8.959375611934711e-05,0.0025438907987503,True,4.047722255710654
87,H,D,7,0.1166666666666666,11,0.0136815920398009,10.298507462686567,9.521440823327616,9.574289176580036e-05,0.0026369574131719,True,4.018893459463596
34,I,N,16,0.2666666666666666,70,0.0870646766169154,17.960199004975124,3.812987012987013,9.65760964356395e-05,0.0026369574131719,True,4.015130352577447
37,G,N,28,0.4666666666666667,580,0.7213930348258707,-25.472636815920403,0.3379310344827586,9.69133755456242e-05,0.0026369574131719,True,4.013616279453076
118,E,E,24,0.4,139,0.1728855721393034,22.711442786069654,3.1894484412470026,9.7373350099397e-05,0.0026369574131719,True,4.011559887971991
158,R,R,26,0.4333333333333333,553,0.6878109452736318,-25.44776119402985,0.3470907350281885,9.781145893743744e-05,0.0026369574131719,True,4.0096102631901465
67,W,G,4,0.0666666666666666,1,0.0012437810945273,6.542288557213931,57.35714285714285,0.000100232111623,0.0026751950592185,True,3.9989931201204327
41,I,I,13,0.2166666666666666,374,0.4651741293532338,-24.850746268656717,0.3180111503015133,0.0001421442631655,0.0037518921759849,True,3.8472706634151903
46,N,T,7,0.1166666666666666,12,0.0149253731343283,10.17412935323383,8.716981132075471,0.0001433844143688,0.0037518921759849,True,3.843498053141493
79,S,D,10,0.1666666666666666,30,0.0373134328358208,12.935323383084576,5.16,0.0002015529624221,0.0052227655990748,True,3.695610814210824
94,I,I,24,0.4,521,0.6480099502487562,-24.80099502487561,0.3621241202815099,0.0002453974441043,0.0062977478684088,True,3.61012996490631
8,K,L,6,0.1,9,0.0111940298507462,8.880597014925373,9.814814814814817,0.0002680224624815,0.0067486033241827,True,3.571828807004769
109,G,K,6,0.1,9,0.0111940298507462,8.880597014925373,9.814814814814817,0.0002680224624815,0.0067486033241827,True,3.571828807004769
89,N,P,9,0.15,25,0.031094527363184,11.890547263681592,5.498823529411765,0.0002732207545567,0.0068151980739446,True,3.5634863136027604
36,L,L,2,0.0333333333333333,166,0.2064676616915423,-17.313432835820898,0.1325301204819277,0.0002978917874469,0.0072942493641831,True,3.5259414696470808
138,R,S,2,0.0333333333333333,166,0.2064676616915423,-17.313432835820898,0.1325301204819277,0.0002978917874469,0.0072942493641831,True,3.5259414696470808
3,Y,S,6,0.1,10,0.0124378109452736,8.756218905472638,8.822222222222223,0.0004057534246494,0.009845053548995,True,3.3917378059438885
67,F,G,5,0.0833333333333333,6,0.0074626865671641,7.587064676616915,12.090909090909092,0.0004581017186324,0.010916727562768,True,3.339038078904574
152,C,C,5,0.0833333333333333,6,0.0074626865671641,7.587064676616915,12.090909090909092,0.0004581017186324,0.010916727562768,True,3.339038078904574
62,V,L,27,0.45,189,0.2350746268656716,21.492537313432837,2.6623376623376624,0.0005300220685161,0.0125188398307056,True,3.2757060473137822
26,E,A,8,0.1333333333333333,276,0.3432835820895522,-20.99502487562189,0.294314381270903,0.0005410924797497,0.0126682090215095,True,3.26672850196814
73,A,T,7,0.1166666666666666,16,0.0199004975124378,9.676616915422889,6.504716981132075,0.0005583675833989,0.0129589833051456,True,3.253079803063306
36,Q,L,6,0.1,11,0.0136815920398009,8.631840796019901,8.01010101010101,0.0005933321278421,0.0136517538725049,True,3.2267021347794
130,F,P,4,0.0666666666666666,3,0.003731343283582,6.293532338308458,19.071428571428573,0.0006305690724322,0.0142626174095059,True,3.2002673339392
145,I,A,4,0.0666666666666666,3,0.003731343283582,6.293532338308458,19.071428571428573,0.0006305690724322,0.0142626174095059,True,3.2002673339392
29,R,A,1,0.0166666666666666,132,0.1641791044776119,-14.751243781094528,0.086286594761171,0.0006383337593184,0.014316914316142,True,3.194952186593217
103,L,F,20,0.3333333333333333,117,0.1455223880597015,18.78109452736318,2.935897435897436,0.0006733117502902,0.0149755755127066,True,3.1717838063820367
53,P,P,25,0.4166666666666667,520,0.6467661691542289,-23.009950248756223,0.3901098901098901,0.0007365479373655,0.0162466648332937,True,3.132798982350455
106,M,K,7,0.1166666666666666,17,0.0211442786069651,9.55223880597015,6.114317425083241,0.0007456101776231,0.0163117505252144,True,3.1274881724681816
45,R,H,2,0.0333333333333333,153,0.1902985074626865,-15.696517412935323,0.1467207572684246,0.0007753156669585,0.0168237196350607,True,3.1105214400664565
106,L,K,2,0.0333333333333333,158,0.1965174129353233,-16.318407960199004,0.140986468790921,0.0007908143894948,0.0170216419803376,True,3.1019254369539984
136,V,V,29,0.4833333333333333,217,0.2699004975124378,21.34328358208955,2.530548535751449,0.0009145370786329,0.0195271957029702,True,3.0387986819653285
129,D,E,14,0.2333333333333333,361,0.4490049751243781,-21.56716417910448,0.3734794652535228,0.0010809386397329,0.0228970256305332,True,2.9661989583887256
65,S,Q,16,0.2666666666666666,85,0.1057213930348258,16.09452736318408,3.0759358288770056,0.0011468699442105,0.0241023297724244,True,2.940485828580129
50,L,I,10,0.1666666666666666,297,0.3694029850746269,-20.27363184079602,0.3414141414141414,0.0011872259894472,0.024755516920583,True,2.925466604863252
53,A,P,16,0.2666666666666666,87,0.1082089552238805,15.845771144278608,2.996865203761756,0.0012669808548075,0.0262137356703982,True,2.897229947637673
124,F,H,34,0.5666666666666667,286,0.3557213930348258,21.09452736318408,2.368477676169984,0.0013919973165808,0.028578775676571,True,2.856361601934697
106,K,K,9,0.15,33,0.0410447761194029,10.8955223880597,4.122994652406417,0.0014862990802311,0.0302819255353962,True,2.8278937909625768
69,D,D,6,0.1,14,0.017412935323383,8.258706467661693,6.26984126984127,0.0015743272900794,0.0318324207365299,True,2.802904976233922
157,Q,E,12,0.2,57,0.0708955223880597,12.910447761194032,3.276315789473684,0.0016503403998477,0.0329991042315675,True,2.782426468799231
156,L,L,1,0.0166666666666666,118,0.1467661691542288,-13.00995024875622,0.0985349037632864,0.0016567553267253,0.0329991042315675,True,2.7807416244104903
146,R,Q,0,0.0,90,0.1119402985074626,-11.194029850746269,0.0,0.0016788721939645,0.0331919250791962,True,2.7749823637598583
127,V,D,8,0.1333333333333333,27,0.0335820895522388,9.975124378109452,4.427350427350428,0.0017953377978056,0.0352335042819364,True,2.7458538256813267
51,P,G,4,0.0666666666666666,187,0.2325870646766169,-16.592039800995025,0.235676088617265,0.001839507913116,0.0358368366431143,True,2.7352983395995127
22,W,W,58,0.9666666666666668,663,0.8246268656716418,14.20398009950249,6.167420814479638,0.001925215039673,0.0370279801737762,True,2.7155207542970348
68,S,T,15,0.25,81,0.1007462686567164,14.925373134328357,2.9753086419753085,0.0019283961199531,0.0370279801737762,True,2.7148037510142955
154,V,E,3,0.05,165,0.2052238805970149,-15.522388059701491,0.2038277511961722,0.0019585950403703,0.0371232369091778,True,2.708055349565722
39,T,P,3,0.05,163,0.2027363184079602,-15.27363184079602,0.2069744914433322,0.0019611751233398,0.0371232369091778,True,2.707483624229015
80,E,E,11,0.1833333333333333,303,0.376865671641791,-19.35323383084577,0.3711860982016569,0.00211438795155,0.0397415594555433,True,2.6748153246163318
149,Y,H,22,0.3666666666666666,151,0.1878109452736318,17.88557213930348,2.5036598117811084,0.0021477086417543,0.0400855549988979,True,2.668024635384418
140,H,F,8,0.1333333333333333,28,0.0348258706467661,9.850746268656716,4.263736263736264,0.0021829630960757,0.0404606146071266,True,2.660953606162654
105,E,P,11,0.1833333333333333,51,0.0634328358208955,11.99004975124378,3.3145258103241297,0.0022429419675563,0.0412856007683301,True,2.649181962928889
13,C,V,5,0.0833333333333333,10,0.0124378109452736,7.08955223880597,7.218181818181818,0.0023940876784912,0.0434681633598181,True,2.6208599485045143
74,Y,W,5,0.0833333333333333,10,0.0124378109452736,7.08955223880597,7.218181818181818,0.0023940876784912,0.0434681633598181,True,2.6208599485045143
72,C,V,15,0.25,86,0.1069651741293532,14.303482587064677,2.7829457364341086,0.0026421991776756,0.0476488486838938,True,2.57803444693914
149,L,H,0,0.0,83,0.1032338308457711,-10.323383084577117,0.0,0.002724401836308,0.0488015335644714,True,2.564728835665088
23,H,N,15,0.25,362,0.4502487562189055,-20.024875621890548,0.4069981583793738,0.0027578180232537,0.0490707753604289,True,2.559434394470588
140,P,F,0,0.0,88,0.1094527363184079,-10.945273631840797,0.0,0.0028466845712553,0.0503165637131162,False,2.545660652471073
18,L,N,3,0.05,2,0.0024875621890547,4.751243781094527,21.105263157894736,0.00288551584564,0.0506673802106136,False,2.539776536446243
47,F,W,38,0.6333333333333333,348,0.4328358208955223,20.049751243781092,2.2633228840125392,0.0029490454679364,0.0514080709064567,False,2.5303185315100305
51,G,G,43,0.7166666666666667,415,0.5161691542288557,20.0497512437811,2.370942593905032,0.0029662206517775,0.0514080709064567,False,2.527796545726685
114,R,H,2,0.0333333333333333,138,0.1716417910447761,-13.83084577114428,0.1664167916041979,0.0030236899421707,0.0517322336900876,False,2.519462744688065
118,D,E,2,0.0333333333333333,138,0.1716417910447761,-13.83084577114428,0.1664167916041979,0.0030236899421707,0.0517322336900876,False,2.519462744688065
131,S,D,2,0.0333333333333333,139,0.1728855721393034,-13.955223880597014,0.1649714710989828,0.0030688942741791,0.0518410051758493,False,2.5130180730968505
143,A,A,2,0.0333333333333333,139,0.1728855721393034,-13.955223880597014,0.1649714710989828,0.0030688942741791,0.0518410051758493,False,2.5130180730968505
157,A,E,8,0.1333333333333333,30,0.0373134328358208,9.601990049751244,3.969230769230769,0.0031551577680571,0.0529629942323559,False,2.5009789197531065
88,P,V,4,0.0666666666666666,6,0.0074626865671641,5.920398009950248,9.5,0.0032253690214868,0.0534690057040281,False,2.491420589609477
154,H,E,4,0.0666666666666666,6,0.0074626865671641,5.920398009950248,9.5,0.0032253690214868,0.0534690057040281,False,2.491420589609477
6,A,A,29,0.4833333333333333,236,0.2935323383084577,18.98009950248756,2.2515035538545654,0.0033783476257367,0.0556593198338967,False,2.471295664364896
123,V,T,19,0.3166666666666666,128,0.1592039800995024,15.746268656716415,2.4474085365853657,0.0037455045583855,0.0613297648241166,False,2.426489670043917
21,P,P,53,0.8833333333333333,574,0.7139303482587065,16.940298507462682,3.0338476854156298,0.0039623070731549,0.0644841315746983,False,2.402051870289399
10,A,V,9,0.15,39,0.0485074626865671,10.149253731343284,3.4615384615384617,0.0039974656673142,0.0646620355518897,False,2.3982152575529563
16,C,M,6,0.1,18,0.0223880597014925,7.761194029850747,4.851851851851852,0.0043841267616837,0.0704893634152643,False,2.3581168972463438
84,H,A,5,0.0833333333333333,12,0.0149253731343283,6.8407960199004965,6.0,0.0044247692456296,0.0707168210573981,False,2.354109373093348
87,K,D,9,0.15,40,0.0497512437810945,10.024875621890548,3.3705882352941177,0.0046305209505483,0.0729547061465648,False,2.3343701465152518
152,R,C,3,0.05,152,0.1890547263681592,-13.90547263681592,0.2257617728531856,0.00464050931668,0.0729547061465648,False,2.333434351064784
142,S,D,7,0.1166666666666666,25,0.031094527363184,8.55721393034826,4.115471698113208,0.0046467965698448,0.0729547061465648,False,2.3328463399006614
62,L,L,18,0.3,393,0.4888059701492537,-18.880597014925375,0.4482006543075245,0.0048091234739554,0.0746507435976327,False,2.3179340722983937
97,G,G,28,0.4666666666666667,227,0.2823383084577114,18.43283582089552,2.2241189427312777,0.0048107635439463,0.0746507435976327,False,2.317785988780867
73,V,T,14,0.2333333333333333,83,0.1032338308457711,13.00995024875622,2.64379256155055,0.0048417844621353,0.074697819245314,False,2.3149945476057123
111,F,Y,9,0.15,41,0.0509950248756218,9.900497512437813,3.284074605451937,0.0053397550544881,0.0819069324162585,False,2.272478664492793
123,I,T,6,0.1,19,0.0236318407960199,7.636815920398011,4.590643274853801,0.0054592673763723,0.0832616264430726,False,2.262865634904616
75,A,V,5,0.0833333333333333,187,0.2325870646766169,-14.925373134328357,0.2999513855128828,0.0057230587202433,0.0863702623308828,False,2.242371798081331
110,V,L,13,0.2166666666666666,74,0.0920398009950248,12.46268656716418,2.7285796434732603,0.0057278143246782,0.0863702623308828,False,2.2420110687509407
66,P,P,5,0.0833333333333333,185,0.2300995024875622,-14.676616915422883,0.3041769041769042,0.0057874177312052,0.0867787523853189,False,2.2375151694750777
50,F,I,1,0.0166666666666666,104,0.1293532338308457,-11.26865671641791,0.1140808344198174,0.0064378163073797,0.0954585095799814,False,2.19126141936048
142,P,D,1,0.0166666666666666,104,0.1293532338308457,-11.26865671641791,0.1140808344198174,0.0064378163073797,0.0954585095799814,False,2.19126141936048
139,K,E,0,0.0,72,0.0895522388059701,-8.955223880597014,0.0,0.0068780065198285,0.1014220961404558,False,2.162537416835576
117,A,A,6,0.1,203,0.2524875621890547,-15.248756218905472,0.3289545703338807,0.0072375413366941,0.1061373507013008,False,2.140408942815884
73,L,T,12,0.2,65,0.0808457711442786,11.91542288557214,2.8423076923076924,0.007402560161637,0.1068993390305291,False,2.130618054352603
109,I,K,5,0.0833333333333333,14,0.017412935323383,6.592039800995024,5.12987012987013,0.0074591677621931,0.1068993390305291,False,2.1273096251345125
112,M,L,5,0.0833333333333333,14,0.017412935323383,6.592039800995024,5.12987012987013,0.0074591677621931,0.1068993390305291,False,2.1273096251345125
135,P,S,5,0.0833333333333333,14,0.017412935323383,6.592039800995024,5.12987012987013,0.0074591677621931,0.1068993390305291,False,2.1273096251345125
23,K,N,10,0.1666666666666666,52,0.0646766169154228,10.199004975124378,2.892307692307692,0.0074897626072345,0.1068993390305291,False,2.1255319473208214
109,R,K,9,0.15,252,0.3134328358208955,-16.343283582089555,0.3865546218487395,0.0081348779833312,0.1148118138945437,False,2.0896489567484333
38,H,K,9,0.15,253,0.3146766169154228,-16.467661691542286,0.3843292257614508,0.0081643912712292,0.1148118138945437,False,2.088076190278367
148,T,S,6,0.1,21,0.0261194029850746,7.388059701492539,4.142857142857143,0.0081731901985625,0.1148118138945437,False,2.087608394483251
8,I,L,10,0.1666666666666666,53,0.0659203980099502,10.07462686567164,2.8339622641509434,0.0084180101772335,0.1176317757227038,False,2.0747905535329103
72,V,V,28,0.4666666666666667,239,0.2972636815920398,16.940298507462686,2.0685146443514646,0.0087019532438692,0.1209662146244117,False,2.0603832545280327
128,I,Y,24,0.4,195,0.2425373134328358,15.74626865671642,2.082051282051282,0.0089413442744523,0.1236499889560282,False,2.0485971828720357
25,Q,P,3,0.05,4,0.0049751243781094,4.502487562189055,10.526315789473683,0.0091275358448623,0.1236618942636433,False,2.0396464528514886
59,F,N,3,0.05,4,0.0049751243781094,4.502487562189055,10.526315789473683,0.0091275358448623,0.1236618942636433,False,2.0396464528514886
100,L,Y,3,0.05,4,0.0049751243781094,4.502487562189055,10.526315789473683,0.0091275358448623,0.1236618942636433,False,2.0396464528514886
127,M,D,3,0.05,4,0.0049751243781094,4.502487562189055,10.526315789473683,0.0091275358448623,0.1236618942636433,False,2.0396464528514886
77,T,S,12,0.2,70,0.0870646766169154,11.293532338308458,2.6214285714285714,0.0095313596892612,0.1284808030840316,False,2.020845140975295
137,E,F,1,0.0166666666666666,96,0.1194029850746268,-10.27363184079602,0.125,0.0097787064331971,0.1303361192638598,False,2.0097185916419145
3,T,S,1,0.0166666666666666,97,0.1206467661691542,-10.398009950248758,0.1235366066748209,0.0098393512015645,0.1303361192638598,False,2.0070335376326818
127,A,D,1,0.0166666666666666,97,0.1206467661691542,-10.398009950248758,0.1235366066748209,0.0098393512015645,0.1303361192638598,False,2.0070335376326818
116,H,D,22,0.3666666666666666,173,0.2151741293532338,15.149253731343284,2.111651962275632,0.0099556638677481,0.1303361192638598,False,2.0019297748644207
11,D,D,1,0.0166666666666666,98,0.1218905472636815,-10.522388059701491,0.1221030785195434,0.0099619963768555,0.1303361192638598,False,2.0016536205550444
154,E,E,1,0.0166666666666666,98,0.1218905472636815,-10.522388059701491,0.1221030785195434,0.0099619963768555,0.1303361192638598,False,2.0016536205550444
9,G,A,12,0.2,71,0.0883084577114427,11.169154228855724,2.580985915492957,0.0101702307051726,0.132411442693199,False,1.992669195273224
30,H,W,8,0.1333333333333333,231,0.2873134328358209,-15.398009950248756,0.3816183816183816,0.0103232016902551,0.1337506083072383,False,1.9861855875185377
16,R,M,3,0.05,138,0.1716417910447761,-12.164179104477611,0.2540045766590389,0.0105748946895168,0.1363497291126594,False,1.97572394886918
146,Q,Q,8,0.1333333333333333,38,0.0472636815920398,8.606965174129352,3.1012145748987856,0.0107710075394593,0.1382106688596967,False,1.9677436701132205
19,R,A,0,0.0,71,0.0883084577114427,-8.83084577114428,0.0,0.0116424569894861,0.1486780751432471,False,1.93395535779835
85,A,C,13,0.2166666666666666,304,0.3781094527363184,-16.144278606965173,0.4549272116461366,0.0122507368461462,0.1549981723343877,False,1.911837788965459
3,E,S,4,0.0666666666666666,10,0.0124378109452736,5.422885572139304,5.671428571428572,0.0124422768541562,0.1549981723343877,False,1.905100139362532
24,C,L,4,0.0666666666666666,10,0.0124378109452736,5.422885572139304,5.671428571428572,0.0124422768541562,0.1549981723343877,False,1.905100139362532
130,S,P,4,0.0666666666666666,10,0.0124378109452736,5.422885572139304,5.671428571428572,0.0124422768541562,0.1549981723343877,False,1.905100139362532
68,T,T,7,0.1166666666666666,31,0.0385572139303482,7.810945273631842,3.2933657942787584,0.0124858025672137,0.1549981723343877,False,1.903583536667868
130,A,P,7,0.1166666666666666,31,0.0385572139303482,7.810945273631842,3.2933657942787584,0.0124858025672137,0.1549981723343877,False,1.903583536667868
112,V,L,5,0.0833333333333333,175,0.2176616915422885,-13.432835820895525,0.3267532467532467,0.012576494846011,0.1554012256666833,False,1.90044038282948
103,F,F,7,0.1166666666666666,207,0.2574626865671642,-14.079601990049753,0.3809133169264424,0.0129177201276933,0.1588820047042098,False,1.8888141290137324
66,A,P,11,0.1833333333333333,63,0.0783582089552238,10.497512437810943,2.640427599611273,0.0132285084426678,0.1613743354936686,False,1.8784891211667556
92,Y,M,14,0.2333333333333333,93,0.1156716417910447,11.766169154228855,2.326788218793829,0.0132861174546681,0.1613743354936686,False,1.876601912538096
102,Q,Q,10,0.1666666666666666,260,0.3233830845771144,-15.67164179104478,0.4184615384615384,0.0133760622434366,0.1613743354936686,False,1.873671718978162
57,T,R,2,0.0333333333333333,1,0.0012437810945273,3.2089552238805967,27.689655172413797,0.013604056008271,0.1613743354936686,False,1.8663315887333625
67,M,G,2,0.0333333333333333,1,0.0012437810945273,3.2089552238805967,27.689655172413797,0.013604056008271,0.1613743354936686,False,1.8663315887333625
121,L,G,2,0.0333333333333333,1,0.0012437810945273,3.2089552238805967,27.689655172413797,0.013604056008271,0.1613743354936686,False,1.8663315887333625
133,V,W,2,0.0333333333333333,1,0.0012437810945273,3.2089552238805967,27.689655172413797,0.013604056008271,0.1613743354936686,False,1.8663315887333625
138,G,S,2,0.0333333333333333,1,0.0012437810945273,3.2089552238805967,27.689655172413797,0.013604056008271,0.1613743354936686,False,1.8663315887333625
60,W,I,3,0.05,5,0.0062189054726368,4.378109452736319,8.410526315789474,0.0138866304198524,0.163274962954124,False,1.8574031226997705
81,C,A,3,0.05,5,0.0062189054726368,4.378109452736319,8.410526315789474,0.0138866304198524,0.163274962954124,False,1.8574031226997705
147,A,N,5,0.0833333333333333,17,0.0211442786069651,6.218905472636815,4.208556149732621,0.0143598462420538,0.1680983755264982,False,1.8428502102737383
58,T,K,4,0.0666666666666666,151,0.1878109452736318,-12.114427860696518,0.3088930936613056,0.0144941856633635,0.168195571893553,False,1.83880617988418
73,E,T,4,0.0666666666666666,151,0.1878109452736318,-12.114427860696518,0.3088930936613056,0.0144941856633635,0.168195571893553,False,1.83880617988418
148,P,S,1,0.0166666666666666,91,0.11318407960199,-9.65174129353234,0.1327994039858446,0.0151124501581021,0.1741986427311967,False,1.8206651184618177
99,I,V,42,0.7,430,0.5348258706467661,16.517412935323385,2.029457364341085,0.0151420326390549,0.1741986427311967,False,1.8198158220174323
71,G,R,24,0.4,454,0.5646766169154229,-16.46766169154229,0.5139500734214391,0.015242157977958,0.1745979383827045,False,1.8169535414234452
69,E,D,4,0.0666666666666666,11,0.0136815920398009,5.298507462686567,5.14935064935065,0.0160961638271252,0.183592569464091,False,1.7932776163424566
7,A,A,58,0.9666666666666668,691,0.8594527363184079,10.721393034825876,4.742402315484805,0.0163560340192029,0.1857627863712883,False,1.7863219948200268
94,V,I,0,0.0,61,0.0758706467661691,-7.587064676616915,0.0,0.0171417759025803,0.1930438813670336,False,1.765944186803846
110,A,L,0,0.0,61,0.0758706467661691,-7.587064676616915,0.0,0.0171417759025803,0.1930438813670336,False,1.765944186803846
64,H,S,0,0.0,60,0.0746268656716417,-7.462686567164178,0.0,0.01721910586709,0.1930999729380807,False,1.763989403815625
125,A,F,0,0.0,63,0.0783582089552238,-7.835820895522389,0.0,0.0174051342500013,0.1943694699299317,False,1.7593226225486134
107,V,A,19,0.3166666666666666,149,0.1853233830845771,13.134328358208954,2.0371582910459978,0.0176238656052623,0.1959920720851886,False,1.753898827654582
3,I,S,0,0.0,65,0.0808457711442786,-8.084577114427862,0.0,0.0182314121765569,0.2010728888397956,False,1.7391796902735537
152,D,C,0,0.0,65,0.0808457711442786,-8.084577114427862,0.0,0.0182314121765569,0.2010728888397956,False,1.7391796902735537
55,P,P,53,0.8833333333333333,599,0.7450248756218906,13.830845771144274,2.591223467684236,0.0185944491576944,0.2042328592670223,False,1.7306166826622078
39,I,P,7,0.1166666666666666,34,0.0422885572139303,7.437810945273632,2.991120976692564,0.0188336145876971,0.2060119562891957,False,1.7250663212556483
21,M,P,3,0.05,6,0.0074626865671641,4.253731343283582,7.0,0.0198095534189444,0.215802849286378,False,1.7031253149649512
5,I,I,33,0.55,562,0.6990049751243781,-14.900497512437806,0.5262949782522737,0.0203889443874518,0.2212117584150773,False,1.690605258703088
94,A,I,10,0.1666666666666666,58,0.072139303482587,9.45273631840796,2.5724137931034483,0.0205534605257943,0.2220938710256889,False,1.6871150467450158
138,I,S,5,0.0833333333333333,19,0.0236318407960199,5.970149253731343,3.7559808612440193,0.0208044561496547,0.2238995704170509,False,1.6818436326367645
118,T,E,13,0.2166666666666666,89,0.1106965174129353,10.597014925373136,2.2220894095147026,0.0212129264403085,0.2273787175469214,False,1.6733994140290678
84,E,A,7,0.1166666666666666,35,0.0435323383084577,7.313432835820896,2.90188679245283,0.0213821350629175,0.2276636797735721,False,1.6699489315057212
41,V,I,28,0.4666666666666667,253,0.3146766169154228,15.19900497512438,1.9056324110671936,0.021495409255504,0.2276636797735721,False,1.6676542818465754
79,E,D,28,0.4666666666666667,253,0.3146766169154228,15.19900497512438,1.9056324110671936,0.021495409255504,0.2276636797735721,False,1.6676542818465754
74,V,W,37,0.6166666666666667,371,0.4614427860696517,15.522388059701498,1.877534278682761,0.0225982398520087,0.2369080790141188,False,1.6459253861768952
93,V,V,37,0.6166666666666667,371,0.4614427860696517,15.522388059701498,1.877534278682761,0.0225982398520087,0.2369080790141188,False,1.6459253861768952
67,D,G,6,0.1,185,0.2300995024875622,-13.00995024875622,0.3717717717717718,0.0226345298421132,0.2369080790141188,False,1.6452285221140115
111,L,Y,1,0.0166666666666666,82,0.1019900497512437,-8.532338308457712,0.1492352211657709,0.0229800127397736,0.2384530285508529,False,1.6386497348813336
130,P,P,1,0.0166666666666666,82,0.1019900497512437,-8.532338308457712,0.1492352211657709,0.0229800127397736,0.2384530285508529,False,1.6386497348813336
10,K,V,15,0.25,111,0.1380597014925373,11.194029850746269,2.081081081081081,0.0230809849093786,0.2384530285508529,False,1.636745662952097
17,D,E,12,0.2,276,0.3432835820895522,-14.328358208955224,0.4782608695652174,0.0231395033325855,0.2384530285508529,False,1.6356459670019143
21,L,P,3,0.05,129,0.1604477611940298,-11.044776119402984,0.2753977968176254,0.0236262350888367,0.2425323902004051,False,1.6266054789776003
154,L,E,1,0.0166666666666666,87,0.1082089552238805,-9.154228855721392,0.1396843950905903,0.0237304403283097,0.2426687556944779,False,1.624694203190965
92,W,M,2,0.0333333333333333,107,0.1330845771144278,-9.975124378109454,0.2246213341927167,0.0244520801476144,0.2490939004350499,False,1.6116841893745826
94,F,I,4,0.0666666666666666,13,0.0161691542288557,5.049751243781095,4.346153846153846,0.0252661030182101,0.2536956975535345,False,1.5974617374310711
11,Q,D,6,0.1,28,0.0348258706467661,6.517412935323383,3.0793650793650795,0.0252840223114425,0.2536956975535345,False,1.5971538351085486
117,V,A,6,0.1,28,0.0348258706467661,6.517412935323383,3.0793650793650795,0.0252840223114425,0.2536956975535345,False,1.5971538351085486
154,K,E,6,0.1,28,0.0348258706467661,6.517412935323383,3.0793650793650795,0.0252840223114425,0.2536956975535345,False,1.5971538351085486
83,Y,A,2,0.0333333333333333,2,0.0024875621890547,3.084577114427861,13.827586206896552,0.0259937664113122,0.2569531946362683,False,1.5851307880966132
99,A,V,2,0.0333333333333333,2,0.0024875621890547,3.084577114427861,13.827586206896552,0.0259937664113122,0.2569531946362683,False,1.5851307880966132
122,H,D,2,0.0333333333333333,2,0.0024875621890547,3.084577114427861,13.827586206896552,0.0259937664113122,0.2569531946362683,False,1.5851307880966132
156,T,L,2,0.0333333333333333,2,0.0024875621890547,3.084577114427861,13.827586206896552,0.0259937664113122,0.2569531946362683,False,1.5851307880966132
47,W,W,5,0.0833333333333333,162,0.2014925373134328,-11.81592039800995,0.3602693602693603,0.0264136059806254,0.2582321869873027,False,1.5781723049428793
72,A,V,7,0.1166666666666666,198,0.2462686567164179,-12.960199004975124,0.4042309891366495,0.0264408486013246,0.2582321869873027,False,1.577724610572233
29,A,A,5,0.0833333333333333,163,0.2027363184079602,-11.940298507462686,0.3575013943112102,0.0265264458462643,0.2582321869873027,False,1.576320935195095
6,S,A,3,0.05,7,0.0087064676616915,4.129353233830846,5.992481203007519,0.0269170610178547,0.2582321869873027,False,1.5699723609936604
88,K,V,3,0.05,7,0.0087064676616915,4.129353233830846,5.992481203007519,0.0269170610178547,0.2582321869873027,False,1.5699723609936604
132,F,D,3,0.05,7,0.0087064676616915,4.129353233830846,5.992481203007519,0.0269170610178547,0.2582321869873027,False,1.5699723609936604
74,L,W,0,0.0,55,0.0684079601990049,-6.8407960199004965,0.0,0.0269381915776387,0.2582321869873027,False,1.569631562815493
15,G,G,60,1.0,748,0.9303482587064676,6.965174129353235,inf,0.026997203720854,0.2582321869873027,False,1.5686812162666774
148,D,S,0,0.0,56,0.0696517412935323,-6.965174129353234,0.0,0.026997203720854,0.2582321869873027,False,1.5686812162666774
138,K,S,0,0.0,54,0.0671641791044776,-6.7164179104477615,0.0,0.0270906752927856,0.2582321869873027,False,1.5671801691168812
159,V,R,0,0.0,57,0.0708955223880597,-7.08955223880597,0.0,0.0272672957805817,0.2589907915956321,False,1.5643579308447984
11,N,D,44,0.7333333333333333,470,0.5845771144278606,14.875621890547263,1.954255319148936,0.0285204383781944,0.2699328015297907,False,1.5448438033724985
117,Q,A,6,0.1,29,0.0360696517412935,6.393034825870647,2.969348659003832,0.028889327088112,0.2724579999935376,False,1.5392625739510009
46,T,T,50,0.8333333333333334,740,0.9203980099502488,-8.70646766169154,0.4324324324324324,0.0293313828769446,0.2756530313329764,False,1.5326674609993858
90,E,E,17,0.2833333333333333,345,0.4291044776119403,-14.5771144278607,0.5259858442871588,0.0298543278765353,0.2795831617630628,False,1.52499270183265
20,L,M,25,0.4166666666666667,456,0.5671641791044776,-15.04975124378109,0.5451127819548872,0.0304740157908999,0.2843886298808111,False,1.516070311746775
9,S,A,17,0.2833333333333333,131,0.1629353233830845,12.039800995024876,2.0310669270371027,0.0310560357597051,0.2888103116468748,False,1.507853981883788
36,M,L,6,0.1,175,0.2176616915422885,-11.766169154228855,0.3993650793650793,0.0317718245155427,0.2944409709443878,False,1.4979578448429631
82,F,I,6,0.1,30,0.0373134328358208,6.268656716417912,2.8666666666666667,0.0328215302271213,0.3031164850387088,False,1.483841174845917
90,D,E,3,0.05,122,0.1517412935323383,-10.17412935323383,0.2942191544434858,0.0341885173931078,0.3135709722412538,False,1.466119732252636
119,Y,V,3,0.05,122,0.1517412935323383,-10.17412935323383,0.2942191544434858,0.0341885173931078,0.3135709722412538,False,1.466119732252636
128,V,Y,9,0.15,55,0.0684079601990049,8.159203980099502,2.4032085561497327,0.0351223603298004,0.3207214295161656,False,1.454416305870638
69,H,D,3,0.05,8,0.0099502487562189,4.00497512437811,5.2368421052631575,0.035208459665881,0.3207214295161656,False,1.4533529744538447
3,A,S,2,0.0333333333333333,98,0.1218905472636815,-8.855721393034827,0.2484166080225193,0.0357688095420591,0.3228098785486675,False,1.4464955138045696
145,S,A,1,0.0166666666666666,81,0.1007462686567164,-8.407960199004975,0.1512868801004394,0.0358784635972599,0.3228098785486675,False,1.4451661627717145
33,Q,R,2,0.0333333333333333,97,0.1206467661691542,-8.73134328358209,0.2513330963384287,0.0359209556661425,0.3228098785486675,False,1.444652117577919
107,C,A,2,0.0333333333333333,100,0.1243781094527363,-9.1044776119403,0.2427586206896551,0.0359215188943253,0.3228098785486675,False,1.4446453080437724
53,I,P,4,0.0666666666666666,15,0.0186567164179104,4.800995024875622,3.757142857142857,0.0370585141844318,0.3288824180986495,False,1.4311119971714144
53,K,P,4,0.0666666666666666,15,0.0186567164179104,4.800995024875622,3.757142857142857,0.0370585141844318,0.3288824180986495,False,1.4311119971714144
70,N,D,4,0.0666666666666666,15,0.0186567164179104,4.800995024875622,3.757142857142857,0.0370585141844318,0.3288824180986495,False,1.4311119971714144
68,D,T,6,0.1,31,0.0385572139303482,6.144278606965175,2.770609318996416,0.0370901490624554,0.3288824180986495,False,1.430741421271774
65,D,Q,7,0.1166666666666666,186,0.2313432835820895,-11.467661691542288,0.4388314059646987,0.0375737660469474,0.3310217350071032,False,1.4251152730910537
129,N,E,11,0.1833333333333333,73,0.0907960199004975,9.25373134328358,2.2479731618674865,0.037622666891815,0.3310217350071032,False,1.4245504226254089
40,I,V,10,0.1666666666666666,240,0.2985074626865671,-13.184079601990048,0.47,0.0377034872394752,0.3310217350071032,False,1.423618479533714
76,S,K,13,0.2166666666666666,96,0.1194029850746268,9.72636815920398,2.0398936170212765,0.041237384803087,0.354149496981769,False,1.3847088846494735
152,S,C,13,0.2166666666666666,96,0.1194029850746268,9.72636815920398,2.0398936170212765,0.041237384803087,0.354149496981769,False,1.3847088846494735
75,P,V,2,0.0333333333333333,3,0.003731343283582,2.960199004975124,9.20689655172414,0.0413992667884271,0.354149496981769,False,1.38300735048683
77,H,S,2,0.0333333333333333,3,0.003731343283582,2.960199004975124,9.20689655172414,0.0413992667884271,0.354149496981769,False,1.38300735048683
92,H,M,2,0.0333333333333333,3,0.003731343283582,2.960199004975124,9.20689655172414,0.0413992667884271,0.354149496981769,False,1.38300735048683
101,V,E,2,0.0333333333333333,3,0.003731343283582,2.960199004975124,9.20689655172414,0.0413992667884271,0.354149496981769,False,1.38300735048683
102,N,Q,2,0.0333333333333333,3,0.003731343283582,2.960199004975124,9.20689655172414,0.0413992667884271,0.354149496981769,False,1.38300735048683
107,M,A,2,0.0333333333333333,3,0.003731343283582,2.960199004975124,9.20689655172414,0.0413992667884271,0.354149496981769,False,1.38300735048683
157,E,E,8,0.1333333333333333,203,0.2524875621890547,-11.915422885572138,0.4554755589238348,0.0421558681060484,0.3578475907847274,False,1.375141962944508
94,C,I,0,0.0,49,0.0609452736318407,-6.09452736318408,0.0,0.0421990045942539,0.3578475907847274,False,1.3746977932165567
33,S,R,0,0.0,50,0.0621890547263681,-6.218905472636816,0.0,0.0422337920933642,0.3578475907847274,False,1.374339922333431
4,F,L,0,0.0,51,0.0634328358208955,-6.343283582089552,0.0,0.0425851770657522,0.3585483835599137,False,1.370741542653069
36,S,L,0,0.0,51,0.0634328358208955,-6.343283582089552,0.0,0.0425851770657522,0.3585483835599137,False,1.370741542653069
81,A,A,41,0.6833333333333333,438,0.5447761194029851,13.855721393034823,1.803172314347513,0.0431036211906394,0.3617722168484799,False,1.3654862426687338
89,D,P,18,0.3,153,0.1902985074626865,10.970149253731345,1.8235294117647056,0.0446460435628082,0.3723925108556637,False,1.350217021321288
4,H,L,3,0.05,9,0.0111940298507462,3.8805970149253737,4.649122807017544,0.0446652118558143,0.3723925108556637,False,1.3500306017268289
128,F,Y,6,0.1,170,0.2114427860696517,-11.144278606965177,0.4143790849673203,0.0447875593797932,0.3723925108556637,False,1.348842603033493
41,L,I,19,0.3166666666666666,160,0.1990049751243781,11.766169154228852,1.8652439024390244,0.0457372930496669,0.3791081836942893,False,1.3397295425797495
71,D,R,9,0.15,60,0.0746268656716417,7.537313432835821,2.1882352941176477,0.047323381449639,0.3910405730312283,False,1.3249242308139495
140,T,F,8,0.1333333333333333,48,0.0597014925373134,7.363184079601989,2.423076923076923,0.0490279657219755,0.4038754336788667,False,1.309556126212298
13,E,V,5,0.0833333333333333,25,0.031094527363184,5.223880597014925,2.8327272727272725,0.0505270682776583,0.4136709976474547,False,1.2964759000157362
120,G,E,5,0.0833333333333333,25,0.031094527363184,5.223880597014925,2.8327272727272725,0.0505270682776583,0.4136709976474547,False,1.2964759000157362
6,L,A,4,0.0666666666666666,17,0.0211442786069651,4.552238805970149,3.30672268907563,0.0515573443890357,0.4190007370095656,False,1.2877094603428747
80,N,E,4,0.0666666666666666,17,0.0211442786069651,4.552238805970149,3.30672268907563,0.0515573443890357,0.4190007370095656,False,1.2877094603428747
99,V,V,7,0.1166666666666666,184,0.2288557213930348,-11.218905472636816,0.4450369155045119,0.0516490230334009,0.4190007370095656,False,1.286937888959768
79,A,D,1,0.0166666666666666,73,0.0907960199004975,-7.412935323383085,0.1697237055955421,0.0523825089499765,0.423663382992386,False,1.28081370413463
8,Q,L,2,0.0333333333333333,94,0.1169154228855721,-8.358208955223882,0.260454878943507,0.0527115875067314,0.4246478320481582,False,1.2780939040083137
72,I,V,1,0.0166666666666666,74,0.0920398009950248,-7.537313432835821,0.1672010994044892,0.052981539180231,0.4246478320481582,False,1.275875429055565
111,V,Y,1,0.0166666666666666,74,0.0920398009950248,-7.537313432835821,0.1672010994044892,0.052981539180231,0.4246478320481582,False,1.275875429055565
69,T,D,3,0.05,10,0.0124378109452736,3.756218905472637,4.178947368421053,0.0552541104346833,0.4389083950897914,False,1.2576354086347068
84,N,A,3,0.05,10,0.0124378109452736,3.756218905472637,4.178947368421053,0.0552541104346833,0.4389083950897914,False,1.2576354086347068
106,S,K,3,0.05,10,0.0124378109452736,3.756218905472637,4.178947368421053,0.0552541104346833,0.4389083950897914,False,1.2576354086347068
106,H,K,8,0.1333333333333333,51,0.0634328358208955,6.990049751243781,2.271493212669683,0.0566037881060014,0.4482952832490146,False,1.2471545034675129
80,D,E,14,0.2333333333333333,112,0.1393034825870646,9.402985074626866,1.880434782608696,0.0568247308100374,0.4487136287928699,False,1.2454626129367743
145,V,A,5,0.0833333333333333,26,0.0323383084577114,5.099502487562189,2.7202797202797204,0.0571059135133063,0.4496037851534354,False,1.2433189167415473
118,N,E,6,0.1,35,0.0435323383084577,5.646766169154229,2.441269841269841,0.0576749544230004,0.4514206843254787,False,1.2390127400031796
133,Y,W,6,0.1,35,0.0435323383084577,5.646766169154229,2.441269841269841,0.0576749544230004,0.4514206843254787,False,1.2390127400031796
13,V,V,33,0.55,337,0.4191542288557214,13.084577114427864,1.693702604681833,0.0578923812585608,0.4517975601728035,False,1.2373785864466065
135,L,S,8,0.1333333333333333,197,0.2450248756218905,-11.16915422885572,0.4740335806325654,0.0581090849668034,0.452166611592998,False,1.2357559632636337
49,S,S,52,0.8666666666666667,610,0.7587064676616916,10.79601990049751,2.0672131147540984,0.0585055446425477,0.4539281937527908,False,1.2328029733442452
123,T,T,20,0.3333333333333333,375,0.4664179104477612,-13.30845771144279,0.572,0.0592707002277673,0.4552325461785373,False,1.2271599419484451
32,T,K,2,0.0333333333333333,4,0.0049751243781094,2.8358208955223883,6.896551724137931,0.0593559108543016,0.4552325461785373,False,1.226536026101393
115,M,I,2,0.0333333333333333,4,0.0049751243781094,2.8358208955223883,6.896551724137931,0.0593559108543016,0.4552325461785373,False,1.226536026101393
130,Y,P,2,0.0333333333333333,4,0.0049751243781094,2.8358208955223883,6.896551724137931,0.0593559108543016,0.4552325461785373,False,1.226536026101393
140,F,F,4,0.0666666666666666,18,0.0223880597014925,4.427860696517413,3.119047619047619,0.059823455088365,0.4571819065087113,False,1.2231285080135046
9,D,A,12,0.2,258,0.3208955223880597,-12.089552238805968,0.5290697674418605,0.0599526666459531,0.4571819065087113,False,1.2221914950694466
1,M,M,6,0.1,165,0.2052238805970149,-10.522388059701491,0.4303030303030303,0.0627517622703768,0.4758081065330566,False,1.2023740732962702
30,R,W,6,0.1,165,0.2052238805970149,-10.522388059701491,0.4303030303030303,0.0627517622703768,0.4758081065330566,False,1.2023740732962702
105,A,P,6,0.1,36,0.044776119402985,5.522388059701493,2.3703703703703702,0.0637237576496809,0.4814213564213564,False,1.1956986227264483
34,K,N,0,0.0,43,0.0534825870646766,-5.348258706467662,0.0,0.0659321110368445,0.4814213564213564,False,1.180903018644662
137,K,F,0,0.0,45,0.0559701492537313,-5.597014925373134,0.0,0.0663457866351823,0.4814213564213564,False,1.1781866522900115
144,G,D,0,0.0,45,0.0559701492537313,-5.597014925373134,0.0,0.0663457866351823,0.4814213564213564,False,1.1781866522900115
146,A,Q,0,0.0,45,0.0559701492537313,-5.597014925373134,0.0,0.0663457866351823,0.4814213564213564,False,1.1781866522900115
119,P,V,10,0.1666666666666666,73,0.0907960199004975,7.587064676616914,2.0027397260273974,0.0668337457033204,0.4814213564213564,False,1.1750041981207069
23,T,N,3,0.05,11,0.0136815920398009,3.6318407960199006,3.7942583732057416,0.0669300650475544,0.4814213564213564,False,1.1743787529170102
28,W,L,3,0.05,11,0.0136815920398009,3.6318407960199006,3.7942583732057416,0.0669300650475544,0.4814213564213564,False,1.1743787529170102
125,V,F,3,0.05,11,0.0136815920398009,3.6318407960199006,3.7942583732057416,0.0669300650475544,0.4814213564213564,False,1.1743787529170102
117,K,A,8,0.1333333333333333,54,0.0671641791044776,6.616915422885572,2.1367521367521367,0.0669368403205465,0.4814213564213564,False,1.1743347918846958
93,L,V,0,0.0,47,0.058457711442786,-5.845771144278607,0.0,0.0686134467791184,0.4814213564213564,False,1.163590763452306
120,K,E,0,0.0,47,0.058457711442786,-5.845771144278607,0.0,0.0686134467791184,0.4814213564213564,False,1.163590763452306
1,Y,M,1,0.0166666666666666,0,0.0,1.6666666666666667,inf,0.0694444444444444,0.4814213564213564,False,1.1583624920952496
9,H,A,1,0.0166666666666666,0,0.0,1.6666666666666667,inf,0.0694444444444444,0.4814213564213564,False,1.1583624920952496
12,C,R,1,0.0166666666666666,0,0.0,1.6666666666666667,inf,0.0694444444444444,0.4814213564213564,False,1.1583624920952496
37,P,N,1,0.0166666666666666,0,0.0,1.6666666666666667,inf,0.0694444444444444,0.4814213564213564,False,1.1583624920952496
43,A,G,1,0.0166666666666666,0,0.0,1.6666666666666667,inf,0.0694444444444444,0.4814213564213564,False,1.1583624920952496
60,S,I,1,0.0166666666666666,0,0.0,1.6666666666666667,inf,0.0694444444444444,0.4814213564213564,False,1.1583624920952496
69,M,D,1,0.0166666666666666,0,0.0,1.6666666666666667,inf,0.0694444444444444,0.4814213564213564,False,1.1583624920952496
81,P,A,1,0.0166666666666666,0,0.0,1.6666666666666667,inf,0.0694444444444444,0.4814213564213564,False,1.1583624920952496
92,N,M,1,0.0166666666666666,0,0.0,1.6666666666666667,inf,0.0694444444444444,0.4814213564213564,False,1.1583624920952496
95,R,G,1,0.0166666666666666,0,0.0,1.6666666666666667,inf,0.0694444444444444,0.4814213564213564,False,1.1583624920952496
101,I,E,1,0.0166666666666666,0,0.0,1.6666666666666667,inf,0.0694444444444444,0.4814213564213564,False,1.1583624920952496
101,Y,E,1,0.0166666666666666,0,0.0,1.6666666666666667,inf,0.0694444444444444,0.4814213564213564,False,1.1583624920952496
116,V,D,1,0.0166666666666666,0,0.0,1.6666666666666667,inf,0.0694444444444444,0.4814213564213564,False,1.1583624920952496
128,Q,Y,1,0.0166666666666666,0,0.0,1.6666666666666667,inf,0.0694444444444444,0.4814213564213564,False,1.1583624920952496
129,M,E,1,0.0166666666666666,0,0.0,1.6666666666666667,inf,0.0694444444444444,0.4814213564213564,False,1.1583624920952496
130,I,P,1,0.0166666666666666,0,0.0,1.6666666666666667,inf,0.0694444444444444,0.4814213564213564,False,1.1583624920952496
142,C,D,1,0.0166666666666666,0,0.0,1.6666666666666667,inf,0.0694444444444444,0.4814213564213564,False,1.1583624920952496
147,M,N,1,0.0166666666666666,0,0.0,1.6666666666666667,inf,0.0694444444444444,0.4814213564213564,False,1.1583624920952496
157,W,E,1,0.0166666666666666,0,0.0,1.6666666666666667,inf,0.0694444444444444,0.4814213564213564,False,1.1583624920952496
158,Y,R,1,0.0166666666666666,0,0.0,1.6666666666666667,inf,0.0694444444444444,0.4814213564213564,False,1.1583624920952496
159,W,R,1,0.0166666666666666,0,0.0,1.6666666666666667,inf,0.0694444444444444,0.4814213564213564,False,1.1583624920952496
150,A,S,3,0.05,108,0.1343283582089552,-8.432835820895521,0.3391812865497076,0.0699138528871678,0.4819613912231224,False,1.155436763648007
136,I,V,3,0.05,109,0.1355721393034825,-8.557213930348258,0.3355866731047803,0.0702960924295933,0.4819613912231224,False,1.1530688155695248
52,G,R,0,0.0,48,0.0597014925373134,-5.970149253731343,0.0,0.0704252313889163,0.4819613912231224,False,1.152271717423276
76,G,K,0,0.0,48,0.0597014925373134,-5.970149253731343,0.0,0.0704252313889163,0.4819613912231224,False,1.152271717423276
76,R,K,0,0.0,48,0.0597014925373134,-5.970149253731343,0.0,0.0704252313889163,0.4819613912231224,False,1.152271717423276
101,R,E,7,0.1166666666666666,175,0.2176616915422885,-10.099502487562187,0.4747169811320754,0.0709432816845253,0.4842650097595857,False,1.1490887258652542
79,D,D,7,0.1166666666666666,178,0.2213930348258706,-10.472636815920398,0.4644901420394318,0.0711571272260214,0.4844856443016611,False,1.1477815936835474
52,R,R,16,0.2666666666666666,314,0.390547263681592,-12.388059701492535,0.567458019687319,0.0725520506817642,0.4927262678616507,False,1.1393503077308926
70,E,D,23,0.3833333333333333,218,0.2711442786069651,11.21890547263682,1.6709645425241757,0.0728605493243458,0.493565497834211,False,1.1375075587648025
97,A,G,16,0.2666666666666666,310,0.3855721393034826,-11.890547263681594,0.5794721407624633,0.0731760166026929,0.4944475653483229,False,1.1356312353871938
78,V,V,5,0.0833333333333333,140,0.1741293532338308,-9.079601990049753,0.4311688311688311,0.0739954241564886,0.4974654586238492,False,1.1307951360126929
120,D,E,5,0.0833333333333333,140,0.1741293532338308,-9.079601990049753,0.4311688311688311,0.0739954241564886,0.4974654586238492,False,1.1307951360126929
83,N,A,7,0.1166666666666666,43,0.0534825870646766,6.318407960199004,2.3374286967968407,0.0753722391208709,0.505448508074383,False,1.1227885827328
145,E,A,11,0.1833333333333333,235,0.2922885572139303,-10.8955223880597,0.5435518888406426,0.0760610371670006,0.5064195483905153,False,1.1188377568519394
139,E,E,11,0.1833333333333333,234,0.291044776119403,-10.771144278606966,0.5468341182626897,0.0764929050337318,0.5064195483905153,False,1.1163788452071102
155,R,I,1,0.0166666666666666,66,0.0820895522388059,-6.542288557213931,0.1895223420647149,0.0775968173612115,0.5064195483905153,False,1.1101560909945032
81,L,A,1,0.0166666666666666,67,0.0833333333333333,-6.666666666666667,0.1864406779661017,0.0781043886086879,0.5064195483905153,False,1.1073245628577992
144,E,D,1,0.0166666666666666,67,0.0833333333333333,-6.666666666666667,0.1864406779661017,0.0781043886086879,0.5064195483905153,False,1.1073245628577992
86,R,G,2,0.0333333333333333,90,0.1119402985074626,-7.860696517412935,0.2735632183908046,0.0782610571796774,0.5064195483905153,False,1.1064542897831633
118,S,E,2,0.0333333333333333,90,0.1119402985074626,-7.860696517412935,0.2735632183908046,0.0782610571796774,0.5064195483905153,False,1.1064542897831633
132,Q,D,2,0.0333333333333333,90,0.1119402985074626,-7.860696517412935,0.2735632183908046,0.0782610571796774,0.5064195483905153,False,1.1064542897831633
64,N,S,4,0.0666666666666666,20,0.0248756218905472,4.179104477611941,2.8,0.078348914049464,0.5064195483905153,False,1.1059670186669142
140,Q,F,4,0.0666666666666666,20,0.0248756218905472,4.179104477611941,2.8,0.078348914049464,0.5064195483905153,False,1.1059670186669142
92,F,M,19,0.3166666666666666,353,0.4390547263681592,-12.238805970149258,0.5920679886685553,0.0784501827529188,0.5064195483905153,False,1.105406040369055
2,V,I,13,0.2166666666666666,106,0.1318407960199005,8.482587064676617,1.8213568847852268,0.0788527118223901,0.5064195483905153,False,1.1031833662634476
74,Q,W,2,0.0333333333333333,5,0.0062189054726368,2.711442786069652,5.510344827586207,0.0794472608580773,0.5064195483905153,False,1.0999210715809449
127,I,D,2,0.0333333333333333,5,0.0062189054726368,2.711442786069652,5.510344827586207,0.0794472608580773,0.5064195483905153,False,1.0999210715809449
133,K,W,2,0.0333333333333333,5,0.0062189054726368,2.711442786069652,5.510344827586207,0.0794472608580773,0.5064195483905153,False,1.0999210715809449
136,F,V,2,0.0333333333333333,5,0.0062189054726368,2.711442786069652,5.510344827586207,0.0794472608580773,0.5064195483905153,False,1.0999210715809449
152,F,C,2,0.0333333333333333,5,0.0062189054726368,2.711442786069652,5.510344827586207,0.0794472608580773,0.5064195483905153,False,1.0999210715809449
31,V,F,3,0.05,12,0.0149253731343283,3.5074626865671643,3.473684210526316,0.0796385403526617,0.5064195483905153,False,1.098876708496384
40,C,V,3,0.05,12,0.0149253731343283,3.5074626865671643,3.473684210526316,0.0796385403526617,0.5064195483905153,False,1.098876708496384
44,A,R,3,0.05,12,0.0149253731343283,3.5074626865671643,3.473684210526316,0.0796385403526617,0.5064195483905153,False,1.098876708496384
142,I,D,3,0.05,12,0.0149253731343283,3.5074626865671643,3.473684210526316,0.0796385403526617,0.5064195483905153,False,1.098876708496384
155,K,I,5,0.0833333333333333,29,0.0360696517412935,4.72636815920398,2.4294670846394983,0.0796913489411826,0.5064195483905153,False,1.0985888217786668
91,V,I,24,0.4,235,0.2922885572139303,10.77114427860697,1.614184397163121,0.081570044223664,0.5171269549476467,False,1.088469302237547
30,Y,W,4,0.0666666666666666,120,0.1492537313432835,-8.25870646766169,0.4071428571428571,0.0862957320761114,0.5457898315429893,False,1.0640106826350608
13,A,V,4,0.0666666666666666,124,0.154228855721393,-8.756218905472636,0.391705069124424,0.0872463296778055,0.5497314773973704,False,1.0592528341017795
155,T,I,9,0.15,201,0.25,-10.0,0.5294117647058824,0.0873308903771019,0.5497314773973704,False,1.0588321119943842
138,A,S,5,0.0833333333333333,30,0.0373134328358208,4.601990049751244,2.345454545454545,0.088158352583361,0.5534014471325731,False,1.0547365340848558
110,M,L,9,0.15,65,0.0808457711442786,6.915422885572138,2.0063348416289597,0.088328593659976,0.5534014471325731,False,1.0538986842078837
84,Q,A,4,0.0666666666666666,21,0.0261194029850746,4.054726368159204,2.663265306122449,0.0885790398983189,0.5536708606290711,False,1.0526690313116107
106,Q,K,7,0.1166666666666666,47,0.058457711442786,5.82089552238806,2.127258129265355,0.09038031732783,0.5636099695046224,False,1.0439261381820286
155,V,I,14,0.2333333333333333,119,0.1480099502487562,8.532338308457712,1.751918158567775,0.0932275434234293,0.5800100545387714,False,1.0304557594314698
106,Y,K,7,0.1166666666666666,168,0.208955223880597,-9.228855721393034,0.5,0.0964093170078137,0.5984103885903603,False,1.0158809937988662
81,V,A,9,0.15,68,0.0845771144278607,6.542288557213929,1.9100346020761243,0.0978778638793074,0.6061160526539945,False,1.009315517411305
127,D,D,3,0.05,99,0.1231343283582089,-7.313432835820895,0.3748006379585327,0.0988570327911011,0.6093636467219785,False,1.0049924290946497
122,N,D,4,0.0666666666666666,22,0.0273631840796019,3.9303482587064673,2.538961038961039,0.099428249644301,0.6093636467219785,False,1.0024902059288583
101,N,E,7,0.1166666666666666,49,0.0609452736318407,5.572139303482588,2.035040431266846,0.1003341068782261,0.6093636467219785,False,0.9985514108369477
53,G,P,2,0.0333333333333333,6,0.0074626865671641,2.587064676616915,4.586206896551724,0.1013008043374856,0.6093636467219785,False,0.9943871062888332
79,R,D,2,0.0333333333333333,6,0.0074626865671641,2.587064676616915,4.586206896551724,0.1013008043374856,0.6093636467219785,False,0.9943871062888332
80,H,E,2,0.0333333333333333,6,0.0074626865671641,2.587064676616915,4.586206896551724,0.1013008043374856,0.6093636467219785,False,0.9943871062888332
80,I,E,2,0.0333333333333333,6,0.0074626865671641,2.587064676616915,4.586206896551724,0.1013008043374856,0.6093636467219785,False,0.9943871062888332
84,G,A,2,0.0333333333333333,6,0.0074626865671641,2.587064676616915,4.586206896551724,0.1013008043374856,0.6093636467219785,False,0.9943871062888332
103,I,F,2,0.0333333333333333,6,0.0074626865671641,2.587064676616915,4.586206896551724,0.1013008043374856,0.6093636467219785,False,0.9943871062888332
116,G,D,2,0.0333333333333333,6,0.0074626865671641,2.587064676616915,4.586206896551724,0.1013008043374856,0.6093636467219785,False,0.9943871062888332
142,H,D,2,0.0333333333333333,6,0.0074626865671641,2.587064676616915,4.586206896551724,0.1013008043374856,0.6093636467219785,False,0.9943871062888332
144,I,D,2,0.0333333333333333,6,0.0074626865671641,2.587064676616915,4.586206896551724,0.1013008043374856,0.6093636467219785,False,0.9943871062888332
85,I,C,0,0.0,38,0.0472636815920398,-4.72636815920398,0.0,0.1026596416697575,0.6093636467219785,False,0.9886002559638066
87,A,D,0,0.0,38,0.0472636815920398,-4.72636815920398,0.0,0.1026596416697575,0.6093636467219785,False,0.9886002559638066
140,A,F,0,0.0,38,0.0472636815920398,-4.72636815920398,0.0,0.1026596416697575,0.6093636467219785,False,0.9886002559638066
45,T,H,0,0.0,37,0.0460199004975124,-4.601990049751244,0.0,0.1028147369474885,0.6093636467219785,False,0.9879446312914432
89,Q,P,0,0.0,37,0.0460199004975124,-4.601990049751244,0.0,0.1028147369474885,0.6093636467219785,False,0.9879446312914432
124,W,H,0,0.0,37,0.0460199004975124,-4.601990049751244,0.0,0.1028147369474885,0.6093636467219785,False,0.9879446312914432
128,W,Y,0,0.0,37,0.0460199004975124,-4.601990049751244,0.0,0.1028147369474885,0.6093636467219785,False,0.9879446312914432
89,S,P,0,0.0,39,0.0485074626865671,-4.850746268656716,0.0,0.1031968408836022,0.6093636467219785,False,0.9863335973582168
154,T,E,0,0.0,39,0.0485074626865671,-4.850746268656716,0.0,0.1031968408836022,0.6093636467219785,False,0.9863335973582168
136,S,V,0,0.0,40,0.0497512437810945,-4.975124378109453,0.0,0.104408069990696,0.6137998652096207,False,0.9812659322056074
155,E,I,0,0.0,40,0.0497512437810945,-4.975124378109453,0.0,0.104408069990696,0.6137998652096207,False,0.9812659322056074
64,R,S,41,0.6833333333333333,462,0.5746268656716418,10.870646766169155,1.5974025974025974,0.1052208931556153,0.617218821609533,False,0.97789801606377
65,R,Q,0,0.0,41,0.0509950248756218,-5.099502487562189,0.0,0.1062753810701567,0.6206761314578736,False,0.9735673291143604
117,E,A,0,0.0,41,0.0509950248756218,-5.099502487562189,0.0,0.1062753810701567,0.6206761314578736,False,0.9735673291143604
159,P,R,3,0.05,14,0.017412935323383,3.2587064676616917,2.969924812030075,0.1079001632393188,0.628434064710885,False,0.966977898283894
23,Y,N,0,0.0,42,0.0522388059701492,-5.223880597014925,0.0,0.1087810183201307,0.628434064710885,False,0.9634468799872608
36,I,L,0,0.0,42,0.0522388059701492,-5.223880597014925,0.0,0.1087810183201307,0.628434064710885,False,0.9634468799872608
87,G,D,0,0.0,42,0.0522388059701492,-5.223880597014925,0.0,0.1087810183201307,0.628434064710885,False,0.9634468799872608
147,E,N,0,0.0,42,0.0522388059701492,-5.223880597014925,0.0,0.1087810183201307,0.628434064710885,False,0.9634468799872608
19,G,A,2,0.0333333333333333,81,0.1007462686567164,-6.741293532338307,0.3077905491698595,0.1096924770196412,0.632330931242813,False,0.9598231563896522
56,E,G,4,0.0666666666666666,23,0.0286069651741293,3.805970149253731,2.4254658385093166,0.1108730007367212,0.6377587046687693,False,0.9551741982929172
114,L,H,1,0.0166666666666666,60,0.0746268656716417,-5.796019900497512,0.2101694915254237,0.1148323194497774,0.6576984133293046,False,0.9399358629547768
120,A,E,1,0.0166666666666666,60,0.0746268656716417,-5.796019900497512,0.2101694915254237,0.1148323194497774,0.6576984133293046,False,0.9399358629547768
16,S,M,6,0.1,38,0.0472636815920398,5.27363184079602,2.239766081871345,0.1156365856769509,0.6601317630061593,False,0.9369047399307342
128,L,Y,9,0.15,197,0.2450248756218905,-9.502487562189057,0.5437444013138251,0.115751841546228,0.6601317630061593,False,0.936472090875858
26,A,A,6,0.1,150,0.1865671641791045,-8.656716417910449,0.4844444444444444,0.1160932522662234,0.6603617535054822,False,0.935193022196898
67,A,G,1,0.0166666666666666,62,0.0771144278606965,-6.044776119402985,0.202843083652269,0.116772916791116,0.6603617535054822,False,0.932657871710426
83,E,A,6,0.1,146,0.181592039800995,-8.159203980099502,0.5007610350076104,0.1167818462549972,0.6603617535054822,False,0.9326246630801136
101,A,E,6,0.1,146,0.181592039800995,-8.159203980099502,0.5007610350076104,0.1167818462549972,0.6603617535054822,False,0.9326246630801136
116,K,D,1,0.0166666666666666,63,0.0783582089552238,-6.169154228855723,0.1993543179983858,0.118428302041793,0.6668462830159193,False,0.9265444973448888
137,A,F,1,0.0166666666666666,63,0.0783582089552238,-6.169154228855723,0.1993543179983858,0.118428302041793,0.6668462830159193,False,0.9265444973448888
12,L,R,3,0.05,15,0.0186567164179104,3.134328358208956,2.768421052631579,0.1233147813207063,0.6883865333216097,False,0.9089848628911776
66,N,P,3,0.05,15,0.0186567164179104,3.134328358208956,2.768421052631579,0.1233147813207063,0.6883865333216097,False,0.9089848628911776
76,H,K,10,0.1666666666666666,210,0.2611940298507462,-9.45273631840796,0.5657142857142857,0.1244159464919755,0.6883865333216097,False,0.9051239522044446
87,L,D,2,0.0333333333333333,7,0.0087064676616915,2.462686567164179,3.9261083743842367,0.1245840188856402,0.6883865333216097,False,0.9045376635750176
88,N,V,2,0.0333333333333333,7,0.0087064676616915,2.462686567164179,3.9261083743842367,0.1245840188856402,0.6883865333216097,False,0.9045376635750176
89,H,P,2,0.0333333333333333,7,0.0087064676616915,2.462686567164179,3.9261083743842367,0.1245840188856402,0.6883865333216097,False,0.9045376635750176
116,S,D,2,0.0333333333333333,7,0.0087064676616915,2.462686567164179,3.9261083743842367,0.1245840188856402,0.6883865333216097,False,0.9045376635750176
129,V,E,2,0.0333333333333333,7,0.0087064676616915,2.462686567164179,3.9261083743842367,0.1245840188856402,0.6883865333216097,False,0.9045376635750176
135,S,S,2,0.0333333333333333,7,0.0087064676616915,2.462686567164179,3.9261083743842367,0.1245840188856402,0.6883865333216097,False,0.9045376635750176
36,K,L,6,0.1,40,0.0497512437810945,5.024875621890548,2.1222222222222222,0.1248329269867587,0.6883865333216097,False,0.903670846363982
32,K,K,44,0.7333333333333333,507,0.6305970149253731,10.273631840796016,1.6109467455621302,0.1261046837983861,0.693965775377098,False,0.8992687824989513
8,M,L,16,0.2666666666666666,149,0.1853233830845771,8.134328358208956,1.598535692495424,0.1267871041231397,0.6962855574169959,False,0.8969249175345458
13,G,V,8,0.1333333333333333,60,0.0746268656716417,5.870646766169155,1.907692307692308,0.1294157546672332,0.7075552682856577,False,0.8880128508036794
2,C,I,1,0.0166666666666666,1,0.0012437810945273,1.5422885572139304,13.610169491525424,0.1341412385734517,0.7075552682856577,False,0.8724376879824539
5,C,I,1,0.0166666666666666,1,0.0012437810945273,1.5422885572139304,13.610169491525424,0.1341412385734517,0.7075552682856577,False,0.8724376879824539
11,V,D,1,0.0166666666666666,1,0.0012437810945273,1.5422885572139304,13.610169491525424,0.1341412385734517,0.7075552682856577,False,0.8724376879824539
19,L,A,1,0.0166666666666666,1,0.0012437810945273,1.5422885572139304,13.610169491525424,0.1341412385734517,0.7075552682856577,False,0.8724376879824539
25,Y,P,1,0.0166666666666666,1,0.0012437810945273,1.5422885572139304,13.610169491525424,0.1341412385734517,0.7075552682856577,False,0.8724376879824539
29,V,A,1,0.0166666666666666,1,0.0012437810945273,1.5422885572139304,13.610169491525424,0.1341412385734517,0.7075552682856577,False,0.8724376879824539
42,T,M,1,0.0166666666666666,1,0.0012437810945273,1.5422885572139304,13.610169491525424,0.1341412385734517,0.7075552682856577,False,0.8724376879824539
50,D,I,1,0.0166666666666666,1,0.0012437810945273,1.5422885572139304,13.610169491525424,0.1341412385734517,0.7075552682856577,False,0.8724376879824539
54,T,L,1,0.0166666666666666,1,0.0012437810945273,1.5422885572139304,13.610169491525424,0.1341412385734517,0.7075552682856577,False,0.8724376879824539
55,L,P,1,0.0166666666666666,1,0.0012437810945273,1.5422885572139304,13.610169491525424,0.1341412385734517,0.7075552682856577,False,0.8724376879824539
67,Y,G,1,0.0166666666666666,1,0.0012437810945273,1.5422885572139304,13.610169491525424,0.1341412385734517,0.7075552682856577,False,0.8724376879824539
71,F,R,1,0.0166666666666666,1,0.0012437810945273,1.5422885572139304,13.610169491525424,0.1341412385734517,0.7075552682856577,False,0.8724376879824539
103,H,F,1,0.0166666666666666,1,0.0012437810945273,1.5422885572139304,13.610169491525424,0.1341412385734517,0.7075552682856577,False,0.8724376879824539
104,T,L,1,0.0166666666666666,1,0.0012437810945273,1.5422885572139304,13.610169491525424,0.1341412385734517,0.7075552682856577,False,0.8724376879824539
121,Q,G,1,0.0166666666666666,1,0.0012437810945273,1.5422885572139304,13.610169491525424,0.1341412385734517,0.7075552682856577,False,0.8724376879824539
122,F,D,1,0.0166666666666666,1,0.0012437810945273,1.5422885572139304,13.610169491525424,0.1341412385734517,0.7075552682856577,False,0.8724376879824539
135,Y,S,1,0.0166666666666666,1,0.0012437810945273,1.5422885572139304,13.610169491525424,0.1341412385734517,0.7075552682856577,False,0.8724376879824539
148,W,S,1,0.0166666666666666,1,0.0012437810945273,1.5422885572139304,13.610169491525424,0.1341412385734517,0.7075552682856577,False,0.8724376879824539
153,E,F,1,0.0166666666666666,1,0.0012437810945273,1.5422885572139304,13.610169491525424,0.1341412385734517,0.7075552682856577,False,0.8724376879824539
111,Y,Y,19,0.3166666666666666,337,0.4191542288557214,-10.248756218905475,0.6421799232829124,0.1354219182686583,0.711599341665741,False,0.8683110386585718
58,H,K,4,0.0666666666666666,25,0.031094527363184,3.557213930348259,2.225714285714285,0.1354411635692006,0.711599341665741,False,0.8682493238779126
84,A,A,3,0.05,94,0.1169154228855721,-6.691542288557213,0.3975363941769317,0.1379445500332495,0.723328102237216,False,0.8602954531205819
60,L,I,3,0.05,92,0.1144278606965174,-6.442786069651742,0.4073226544622426,0.1385573734552301,0.7251169210823709,False,0.8583703578953752
6,F,A,3,0.05,16,0.0199004975124378,3.009950248756219,2.5921052631578947,0.1394878314087577,0.7257173918712954,False,0.8554636775698604
83,G,A,3,0.05,16,0.0199004975124378,3.009950248756219,2.5921052631578947,0.1394878314087577,0.7257173918712954,False,0.8554636775698604
143,I,A,3,0.05,16,0.0199004975124378,3.009950248756219,2.5921052631578947,0.1394878314087577,0.7257173918712954,False,0.8554636775698604
77,S,S,38,0.6333333333333333,425,0.5286069651741293,10.4726368159204,1.5403208556149732,0.1397649306400347,0.7257443577397913,False,0.8546017866743274
83,Q,A,6,0.1,43,0.0534825870646766,4.651741293532339,1.9664082687338504,0.1427005986502041,0.7381160810027031,False,0.8455742049516818
114,I,H,6,0.1,43,0.0534825870646766,4.651741293532339,1.9664082687338504,0.1427005986502041,0.7381160810027031,False,0.8455742049516818
146,K,Q,18,0.3,173,0.2151741293532338,8.482587064676617,1.5631709331131296,0.1457328889719303,0.7523425157951297,False,0.8364424256688924
59,T,N,8,0.1333333333333333,64,0.0796019900497512,5.3731343283582085,1.7788461538461535,0.1469546033454852,0.7571850122183398,False,0.8328168051257023
9,N,A,2,0.0333333333333333,8,0.0099502487562189,2.3383084577114426,3.431034482758621,0.1490007583525865,0.7589370687844534,False,0.8268115212017826
12,K,R,2,0.0333333333333333,8,0.0099502487562189,2.3383084577114426,3.431034482758621,0.1490007583525865,0.7589370687844534,False,0.8268115212017826
38,T,K,2,0.0333333333333333,8,0.0099502487562189,2.3383084577114426,3.431034482758621,0.1490007583525865,0.7589370687844534,False,0.8268115212017826
69,G,D,2,0.0333333333333333,8,0.0099502487562189,2.3383084577114426,3.431034482758621,0.1490007583525865,0.7589370687844534,False,0.8268115212017826
73,M,T,2,0.0333333333333333,8,0.0099502487562189,2.3383084577114426,3.431034482758621,0.1490007583525865,0.7589370687844534,False,0.8268115212017826
86,V,G,2,0.0333333333333333,8,0.0099502487562189,2.3383084577114426,3.431034482758621,0.1490007583525865,0.7589370687844534,False,0.8268115212017826
8,R,L,6,0.1,44,0.0547263681592039,4.5273631840796025,1.9191919191919191,0.1496687489338035,0.7594408572325507,False,0.8248688715503925
38,G,K,6,0.1,44,0.0547263681592039,4.5273631840796025,1.9191919191919191,0.1496687489338035,0.7594408572325507,False,0.8248688715503925
125,F,F,46,0.7666666666666667,538,0.6691542288557214,9.751243781094532,1.62453531598513,0.1521001578063763,0.7698231889144161,False,0.8178703353592113
108,S,Q,8,0.1333333333333333,65,0.0808457711442786,5.248756218905472,1.7491124260355029,0.1522917361359354,0.7698231889144161,False,0.8173236623102802
13,L,V,2,0.0333333333333333,73,0.0907960199004975,-5.746268656716418,0.3452999527633443,0.155750093646403,0.7785637878805128,False,0.8075716835445303
77,N,S,2,0.0333333333333333,73,0.0907960199004975,-5.746268656716418,0.3452999527633443,0.155750093646403,0.7785637878805128,False,0.8075716835445303
114,F,H,3,0.05,17,0.0211442786069651,2.8855721393034828,2.4365325077399382,0.1563442815248946,0.7785637878805128,False,0.8059179989595903
118,H,E,3,0.05,17,0.0211442786069651,2.8855721393034828,2.4365325077399382,0.1563442815248946,0.7785637878805128,False,0.8059179989595903
120,N,E,3,0.05,17,0.0211442786069651,2.8855721393034828,2.4365325077399382,0.1563442815248946,0.7785637878805128,False,0.8059179989595903
121,C,G,3,0.05,17,0.0211442786069651,2.8855721393034828,2.4365325077399382,0.1563442815248946,0.7785637878805128,False,0.8059179989595903
142,V,D,3,0.05,17,0.0211442786069651,2.8855721393034828,2.4365325077399382,0.1563442815248946,0.7785637878805128,False,0.8059179989595903
111,I,Y,2,0.0333333333333333,76,0.0945273631840796,-6.119402985074627,0.3303085299455535,0.1572343282513134,0.7785637878805128,False,0.8034526304178552
66,L,P,0,0.0,32,0.0398009950248756,-3.9800995024875614,0.0,0.1598063216384379,0.7785637878805128,False,0.7964060448068396
81,G,A,0,0.0,32,0.0398009950248756,-3.9800995024875614,0.0,0.1598063216384379,0.7785637878805128,False,0.7964060448068396
87,S,D,0,0.0,32,0.0398009950248756,-3.9800995024875614,0.0,0.1598063216384379,0.7785637878805128,False,0.7964060448068396
120,T,E,0,0.0,32,0.0398009950248756,-3.9800995024875614,0.0,0.1598063216384379,0.7785637878805128,False,0.7964060448068396
135,R,S,0,0.0,32,0.0398009950248756,-3.9800995024875614,0.0,0.1598063216384379,0.7785637878805128,False,0.7964060448068396
137,R,F,0,0.0,32,0.0398009950248756,-3.9800995024875614,0.0,0.1598063216384379,0.7785637878805128,False,0.7964060448068396
11,G,D,0,0.0,31,0.0385572139303482,-3.8557213930348255,0.0,0.1601755455265772,0.7785637878805128,False,0.7954037882115269
12,W,R,0,0.0,31,0.0385572139303482,-3.8557213930348255,0.0,0.1601755455265772,0.7785637878805128,False,0.7954037882115269
119,A,V,0,0.0,31,0.0385572139303482,-3.8557213930348255,0.0,0.1601755455265772,0.7785637878805128,False,0.7954037882115269
127,Q,D,0,0.0,31,0.0385572139303482,-3.8557213930348255,0.0,0.1601755455265772,0.7785637878805128,False,0.7954037882115269
36,A,L,0,0.0,33,0.0410447761194029,-4.104477611940299,0.0,0.1604383976524099,0.7785637878805128,False,0.7946916841012078
107,T,A,0,0.0,33,0.0410447761194029,-4.104477611940299,0.0,0.1604383976524099,0.7785637878805128,False,0.7946916841012078
109,L,K,0,0.0,33,0.0410447761194029,-4.104477611940299,0.0,0.1604383976524099,0.7785637878805128,False,0.7946916841012078
154,R,E,0,0.0,33,0.0410447761194029,-4.104477611940299,0.0,0.1604383976524099,0.7785637878805128,False,0.7946916841012078
5,L,I,0,0.0,34,0.0422885572139303,-4.228855721393035,0.0,0.1620316681552323,0.7833521141429722,False,0.7904000968093455
25,R,P,0,0.0,34,0.0422885572139303,-4.228855721393035,0.0,0.1620316681552323,0.7833521141429722,False,0.7904000968093455
151,H,Y,9,0.15,72,0.0895522388059701,6.044776119402985,1.7941176470588236,0.1625605635428011,0.7833521141429722,False,0.7889848038406592
2,L,I,10,0.1666666666666666,203,0.2524875621890547,-8.582089552238806,0.5921182266009852,0.1625991274766604,0.7833521141429722,False,0.7888817892037491
34,V,N,4,0.0666666666666666,107,0.1330845771144278,-6.64179104477612,0.4652870493991989,0.1634595935778373,0.7856426362775878,False,0.7865895852356573
48,L,E,0,0.0,35,0.0435323383084577,-4.353233830845771,0.0,0.1645463595650699,0.7856426362775878,False,0.783711721624187
89,P,P,0,0.0,35,0.0435323383084577,-4.353233830845771,0.0,0.1645463595650699,0.7856426362775878,False,0.783711721624187
134,V,E,0,0.0,35,0.0435323383084577,-4.353233830845771,0.0,0.1645463595650699,0.7856426362775878,False,0.783711721624187
140,R,F,0,0.0,35,0.0435323383084577,-4.353233830845771,0.0,0.1645463595650699,0.7856426362775878,False,0.783711721624187
150,P,S,4,0.0666666666666666,112,0.1393034825870646,-7.263681592039801,0.4413265306122449,0.1660352870605322,0.791018366320607,False,0.7797996026402634
134,E,E,15,0.25,143,0.1778606965174129,7.213930348258707,1.540792540792541,0.1673601160513955,0.791018366320607,False,0.7763480316628245
17,A,E,0,0.0,36,0.044776119402985,-4.477611940298507,0.0,0.1679429678253381,0.791018366320607,False,0.7748381763926675
79,P,D,0,0.0,36,0.044776119402985,-4.477611940298507,0.0,0.1679429678253381,0.791018366320607,False,0.7748381763926675
116,N,D,0,0.0,36,0.044776119402985,-4.477611940298507,0.0,0.1679429678253381,0.791018366320607,False,0.7748381763926675
8,E,L,1,0.0166666666666666,53,0.0659203980099502,-4.925373134328359,0.2401662935721138,0.1681651811144301,0.791018366320607,False,0.7742639206382409
132,K,D,1,0.0166666666666666,53,0.0659203980099502,-4.925373134328359,0.2401662935721138,0.1681651811144301,0.791018366320607,False,0.7742639206382409
118,A,E,1,0.0166666666666666,52,0.0646766169154228,-4.800995024875622,0.2451108213820078,0.1683396148632839,0.791018366320607,False,0.7738136707620088
150,G,S,1,0.0166666666666666,52,0.0646766169154228,-4.800995024875622,0.2451108213820078,0.1683396148632839,0.791018366320607,False,0.7738136707620088
145,A,A,1,0.0166666666666666,55,0.0684079601990049,-5.17412935323383,0.2308166409861325,0.1696698257416566,0.7944715173762834,False,0.7703953861978525
159,I,R,1,0.0166666666666666,55,0.0684079601990049,-5.17412935323383,0.2308166409861325,0.1696698257416566,0.7944715173762834,False,0.7703953861978525
100,F,Y,7,0.1166666666666666,156,0.1940298507462686,-7.7363184079602,0.548621190130624,0.1711372273791532,0.7979921160332407,False,0.7666555083622
86,K,G,12,0.2,107,0.1330845771144278,6.691542288557215,1.6285046728971964,0.1712885633026251,0.7979921160332407,False,0.7662716333005357
131,T,D,1,0.0166666666666666,56,0.0696517412935323,-5.298507462686568,0.2263922518159806,0.1713186521120445,0.7979921160332407,False,0.7661953511713594
40,M,V,1,0.0166666666666666,57,0.0708955223880597,-5.422885572139304,0.2221231043710972,0.1735444034578055,0.8034101912832691,False,0.7605893871010859
19,N,A,3,0.05,18,0.0223880597014925,2.7611940298507465,2.298245614035088,0.1738087710475379,0.8034101912832691,False,0.7599283111932738
152,Y,C,3,0.05,18,0.0223880597014925,2.7611940298507465,2.298245614035088,0.1738087710475379,0.8034101912832691,False,0.7599283111932738
35,S,T,2,0.0333333333333333,9,0.0111940298507462,2.2139303482587067,3.045977011494253,0.1742879358385211,0.8034101912832691,False,0.7587326735904644
88,Q,V,2,0.0333333333333333,9,0.0111940298507462,2.2139303482587067,3.045977011494253,0.1742879358385211,0.8034101912832691,False,0.7587326735904644
139,L,E,2,0.0333333333333333,9,0.0111940298507462,2.2139303482587067,3.045977011494253,0.1742879358385211,0.8034101912832691,False,0.7587326735904644
86,A,G,9,0.15,76,0.0945273631840796,5.547263681592039,1.6904024767801855,0.1752625846562037,0.8056398280636882,False,0.756310787908983
48,E,E,40,0.6666666666666666,458,0.5696517412935324,9.701492537313428,1.5109170305676856,0.1753753241307616,0.8056398280636882,False,0.7560315132946108
64,K,S,7,0.1166666666666666,52,0.0646766169154228,5.199004975124379,1.9100145137880984,0.1763311099760687,0.8086387156806315,False,0.753671058664886
104,L,L,29,0.4833333333333333,463,0.5758706467661692,-9.253731343283585,0.6889848812095032,0.1776093776064999,0.8131036515124327,False,0.7505341076157588
9,A,A,12,0.2,230,0.2860696517412935,-8.60696517412935,0.6239130434782608,0.180263513988964,0.8234992875893683,False,0.7440921672141662
34,L,N,21,0.35,217,0.2699004975124378,8.009950248756216,1.456575682382134,0.1804972211464145,0.8234992875893683,False,0.7435294799082851
80,S,E,5,0.0833333333333333,34,0.0422885572139303,4.104477611940298,2.0588235294117645,0.1830325881725737,0.8336416003969271,False,0.7374715791027904
134,K,E,12,0.2,112,0.1393034825870646,6.069651741293533,1.5446428571428572,0.1858550668260082,0.8450548098102487,False,0.730825594565131
79,K,D,5,0.0833333333333333,35,0.0435323383084577,3.9800995024875614,1.9974025974025973,0.1895662004322655,0.847842869094406,False,0.7222390946050542
119,L,V,5,0.0833333333333333,35,0.0435323383084577,3.9800995024875614,1.9974025974025973,0.1895662004322655,0.847842869094406,False,0.7222390946050542
147,G,N,3,0.05,19,0.0236318407960199,2.63681592039801,2.174515235457064,0.1918064525147757,0.847842869094406,False,0.7171367869233044
26,D,A,3,0.05,90,0.1119402985074626,-6.1940298507462686,0.4175438596491228,0.1920734004400849,0.847842869094406,False,0.7165327748673838
114,H,H,7,0.1166666666666666,56,0.0696517412935323,4.701492537313433,1.7641509433962264,0.1927575933757335,0.847842869094406,False,0.7149885046065815
26,L,A,1,0.0166666666666666,2,0.0024875621890547,1.417910447761194,6.796610169491525,0.1944098298560421,0.847842869094406,False,0.711281779819682
44,G,R,1,0.0166666666666666,2,0.0024875621890547,1.417910447761194,6.796610169491525,0.1944098298560421,0.847842869094406,False,0.711281779819682
48,Y,E,1,0.0166666666666666,2,0.0024875621890547,1.417910447761194,6.796610169491525,0.1944098298560421,0.847842869094406,False,0.711281779819682
54,K,L,1,0.0166666666666666,2,0.0024875621890547,1.417910447761194,6.796610169491525,0.1944098298560421,0.847842869094406,False,0.711281779819682
63,C,S,1,0.0166666666666666,2,0.0024875621890547,1.417910447761194,6.796610169491525,0.1944098298560421,0.847842869094406,False,0.711281779819682
76,M,K,1,0.0166666666666666,2,0.0024875621890547,1.417910447761194,6.796610169491525,0.1944098298560421,0.847842869094406,False,0.711281779819682
78,C,V,1,0.0166666666666666,2,0.0024875621890547,1.417910447761194,6.796610169491525,0.1944098298560421,0.847842869094406,False,0.711281779819682
87,F,D,1,0.0166666666666666,2,0.0024875621890547,1.417910447761194,6.796610169491525,0.1944098298560421,0.847842869094406,False,0.711281779819682
97,I,G,1,0.0166666666666666,2,0.0024875621890547,1.417910447761194,6.796610169491525,0.1944098298560421,0.847842869094406,False,0.711281779819682
112,T,L,1,0.0166666666666666,2,0.0024875621890547,1.417910447761194,6.796610169491525,0.1944098298560421,0.847842869094406,False,0.711281779819682
119,R,V,1,0.0166666666666666,2,0.0024875621890547,1.417910447761194,6.796610169491525,0.1944098298560421,0.847842869094406,False,0.711281779819682
121,F,G,1,0.0166666666666666,2,0.0024875621890547,1.417910447761194,6.796610169491525,0.1944098298560421,0.847842869094406,False,0.711281779819682
124,N,H,1,0.0166666666666666,2,0.0024875621890547,1.417910447761194,6.796610169491525,0.1944098298560421,0.847842869094406,False,0.711281779819682
128,N,Y,1,0.0166666666666666,2,0.0024875621890547,1.417910447761194,6.796610169491525,0.1944098298560421,0.847842869094406,False,0.711281779819682
134,W,E,1,0.0166666666666666,2,0.0024875621890547,1.417910447761194,6.796610169491525,0.1944098298560421,0.847842869094406,False,0.711281779819682
140,C,F,1,0.0166666666666666,2,0.0024875621890547,1.417910447761194,6.796610169491525,0.1944098298560421,0.847842869094406,False,0.711281779819682
148,F,S,1,0.0166666666666666,2,0.0024875621890547,1.417910447761194,6.796610169491525,0.1944098298560421,0.847842869094406,False,0.711281779819682
148,H,S,1,0.0166666666666666,2,0.0024875621890547,1.417910447761194,6.796610169491525,0.1944098298560421,0.847842869094406,False,0.711281779819682
153,Q,F,1,0.0166666666666666,2,0.0024875621890547,1.417910447761194,6.796610169491525,0.1944098298560421,0.847842869094406,False,0.711281779819682
158,F,R,1,0.0166666666666666,2,0.0024875621890547,1.417910447761194,6.796610169491525,0.1944098298560421,0.847842869094406,False,0.711281779819682
90,T,E,5,0.0833333333333333,36,0.044776119402985,3.8557213930348255,1.9393939393939397,0.1967874729893937,0.8568120153486002,False,0.7060025511523349
31,F,F,53,0.8833333333333333,747,0.9291044776119404,-4.577114427860696,0.5777395295467584,0.1980992930718391,0.8611189140207471,False,0.7031170742622967
66,H,P,2,0.0333333333333333,10,0.0124378109452736,2.0895522388059704,2.7379310344827585,0.2002124806350625,0.8674790759983473,False,0.6985088534201706
74,S,W,2,0.0333333333333333,10,0.0124378109452736,2.0895522388059704,2.7379310344827585,0.2002124806350625,0.8674790759983473,False,0.6985088534201706
101,E,E,6,0.1,135,0.167910447761194,-6.791044776119404,0.5506172839506173,0.2060368166294411,0.8895814261428913,False,0.6860551688038244
10,R,V,6,0.1,136,0.1691542288557214,-6.91542288557214,0.545751633986928,0.2060470151661306,0.8895814261428913,False,0.6860336723612711
77,D,S,6,0.1,134,0.1666666666666666,-6.666666666666665,0.5555555555555556,0.2063135641747657,0.8895814261428913,False,0.6854722182091075
100,Y,Y,50,0.8333333333333334,606,0.753731343283582,7.9601990049751326,1.6336633663366336,0.2098530121708069,0.9007926183625824,False,0.6780847926675427
125,Y,F,3,0.05,20,0.0248756218905472,2.512437810945274,2.0631578947368423,0.2102636947320677,0.9007926183625824,False,0.6772357084771207
130,K,P,3,0.05,20,0.0248756218905472,2.512437810945274,2.0631578947368423,0.2102636947320677,0.9007926183625824,False,0.6772357084771207
135,Q,S,3,0.05,20,0.0248756218905472,2.512437810945274,2.0631578947368423,0.2102636947320677,0.9007926183625824,False,0.6772357084771207
151,Y,Y,27,0.45,292,0.36318407960199,8.681592039800995,1.4346201743462017,0.2117363031603618,0.9056477454086632,False,0.6742046738155215
70,A,D,5,0.0833333333333333,38,0.0472636815920398,3.606965174129353,1.832535885167464,0.2131407430614895,0.9101962291697848,False,0.671333524497566
78,L,V,18,0.3,312,0.3880597014925373,-8.805970149253733,0.6758241758241759,0.2150251074853385,0.9167763768025056,False,0.6675108265694878
1,R,M,7,0.1166666666666666,60,0.0746268656716417,4.2039800995024885,1.637735849056604,0.2168089347560368,0.9229075707557612,False,0.6639228243694052
91,A,I,2,0.0333333333333333,67,0.0833333333333333,-5.0,0.3793103448275862,0.2193206406282774,0.9321127226701792,False,0.658920494227005
12,G,R,29,0.4833333333333333,321,0.3992537313432835,8.407960199004977,1.407597226409406,0.2207345513959084,0.9339290280633352,False,0.6561296817630113
124,Y,H,11,0.1833333333333333,208,0.2587064676616915,-7.537313432835821,0.6432496075353218,0.2208226978406831,0.9339290280633352,False,0.6559562885500602
19,K,A,4,0.0666666666666666,101,0.1256218905472637,-5.895522388059702,0.4971711456859972,0.2208297751376838,0.9339290280633352,False,0.6559423697735446
2,I,I,30,0.5,332,0.4129353233830846,8.70646766169154,1.4216867469879515,0.2220851355019971,0.9339290280633352,False,0.6534805084731138
120,Q,E,5,0.0833333333333333,39,0.0485074626865671,3.482587064676616,1.7832167832167831,0.2221974270589051,0.9339290280633352,False,0.6532609742906925
127,K,D,5,0.0833333333333333,39,0.0485074626865671,3.482587064676616,1.7832167832167831,0.2221974270589051,0.9339290280633352,False,0.6532609742906925
128,Y,Y,5,0.0833333333333333,39,0.0485074626865671,3.482587064676616,1.7832167832167831,0.2221974270589051,0.9339290280633352,False,0.6532609742906925
19,T,A,2,0.0333333333333333,71,0.0883084577114427,-5.497512437810945,0.3559980573093735,0.2234948893369844,0.9379054396861816,False,0.6507324034408742
17,N,E,7,0.1166666666666666,148,0.1840796019900497,-6.741293532338307,0.5854156042835288,0.2241058866566609,0.938992941712934,False,0.6495467355714641
152,T,C,15,0.25,145,0.1803482587064676,6.965174129353232,1.5149425287356322,0.2259053909237255,0.938992941712934,False,0.6460734051111076
18,S,N,2,0.0333333333333333,11,0.0136815920398009,1.9651741293532337,2.4858934169279,0.2265685479442223,0.938992941712934,False,0.6448003786841038
37,E,N,2,0.0333333333333333,11,0.0136815920398009,1.9651741293532337,2.4858934169279,0.2265685479442223,0.938992941712934,False,0.6448003786841038
48,R,E,2,0.0333333333333333,11,0.0136815920398009,1.9651741293532337,2.4858934169279,0.2265685479442223,0.938992941712934,False,0.6448003786841038
82,E,I,2,0.0333333333333333,11,0.0136815920398009,1.9651741293532337,2.4858934169279,0.2265685479442223,0.938992941712934,False,0.6448003786841038
130,W,P,2,0.0333333333333333,11,0.0136815920398009,1.9651741293532337,2.4858934169279,0.2265685479442223,0.938992941712934,False,0.6448003786841038
141,Q,H,2,0.0333333333333333,11,0.0136815920398009,1.9651741293532337,2.4858934169279,0.2265685479442223,0.938992941712934,False,0.6448003786841038
68,H,T,3,0.05,21,0.0261194029850746,2.388059701492537,1.962406015037594,0.229108663401011,0.9467975488380396,False,0.639958488304637
40,V,V,22,0.3666666666666666,360,0.4477611940298507,-8.109452736318412,0.7140350877192982,0.229161190164621,0.9467975488380396,False,0.6398589308778918
107,A,A,34,0.5666666666666667,388,0.4825870646766169,8.407960199004972,1.402061855670103,0.2295440661067471,0.946913620461991,False,0.6391339296041468
67,S,G,8,0.1333333333333333,70,0.0870646766169154,4.626865671641791,1.6131868131868132,0.2397249464355826,0.9680859211150864,False,0.6202867697394622
86,Q,G,5,0.0833333333333333,41,0.0509950248756218,3.233830845771144,1.6917960088691797,0.2418855574807928,0.9680859211150864,False,0.6163900617482747
134,T,E,1,0.0166666666666666,47,0.058457711442786,-4.179104477611941,0.2729895420122611,0.2448519952953609,0.9680859211150864,False,0.6110963525719045
13,I,V,1,0.0166666666666666,48,0.0597014925373134,-4.303482587064676,0.2669491525423729,0.245571832446486,0.9680859211150864,False,0.609821449072433
98,T,R,1,0.0166666666666666,48,0.0597014925373134,-4.303482587064676,0.2669491525423729,0.245571832446486,0.9680859211150864,False,0.609821449072433
120,P,E,1,0.0166666666666666,48,0.0597014925373134,-4.303482587064676,0.2669491525423729,0.245571832446486,0.9680859211150864,False,0.609821449072433
157,D,E,1,0.0166666666666666,48,0.0597014925373134,-4.303482587064676,0.2669491525423729,0.245571832446486,0.9680859211150864,False,0.609821449072433
3,G,S,1,0.0166666666666666,49,0.0609452736318407,-4.427860696517413,0.2611553095814597,0.2470402936314235,0.9680859211150864,False,0.6072322051428068
64,T,S,1,0.0166666666666666,49,0.0609452736318407,-4.427860696517413,0.2611553095814597,0.2470402936314235,0.9680859211150864,False,0.6072322051428068
87,T,D,3,0.05,22,0.0273631840796019,2.263681592039801,1.8708133971291867,0.2482717938786508,0.9680859211150864,False,0.6050726177739832
117,S,A,3,0.05,22,0.0273631840796019,2.263681592039801,1.8708133971291867,0.2482717938786508,0.9680859211150864,False,0.6050726177739832
143,P,A,3,0.05,22,0.0273631840796019,2.263681592039801,1.8708133971291867,0.2482717938786508,0.9680859211150864,False,0.6050726177739832
22,F,W,0,0.0,26,0.0323383084577114,-3.233830845771144,0.0,0.2490015255180902,0.9680859211150864,False,0.6037979921731025
23,D,N,0,0.0,26,0.0323383084577114,-3.233830845771144,0.0,0.2490015255180902,0.9680859211150864,False,0.6037979921731025
34,A,N,0,0.0,26,0.0323383084577114,-3.233830845771144,0.0,0.2490015255180902,0.9680859211150864,False,0.6037979921731025
80,T,E,0,0.0,26,0.0323383084577114,-3.233830845771144,0.0,0.2490015255180902,0.9680859211150864,False,0.6037979921731025
85,K,C,0,0.0,26,0.0323383084577114,-3.233830845771144,0.0,0.2490015255180902,0.9680859211150864,False,0.6037979921731025
129,G,E,0,0.0,26,0.0323383084577114,-3.233830845771144,0.0,0.2490015255180902,0.9680859211150864,False,0.6037979921731025
155,H,I,0,0.0,26,0.0323383084577114,-3.233830845771144,0.0,0.2490015255180902,0.9680859211150864,False,0.6037979921731025
14,L,I,1,0.0166666666666666,50,0.0621890547263681,-4.552238805970149,0.2555932203389831,0.2492316841194058,0.9680859211150864,False,0.6033967478734829
81,I,A,1,0.0166666666666666,50,0.0621890547263681,-4.552238805970149,0.2555932203389831,0.2492316841194058,0.9680859211150864,False,0.6033967478734829
68,V,T,0,0.0,27,0.0335820895522388,-3.3582089552238807,0.0,0.2497369728486639,0.9680859211150864,False,0.6025171568256966
71,E,R,0,0.0,27,0.0335820895522388,-3.3582089552238807,0.0,0.2497369728486639,0.9680859211150864,False,0.6025171568256966
7,G,A,1,0.0166666666666666,3,0.003731343283582,1.2935323383084576,4.52542372881356,0.2505485176709521,0.9680859211150864,False,0.6011081623456921
13,F,V,1,0.0166666666666666,3,0.003731343283582,1.2935323383084576,4.52542372881356,0.2505485176709521,0.9680859211150864,False,0.6011081623456921
25,D,P,1,0.0166666666666666,3,0.003731343283582,1.2935323383084576,4.52542372881356,0.2505485176709521,0.9680859211150864,False,0.6011081623456921
69,C,D,1,0.0166666666666666,3,0.003731343283582,1.2935323383084576,4.52542372881356,0.2505485176709521,0.9680859211150864,False,0.6011081623456921
75,G,V,1,0.0166666666666666,3,0.003731343283582,1.2935323383084576,4.52542372881356,0.2505485176709521,0.9680859211150864,False,0.6011081623456921
85,R,C,1,0.0166666666666666,3,0.003731343283582,1.2935323383084576,4.52542372881356,0.2505485176709521,0.9680859211150864,False,0.6011081623456921
90,V,E,1,0.0166666666666666,3,0.003731343283582,1.2935323383084576,4.52542372881356,0.2505485176709521,0.9680859211150864,False,0.6011081623456921
105,L,P,1,0.0166666666666666,3,0.003731343283582,1.2935323383084576,4.52542372881356,0.2505485176709521,0.9680859211150864,False,0.6011081623456921
106,T,K,1,0.0166666666666666,3,0.003731343283582,1.2935323383084576,4.52542372881356,0.2505485176709521,0.9680859211150864,False,0.6011081623456921
112,W,L,1,0.0166666666666666,3,0.003731343283582,1.2935323383084576,4.52542372881356,0.2505485176709521,0.9680859211150864,False,0.6011081623456921
114,S,H,1,0.0166666666666666,3,0.003731343283582,1.2935323383084576,4.52542372881356,0.2505485176709521,0.9680859211150864,False,0.6011081623456921
124,E,H,1,0.0166666666666666,3,0.003731343283582,1.2935323383084576,4.52542372881356,0.2505485176709521,0.9680859211150864,False,0.6011081623456921
133,I,W,1,0.0166666666666666,3,0.003731343283582,1.2935323383084576,4.52542372881356,0.2505485176709521,0.9680859211150864,False,0.6011081623456921
137,C,F,1,0.0166666666666666,3,0.003731343283582,1.2935323383084576,4.52542372881356,0.2505485176709521,0.9680859211150864,False,0.6011081623456921
146,I,Q,1,0.0166666666666666,3,0.003731343283582,1.2935323383084576,4.52542372881356,0.2505485176709521,0.9680859211150864,False,0.6011081623456921
158,S,R,1,0.0166666666666666,3,0.003731343283582,1.2935323383084576,4.52542372881356,0.2505485176709521,0.9680859211150864,False,0.6011081623456921
15,A,G,0,0.0,28,0.0348258706467661,-3.482587064676617,0.0,0.2517964783467058,0.9680859211150864,False,0.5989503482761633
44,S,R,0,0.0,28,0.0348258706467661,-3.482587064676617,0.0,0.2517964783467058,0.9680859211150864,False,0.5989503482761633
56,Q,G,0,0.0,28,0.0348258706467661,-3.482587064676617,0.0,0.2517964783467058,0.9680859211150864,False,0.5989503482761633
67,T,G,0,0.0,28,0.0348258706467661,-3.482587064676617,0.0,0.2517964783467058,0.9680859211150864,False,0.5989503482761633
145,K,A,0,0.0,28,0.0348258706467661,-3.482587064676617,0.0,0.2517964783467058,0.9680859211150864,False,0.5989503482761633
148,Q,S,0,0.0,28,0.0348258706467661,-3.482587064676617,0.0,0.2517964783467058,0.9680859211150864,False,0.5989503482761633
129,E,E,1,0.0166666666666666,51,0.0634328358208955,-4.676616915422886,0.2502492522432702,0.2521197170623416,0.9680859211150864,False,0.5983931889267682
34,H,N,2,0.0333333333333333,12,0.0149253731343283,1.8407960199004971,2.2758620689655173,0.2531749617603336,0.9680859211150864,False,0.5965792469446008
74,W,W,2,0.0333333333333333,12,0.0149253731343283,1.8407960199004971,2.2758620689655173,0.2531749617603336,0.9680859211150864,False,0.5965792469446008
91,C,I,2,0.0333333333333333,12,0.0149253731343283,1.8407960199004971,2.2758620689655173,0.2531749617603336,0.9680859211150864,False,0.5965792469446008
129,L,E,2,0.0333333333333333,12,0.0149253731343283,1.8407960199004971,2.2758620689655173,0.2531749617603336,0.9680859211150864,False,0.5965792469446008
137,L,F,2,0.0333333333333333,12,0.0149253731343283,1.8407960199004971,2.2758620689655173,0.2531749617603336,0.9680859211150864,False,0.5965792469446008
121,A,G,9,0.15,178,0.2213930348258706,-7.1393034825870645,0.6206212822207535,0.2545745094091323,0.968504724046261,False,0.5941850844890307
61,V,I,51,0.85,630,0.7835820895522388,6.641791044776113,1.565079365079365,0.254970484961326,0.968504724046261,False,0.5935100899986347
21,I,P,0,0.0,29,0.0360696517412935,-3.606965174129354,0.0,0.2550988463861077,0.968504724046261,False,0.5932915053623014
49,G,S,0,0.0,29,0.0360696517412935,-3.606965174129354,0.0,0.2550988463861077,0.968504724046261,False,0.5932915053623014
66,D,P,0,0.0,29,0.0360696517412935,-3.606965174129354,0.0,0.2550988463861077,0.968504724046261,False,0.5932915053623014
143,K,A,6,0.1,47,0.058457711442786,4.154228855721394,1.789598108747045,0.2556776048265167,0.9693231921618936,False,0.5923073107934309
1,P,M,0,0.0,30,0.0373134328358208,-3.731343283582089,0.0,0.259564396504918,0.9769222190960168,False,0.5857548783657458
67,K,G,0,0.0,30,0.0373134328358208,-3.731343283582089,0.0,0.259564396504918,0.9769222190960168,False,0.5857548783657458
105,K,P,0,0.0,30,0.0373134328358208,-3.731343283582089,0.0,0.259564396504918,0.9769222190960168,False,0.5857548783657458
144,A,D,0,0.0,30,0.0373134328358208,-3.731343283582089,0.0,0.259564396504918,0.9769222190960168,False,0.5857548783657458
144,K,D,0,0.0,30,0.0373134328358208,-3.731343283582089,0.0,0.259564396504918,0.9769222190960168,False,0.5857548783657458
108,N,Q,6,0.1,48,0.0597014925373134,4.029850746268657,1.75,0.2598781474552911,0.9769222190960168,False,0.5852302377694215
83,D,A,3,0.05,81,0.1007462686567164,-5.074626865671641,0.4697855750487329,0.260632613026465,0.977793672095343,False,0.5839712418419916
147,D,N,3,0.05,80,0.099502487562189,-4.9502487562189055,0.4763157894736842,0.2608426731104848,0.977793672095343,False,0.5836213578006287
12,N,R,3,0.05,85,0.1057213930348258,-5.572139303482588,0.4452012383900929,0.2644018499563058,0.988511930550012,False,0.577735510521478
83,T,A,4,0.0666666666666666,27,0.0335820895522388,3.308457711442786,2.055555555555556,0.2651150887761526,0.988511930550012,False,0.5765655541011574
120,S,E,4,0.0666666666666666,27,0.0335820895522388,3.308457711442786,2.055555555555556,0.2651150887761526,0.988511930550012,False,0.5765655541011574
121,G,G,43,0.7166666666666667,516,0.6417910447761194,7.487562189054731,1.411764705882353,0.2651834178620489,0.988511930550012,False,0.5764536362105694
84,L,A,10,0.1666666666666666,190,0.236318407960199,-6.965174129353235,0.6463157894736842,0.267099461079521,0.9942656368497091,False,0.573326988243795
12,R,R,18,0.3,186,0.2313432835820895,6.865671641791043,1.423963133640553,0.2689580047970848,0.9997895749351244,False,0.5703155256060851
66,S,P,4,0.0666666666666666,28,0.0348258706467661,3.184079601990049,1.9795918367346936,0.271674646255032,1.0,False,0.5659508897577209
140,D,F,6,0.1,51,0.0634328358208955,3.656716417910448,1.6405228758169934,0.2760592970733924,1.0,False,0.558997622189188
112,L,L,29,0.4833333333333333,326,0.4054726368159204,7.786069651741295,1.3716603997625174,0.276587294437454,1.0,False,0.5581677739101506
141,Y,H,4,0.0666666666666666,29,0.0360696517412935,3.059701492537313,1.908866995073892,0.2791686718890537,1.0,False,0.5541333195341583
12,Y,R,2,0.0333333333333333,13,0.0161691542288557,1.7164179104477613,2.0981432360742707,0.2798728727461293,1.0,False,0.5530391943798759
31,Y,F,2,0.0333333333333333,13,0.0161691542288557,1.7164179104477613,2.0981432360742707,0.2798728727461293,1.0,False,0.5530391943798759
37,S,N,2,0.0333333333333333,13,0.0161691542288557,1.7164179104477613,2.0981432360742707,0.2798728727461293,1.0,False,0.5530391943798759
130,T,P,2,0.0333333333333333,13,0.0161691542288557,1.7164179104477613,2.0981432360742707,0.2798728727461293,1.0,False,0.5530391943798759
151,I,Y,2,0.0333333333333333,13,0.0161691542288557,1.7164179104477613,2.0981432360742707,0.2798728727461293,1.0,False,0.5530391943798759
86,S,G,6,0.1,52,0.0646766169154228,3.5323383084577125,1.606837606837607,0.2825531473345072,1.0,False,0.5488998507713335
156,Y,L,27,0.45,426,0.5298507462686567,-7.985074626865668,0.7259923175416133,0.2836972500664931,1.0,False,0.54714487388598
110,L,L,24,0.4,382,0.4751243781094527,-7.512437810945272,0.7364746945898778,0.2851628721934878,1.0,False,0.5449070196726794
105,P,P,25,0.4166666666666667,396,0.4925373134328358,-7.587064676616912,0.7359307359307359,0.285364902820643,1.0,False,0.5445994420434774
42,L,M,4,0.0666666666666666,30,0.0373134328358208,2.9353233830845773,1.8428571428571427,0.2875247578518055,1.0,False,0.5413247536335137
127,S,D,4,0.0666666666666666,30,0.0373134328358208,2.9353233830845773,1.8428571428571427,0.2875247578518055,1.0,False,0.5413247536335137
33,E,R,13,0.2166666666666666,133,0.1654228855721393,5.124378109452738,1.3954567269236922,0.2883948462691734,1.0,False,0.5400125048987187
4,I,L,7,0.1166666666666666,142,0.1766169154228855,-5.9950248756218905,0.6157321286207813,0.2892596144004949,1.0,False,0.5387121970721895
159,R,R,7,0.1166666666666666,143,0.1778606965174129,-6.119402985074626,0.6105027048423275,0.2892931331292242,1.0,False,0.5386618749572017
58,I,K,4,0.0666666666666666,31,0.0385572139303482,2.810945273631841,1.78110599078341,0.2966725857555154,1.0,False,0.5277225831242529
132,D,D,4,0.0666666666666666,99,0.1231343283582089,-5.646766169154229,0.5086580086580087,0.2984394552265947,1.0,False,0.5251437614458078
23,A,N,1,0.0166666666666666,4,0.0049751243781094,1.1691542288557213,3.389830508474576,0.3028358303915833,1.0,False,0.518792742049254
23,F,N,1,0.0166666666666666,4,0.0049751243781094,1.1691542288557213,3.389830508474576,0.3028358303915833,1.0,False,0.518792742049254
31,I,F,1,0.0166666666666666,4,0.0049751243781094,1.1691542288557213,3.389830508474576,0.3028358303915833,1.0,False,0.518792742049254
38,D,K,1,0.0166666666666666,4,0.0049751243781094,1.1691542288557213,3.389830508474576,0.3028358303915833,1.0,False,0.518792742049254
40,A,V,1,0.0166666666666666,4,0.0049751243781094,1.1691542288557213,3.389830508474576,0.3028358303915833,1.0,False,0.518792742049254
42,C,M,1,0.0166666666666666,4,0.0049751243781094,1.1691542288557213,3.389830508474576,0.3028358303915833,1.0,False,0.518792742049254
52,T,R,1,0.0166666666666666,4,0.0049751243781094,1.1691542288557213,3.389830508474576,0.3028358303915833,1.0,False,0.518792742049254
56,T,G,1,0.0166666666666666,4,0.0049751243781094,1.1691542288557213,3.389830508474576,0.3028358303915833,1.0,False,0.518792742049254
57,H,R,1,0.0166666666666666,4,0.0049751243781094,1.1691542288557213,3.389830508474576,0.3028358303915833,1.0,False,0.518792742049254
58,M,K,1,0.0166666666666666,4,0.0049751243781094,1.1691542288557213,3.389830508474576,0.3028358303915833,1.0,False,0.518792742049254
69,Y,D,1,0.0166666666666666,4,0.0049751243781094,1.1691542288557213,3.389830508474576,0.3028358303915833,1.0,False,0.518792742049254
88,C,V,1,0.0166666666666666,4,0.0049751243781094,1.1691542288557213,3.389830508474576,0.3028358303915833,1.0,False,0.518792742049254
97,Y,G,1,0.0166666666666666,4,0.0049751243781094,1.1691542288557213,3.389830508474576,0.3028358303915833,1.0,False,0.518792742049254
112,E,L,1,0.0166666666666666,4,0.0049751243781094,1.1691542288557213,3.389830508474576,0.3028358303915833,1.0,False,0.518792742049254
118,Y,E,1,0.0166666666666666,4,0.0049751243781094,1.1691542288557213,3.389830508474576,0.3028358303915833,1.0,False,0.518792742049254
126,Q,P,1,0.0166666666666666,4,0.0049751243781094,1.1691542288557213,3.389830508474576,0.3028358303915833,1.0,False,0.518792742049254
128,E,Y,1,0.0166666666666666,4,0.0049751243781094,1.1691542288557213,3.389830508474576,0.3028358303915833,1.0,False,0.518792742049254
128,S,Y,1,0.0166666666666666,4,0.0049751243781094,1.1691542288557213,3.389830508474576,0.3028358303915833,1.0,False,0.518792742049254
130,M,P,1,0.0166666666666666,4,0.0049751243781094,1.1691542288557213,3.389830508474576,0.3028358303915833,1.0,False,0.518792742049254
131,V,D,1,0.0166666666666666,4,0.0049751243781094,1.1691542288557213,3.389830508474576,0.3028358303915833,1.0,False,0.518792742049254
136,C,V,1,0.0166666666666666,4,0.0049751243781094,1.1691542288557213,3.389830508474576,0.3028358303915833,1.0,False,0.518792742049254
144,Y,D,1,0.0166666666666666,4,0.0049751243781094,1.1691542288557213,3.389830508474576,0.3028358303915833,1.0,False,0.518792742049254
68,A,T,2,0.0333333333333333,61,0.0758706467661691,-4.253731343283582,0.4200113058224985,0.3054600866044828,1.0,False,0.5150455294472048
74,T,W,2,0.0333333333333333,61,0.0758706467661691,-4.253731343283582,0.4200113058224985,0.3054600866044828,1.0,False,0.5150455294472048
125,M,F,2,0.0333333333333333,60,0.0746268656716417,-4.129353233830845,0.4275862068965517,0.3055243728604699,1.0,False,0.5149541386895253
148,E,S,2,0.0333333333333333,60,0.0746268656716417,-4.129353233830845,0.4275862068965517,0.3055243728604699,1.0,False,0.5149541386895253
48,N,E,2,0.0333333333333333,14,0.017412935323383,1.5920398009950247,1.9458128078817731,0.3065236142778866,1.0,False,0.5135360622368178
73,F,T,2,0.0333333333333333,14,0.017412935323383,1.5920398009950247,1.9458128078817731,0.3065236142778866,1.0,False,0.5135360622368178
91,T,I,2,0.0333333333333333,14,0.017412935323383,1.5920398009950247,1.9458128078817731,0.3065236142778866,1.0,False,0.5135360622368178
118,P,E,2,0.0333333333333333,14,0.017412935323383,1.5920398009950247,1.9458128078817731,0.3065236142778866,1.0,False,0.5135360622368178
154,D,E,2,0.0333333333333333,14,0.017412935323383,1.5920398009950247,1.9458128078817731,0.3065236142778866,1.0,False,0.5135360622368178
85,Y,C,4,0.0666666666666666,32,0.0398009950248756,2.686567164179104,1.7232142857142858,0.3065440166201102,1.0,False,0.513507156373248
147,H,N,2,0.0333333333333333,63,0.0783582089552238,-4.502487562189055,0.4055829228243021,0.3071680406385737,1.0,False,0.5126239725479134
16,A,M,2,0.0333333333333333,64,0.0796019900497512,-4.626865671641791,0.3987068965517241,0.3089071258533765,1.0,False,0.5101720733006679
39,A,P,2,0.0333333333333333,64,0.0796019900497512,-4.626865671641791,0.3987068965517241,0.3089071258533765,1.0,False,0.5101720733006679
76,T,K,2,0.0333333333333333,64,0.0796019900497512,-4.626865671641791,0.3987068965517241,0.3089071258533765,1.0,False,0.5101720733006679
101,Q,E,2,0.0333333333333333,64,0.0796019900497512,-4.626865671641791,0.3987068965517241,0.3089071258533765,1.0,False,0.5101720733006679
9,T,A,2,0.0333333333333333,65,0.0808457711442786,-4.751243781094528,0.3920424403183024,0.3112129564479862,1.0,False,0.5069423307159806
65,K,Q,4,0.0666666666666666,33,0.0410447761194029,2.562189054726368,1.6688311688311688,0.3170731698362363,1.0,False,0.4988405056394235
143,V,A,4,0.0666666666666666,33,0.0410447761194029,2.562189054726368,1.6688311688311688,0.3170731698362363,1.0,False,0.4988405056394235
141,H,H,5,0.0833333333333333,109,0.1355721393034825,-5.223880597014925,0.5796497080900751,0.323429853943431,1.0,False,0.4902198953619122
53,V,P,4,0.0666666666666666,34,0.0422885572139303,2.437810945273632,1.6176470588235294,0.3281964906636882,1.0,False,0.4838660670780008
1,N,M,2,0.0333333333333333,15,0.0186567164179104,1.4676616915422886,1.813793103448276,0.3330067410830288,1.0,False,0.4775469749455441
11,T,D,2,0.0333333333333333,15,0.0186567164179104,1.4676616915422886,1.813793103448276,0.3330067410830288,1.0,False,0.4775469749455441
42,I,M,2,0.0333333333333333,15,0.0186567164179104,1.4676616915422886,1.813793103448276,0.3330067410830288,1.0,False,0.4775469749455441
104,K,L,2,0.0333333333333333,15,0.0186567164179104,1.4676616915422886,1.813793103448276,0.3330067410830288,1.0,False,0.4775469749455441
126,D,P,2,0.0333333333333333,15,0.0186567164179104,1.4676616915422886,1.813793103448276,0.3330067410830288,1.0,False,0.4775469749455441
129,K,E,2,0.0333333333333333,15,0.0186567164179104,1.4676616915422886,1.813793103448276,0.3330067410830288,1.0,False,0.4775469749455441
157,K,E,7,0.1166666666666666,66,0.0820895522388059,3.45771144278607,1.476843910806175,0.3358907049680782,1.0,False,0.4738020141307283
18,N,N,20,0.3333333333333333,323,0.4017412935323383,-6.8407960199004965,0.7445820433436533,0.3394118420965305,1.0,False,0.4692730091973138
63,S,S,28,0.4666666666666667,323,0.4017412935323383,6.492537313432839,1.3030185758513932,0.3420064671188982,1.0,False,0.4659656816412438
93,I,V,21,0.35,339,0.4216417910447761,-7.164179104477614,0.7385976855003403,0.3421101620609517,1.0,False,0.4658340253137724
82,L,I,28,0.4666666666666667,429,0.5335820895522388,-6.691542288557217,0.7648601398601399,0.349168424954675,1.0,False,0.4569650361232666
2,Y,I,1,0.0166666666666666,5,0.0062189054726368,1.0447761194029852,2.7084745762711866,0.3515318142990395,1.0,False,0.4540353643873225
3,Q,S,1,0.0166666666666666,5,0.0062189054726368,1.0447761194029852,2.7084745762711866,0.3515318142990395,1.0,False,0.4540353643873225
22,I,W,1,0.0166666666666666,5,0.0062189054726368,1.0447761194029852,2.7084745762711866,0.3515318142990395,1.0,False,0.4540353643873225
24,E,L,1,0.0166666666666666,5,0.0062189054726368,1.0447761194029852,2.7084745762711866,0.3515318142990395,1.0,False,0.4540353643873225
29,I,A,1,0.0166666666666666,5,0.0062189054726368,1.0447761194029852,2.7084745762711866,0.3515318142990395,1.0,False,0.4540353643873225
39,F,P,1,0.0166666666666666,5,0.0062189054726368,1.0447761194029852,2.7084745762711866,0.3515318142990395,1.0,False,0.4540353643873225
44,L,R,1,0.0166666666666666,5,0.0062189054726368,1.0447761194029852,2.7084745762711866,0.3515318142990395,1.0,False,0.4540353643873225
59,A,N,1,0.0166666666666666,5,0.0062189054726368,1.0447761194029852,2.7084745762711866,0.3515318142990395,1.0,False,0.4540353643873225
64,D,S,1,0.0166666666666666,5,0.0062189054726368,1.0447761194029852,2.7084745762711866,0.3515318142990395,1.0,False,0.4540353643873225
67,V,G,1,0.0166666666666666,5,0.0062189054726368,1.0447761194029852,2.7084745762711866,0.3515318142990395,1.0,False,0.4540353643873225
72,M,V,1,0.0166666666666666,5,0.0062189054726368,1.0447761194029852,2.7084745762711866,0.3515318142990395,1.0,False,0.4540353643873225
112,C,L,1,0.0166666666666666,5,0.0062189054726368,1.0447761194029852,2.7084745762711866,0.3515318142990395,1.0,False,0.4540353643873225
127,F,D,1,0.0166666666666666,5,0.0062189054726368,1.0447761194029852,2.7084745762711866,0.3515318142990395,1.0,False,0.4540353643873225
135,H,S,1,0.0166666666666666,5,0.0062189054726368,1.0447761194029852,2.7084745762711866,0.3515318142990395,1.0,False,0.4540353643873225
151,R,Y,1,0.0166666666666666,5,0.0062189054726368,1.0447761194029852,2.7084745762711866,0.3515318142990395,1.0,False,0.4540353643873225
152,P,C,1,0.0166666666666666,5,0.0062189054726368,1.0447761194029852,2.7084745762711866,0.3515318142990395,1.0,False,0.4540353643873225
3,V,S,4,0.0666666666666666,36,0.044776119402985,2.1890547263681595,1.5238095238095235,0.351983368858771,1.0,False,0.4534778563613548
33,N,R,4,0.0666666666666666,36,0.044776119402985,2.1890547263681595,1.5238095238095235,0.351983368858771,1.0,False,0.4534778563613548
58,V,K,4,0.0666666666666666,36,0.044776119402985,2.1890547263681595,1.5238095238095235,0.351983368858771,1.0,False,0.4534778563613548
38,N,K,3,0.05,73,0.0907960199004975,-4.079601990049751,0.5270367700072098,0.352080072033894,1.0,False,0.4533585555905343
4,A,L,3,0.05,76,0.0945273631840796,-4.45273631840796,0.5041551246537396,0.3522360426204566,1.0,False,0.4531662068290016
116,E,D,3,0.05,76,0.0945273631840796,-4.45273631840796,0.5041551246537396,0.3522360426204566,1.0,False,0.4531662068290016
124,R,H,1,0.0166666666666666,40,0.0497512437810945,-3.308457711442786,0.323728813559322,0.3532757577433262,1.0,False,0.4518861634129505
146,S,Q,1,0.0166666666666666,41,0.0509950248756218,-3.4328358208955216,0.3154195948739148,0.353471235965783,1.0,False,0.4516459215264883
147,S,N,1,0.0166666666666666,43,0.0534825870646766,-3.6815920398009943,0.2999605833661805,0.3565075380823892,1.0,False,0.4479312828865194
68,Q,T,3,0.05,79,0.0982587064676616,-4.825870646766169,0.4830113257828115,0.3568388332496426,1.0,False,0.4475278893062166
117,G,A,3,0.05,79,0.0982587064676616,-4.825870646766169,0.4830113257828115,0.3568388332496426,1.0,False,0.4475278893062166
80,R,E,2,0.0333333333333333,16,0.0199004975124378,1.343283582089552,1.6982758620689655,0.3592182360533191,1.0,False,0.4446416240751779
102,M,Q,2,0.0333333333333333,16,0.0199004975124378,1.343283582089552,1.6982758620689655,0.3592182360533191,1.0,False,0.4446416240751779
36,R,L,1,0.0166666666666666,44,0.0547263681592039,-3.805970149253732,0.2927580893682588,0.3592704452857599,1.0,False,0.4445785077528689
51,K,G,1,0.0166666666666666,44,0.0547263681592039,-3.805970149253732,0.2927580893682588,0.3592704452857599,1.0,False,0.4445785077528689
84,V,A,1,0.0166666666666666,44,0.0547263681592039,-3.805970149253732,0.2927580893682588,0.3592704452857599,1.0,False,0.4445785077528689
85,V,C,1,0.0166666666666666,44,0.0547263681592039,-3.805970149253732,0.2927580893682588,0.3592704452857599,1.0,False,0.4445785077528689
138,Q,S,1,0.0166666666666666,44,0.0547263681592039,-3.805970149253732,0.2927580893682588,0.3592704452857599,1.0,False,0.4445785077528689
58,Q,K,1,0.0166666666666666,45,0.0559701492537313,-3.9303482587064673,0.2858757062146893,0.3628100735924232,1.0,False,0.4403206630538769
98,A,R,1,0.0166666666666666,45,0.0559701492537313,-3.9303482587064673,0.2858757062146893,0.3628100735924232,1.0,False,0.4403206630538769
103,S,F,1,0.0166666666666666,45,0.0559701492537313,-3.9303482587064673,0.2858757062146893,0.3628100735924232,1.0,False,0.4403206630538769
139,R,E,1,0.0166666666666666,45,0.0559701492537313,-3.9303482587064673,0.2858757062146893,0.3628100735924232,1.0,False,0.4403206630538769
87,N,D,5,0.0833333333333333,43,0.0534825870646766,2.985074626865672,1.6088794926004228,0.3720577258071822,1.0,False,0.429389672874604
105,S,P,5,0.0833333333333333,43,0.0534825870646766,2.985074626865672,1.6088794926004228,0.3720577258071822,1.0,False,0.429389672874604
1,E,M,5,0.0833333333333333,44,0.0547263681592039,2.860696517412934,1.5702479338842976,0.3776845353502098,1.0,False,0.4228707974059073
136,E,V,5,0.0833333333333333,44,0.0547263681592039,2.860696517412934,1.5702479338842976,0.3776845353502098,1.0,False,0.4228707974059073
148,G,S,5,0.0833333333333333,44,0.0547263681592039,2.860696517412934,1.5702479338842976,0.3776845353502098,1.0,False,0.4228707974059073
85,T,C,2,0.0333333333333333,17,0.0211442786069651,1.2189054726368158,1.5963488843813387,0.3850688718938561,1.0,False,0.4144615873526753
135,T,S,2,0.0333333333333333,17,0.0211442786069651,1.2189054726368158,1.5963488843813387,0.3850688718938561,1.0,False,0.4144615873526753
92,M,M,4,0.0666666666666666,89,0.1106965174129353,-4.402985074626866,0.5738362760834671,0.3883396328450287,1.0,False,0.4107882843250635
36,V,L,0,0.0,20,0.0248756218905472,-2.4875621890547266,0.0,0.3894783210787863,1.0,False,0.409516710771594
37,H,N,0,0.0,20,0.0248756218905472,-2.4875621890547266,0.0,0.3894783210787863,1.0,False,0.409516710771594
65,H,Q,0,0.0,20,0.0248756218905472,-2.4875621890547266,0.0,0.3894783210787863,1.0,False,0.409516710771594
132,T,D,0,0.0,20,0.0248756218905472,-2.4875621890547266,0.0,0.3894783210787863,1.0,False,0.409516710771594
135,C,S,0,0.0,20,0.0248756218905472,-2.4875621890547266,0.0,0.3894783210787863,1.0,False,0.409516710771594
155,S,I,0,0.0,20,0.0248756218905472,-2.4875621890547266,0.0,0.3894783210787863,1.0,False,0.409516710771594
7,C,A,0,0.0,21,0.0261194029850746,-2.6119402985074625,0.0,0.3903693006805367,1.0,False,0.4085243433344302
34,E,N,0,0.0,21,0.0261194029850746,-2.6119402985074625,0.0,0.3903693006805367,1.0,False,0.4085243433344302
45,A,H,0,0.0,21,0.0261194029850746,-2.6119402985074625,0.0,0.3903693006805367,1.0,False,0.4085243433344302
78,A,V,0,0.0,21,0.0261194029850746,-2.6119402985074625,0.0,0.3903693006805367,1.0,False,0.4085243433344302
79,G,D,0,0.0,21,0.0261194029850746,-2.6119402985074625,0.0,0.3903693006805367,1.0,False,0.4085243433344302
104,W,L,0,0.0,21,0.0261194029850746,-2.6119402985074625,0.0,0.3903693006805367,1.0,False,0.4085243433344302
106,D,K,0,0.0,21,0.0261194029850746,-2.6119402985074625,0.0,0.3903693006805367,1.0,False,0.4085243433344302
109,A,K,0,0.0,21,0.0261194029850746,-2.6119402985074625,0.0,0.3903693006805367,1.0,False,0.4085243433344302
124,L,H,0,0.0,21,0.0261194029850746,-2.6119402985074625,0.0,0.3903693006805367,1.0,False,0.4085243433344302
137,G,F,0,0.0,21,0.0261194029850746,-2.6119402985074625,0.0,0.3903693006805367,1.0,False,0.4085243433344302
149,E,H,0,0.0,21,0.0261194029850746,-2.6119402985074625,0.0,0.3903693006805367,1.0,False,0.4085243433344302
155,D,I,0,0.0,21,0.0261194029850746,-2.6119402985074625,0.0,0.3903693006805367,1.0,False,0.4085243433344302
108,E,Q,5,0.0833333333333333,46,0.0572139303482587,2.611940298507462,1.4980237154150198,0.3907418915075766,1.0,False,0.4081100254906149
8,C,L,0,0.0,22,0.0273631840796019,-2.736318407960199,0.0,0.392953421319803,1.0,False,0.4056589256109583
38,C,K,0,0.0,22,0.0273631840796019,-2.736318407960199,0.0,0.392953421319803,1.0,False,0.4056589256109583
56,H,G,0,0.0,22,0.0273631840796019,-2.736318407960199,0.0,0.392953421319803,1.0,False,0.4056589256109583
99,T,V,0,0.0,22,0.0273631840796019,-2.736318407960199,0.0,0.392953421319803,1.0,False,0.4056589256109583
116,A,D,0,0.0,22,0.0273631840796019,-2.736318407960199,0.0,0.392953421319803,1.0,False,0.4056589256109583
129,A,E,0,0.0,22,0.0273631840796019,-2.736318407960199,0.0,0.392953421319803,1.0,False,0.4056589256109583
130,D,P,0,0.0,22,0.0273631840796019,-2.736318407960199,0.0,0.392953421319803,1.0,False,0.4056589256109583
134,H,E,0,0.0,22,0.0273631840796019,-2.736318407960199,0.0,0.392953421319803,1.0,False,0.4056589256109583
137,N,F,0,0.0,22,0.0273631840796019,-2.736318407960199,0.0,0.392953421319803,1.0,False,0.4056589256109583
149,A,H,0,0.0,22,0.0273631840796019,-2.736318407960199,0.0,0.392953421319803,1.0,False,0.4056589256109583
14,M,I,1,0.0166666666666666,6,0.0074626865671641,0.9203980099502488,2.254237288135593,0.3968792398725332,1.0,False,0.4013416177585078
23,P,N,1,0.0166666666666666,6,0.0074626865671641,0.9203980099502488,2.254237288135593,0.3968792398725332,1.0,False,0.4013416177585078
55,N,P,1,0.0166666666666666,6,0.0074626865671641,0.9203980099502488,2.254237288135593,0.3968792398725332,1.0,False,0.4013416177585078
78,W,V,1,0.0166666666666666,6,0.0074626865671641,0.9203980099502488,2.254237288135593,0.3968792398725332,1.0,False,0.4013416177585078
80,L,E,1,0.0166666666666666,6,0.0074626865671641,0.9203980099502488,2.254237288135593,0.3968792398725332,1.0,False,0.4013416177585078
80,V,E,1,0.0166666666666666,6,0.0074626865671641,0.9203980099502488,2.254237288135593,0.3968792398725332,1.0,False,0.4013416177585078
88,R,V,1,0.0166666666666666,6,0.0074626865671641,0.9203980099502488,2.254237288135593,0.3968792398725332,1.0,False,0.4013416177585078
89,L,P,1,0.0166666666666666,6,0.0074626865671641,0.9203980099502488,2.254237288135593,0.3968792398725332,1.0,False,0.4013416177585078
97,P,G,1,0.0166666666666666,6,0.0074626865671641,0.9203980099502488,2.254237288135593,0.3968792398725332,1.0,False,0.4013416177585078
124,Q,H,1,0.0166666666666666,6,0.0074626865671641,0.9203980099502488,2.254237288135593,0.3968792398725332,1.0,False,0.4013416177585078
130,N,P,1,0.0166666666666666,6,0.0074626865671641,0.9203980099502488,2.254237288135593,0.3968792398725332,1.0,False,0.4013416177585078
134,F,E,1,0.0166666666666666,6,0.0074626865671641,0.9203980099502488,2.254237288135593,0.3968792398725332,1.0,False,0.4013416177585078
142,M,D,1,0.0166666666666666,6,0.0074626865671641,0.9203980099502488,2.254237288135593,0.3968792398725332,1.0,False,0.4013416177585078
153,R,F,1,0.0166666666666666,6,0.0074626865671641,0.9203980099502488,2.254237288135593,0.3968792398725332,1.0,False,0.4013416177585078
156,R,L,1,0.0166666666666666,6,0.0074626865671641,0.9203980099502488,2.254237288135593,0.3968792398725332,1.0,False,0.4013416177585078
156,V,L,1,0.0166666666666666,6,0.0074626865671641,0.9203980099502488,2.254237288135593,0.3968792398725332,1.0,False,0.4013416177585078
17,R,E,0,0.0,23,0.0286069651741293,-2.8606965174129355,0.0,0.3970771503205847,1.0,False,0.4011251035561116
55,D,P,0,0.0,23,0.0286069651741293,-2.8606965174129355,0.0,0.3970771503205847,1.0,False,0.4011251035561116
103,V,F,0,0.0,23,0.0286069651741293,-2.8606965174129355,0.0,0.3970771503205847,1.0,False,0.4011251035561116
109,H,K,0,0.0,23,0.0286069651741293,-2.8606965174129355,0.0,0.3970771503205847,1.0,False,0.4011251035561116
114,D,H,0,0.0,23,0.0286069651741293,-2.8606965174129355,0.0,0.3970771503205847,1.0,False,0.4011251035561116
137,W,F,0,0.0,23,0.0286069651741293,-2.8606965174129355,0.0,0.3970771503205847,1.0,False,0.4011251035561116
54,F,L,0,0.0,24,0.0298507462686567,-2.985074626865672,0.0,0.4025941673423093,1.0,False,0.3951325213236661
74,R,W,0,0.0,24,0.0298507462686567,-2.985074626865672,0.0,0.4025941673423093,1.0,False,0.3951325213236661
92,C,M,0,0.0,24,0.0298507462686567,-2.985074626865672,0.0,0.4025941673423093,1.0,False,0.3951325213236661
120,V,E,0,0.0,24,0.0298507462686567,-2.985074626865672,0.0,0.4025941673423093,1.0,False,0.3951325213236661
149,V,H,0,0.0,24,0.0298507462686567,-2.985074626865672,0.0,0.4025941673423093,1.0,False,0.3951325213236661
154,C,E,0,0.0,24,0.0298507462686567,-2.985074626865672,0.0,0.4025941673423093,1.0,False,0.3951325213236661
50,I,I,25,0.4166666666666667,292,0.36318407960199,5.348258706467663,1.2524461839530332,0.4080855938020034,1.0,False,0.3892487363777401
11,A,D,0,0.0,25,0.031094527363184,-3.109452736318408,0.0,0.4093654761098564,1.0,False,0.3878887864102163
26,T,A,0,0.0,25,0.031094527363184,-3.109452736318408,0.0,0.4093654761098564,1.0,False,0.3878887864102163
73,H,T,0,0.0,25,0.031094527363184,-3.109452736318408,0.0,0.4093654761098564,1.0,False,0.3878887864102163
134,A,E,0,0.0,25,0.031094527363184,-3.109452736318408,0.0,0.4093654761098564,1.0,False,0.3878887864102163
143,R,A,0,0.0,25,0.031094527363184,-3.109452736318408,0.0,0.4093654761098564,1.0,False,0.3878887864102163
47,L,W,5,0.0833333333333333,49,0.0609452736318407,2.238805970149253,1.4007421150278294,0.4142417895043244,1.0,False,0.3827460907741733
104,M,L,5,0.0833333333333333,100,0.1243781094527363,-4.1044776119403,0.64,0.4184398955269438,1.0,False,0.3783669150079001
2,M,I,2,0.0333333333333333,55,0.0684079601990049,-3.5074626865671634,0.4695924764890282,0.4203513902279201,1.0,False,0.3763875119025436
49,A,S,2,0.0333333333333333,56,0.0696517412935323,-3.6318407960199006,0.4605911330049261,0.4212577213922828,1.0,False,0.3754521256996474
65,T,Q,2,0.0333333333333333,56,0.0696517412935323,-3.6318407960199006,0.4605911330049261,0.4212577213922828,1.0,False,0.3754521256996474
115,L,I,2,0.0333333333333333,56,0.0696517412935323,-3.6318407960199006,0.4605911330049261,0.4212577213922828,1.0,False,0.3754521256996474
98,S,R,5,0.0833333333333333,106,0.1318407960199005,-4.850746268656718,0.5986277873070326,0.4213608288044195,1.0,False,0.3753458404051987
8,A,L,2,0.0333333333333333,58,0.072139303482587,-3.8805970149253737,0.4435196195005945,0.4249264698141477,1.0,False,0.3716862146949877
131,N,D,2,0.0333333333333333,58,0.072139303482587,-3.8805970149253737,0.4435196195005945,0.4249264698141477,1.0,False,0.3716862146949877
148,A,S,2,0.0333333333333333,58,0.072139303482587,-3.8805970149253737,0.4435196195005945,0.4249264698141477,1.0,False,0.3716862146949877
10,N,V,3,0.05,24,0.0298507462686567,2.0149253731343286,1.7105263157894737,0.4261517873851145,1.0,False,0.3704356856799905
17,K,E,2,0.0333333333333333,59,0.0733830845771144,-4.0049751243781095,0.4354178842781999,0.4276426590441313,1.0,False,0.3689189787125845
45,N,H,2,0.0333333333333333,59,0.0733830845771144,-4.0049751243781095,0.4354178842781999,0.4276426590441313,1.0,False,0.3689189787125845
47,Y,W,11,0.1833333333333333,188,0.2338308457711442,-5.049751243781095,0.7355623100303952,0.4292780572404266,1.0,False,0.3672613101298131
105,D,P,10,0.1666666666666666,107,0.1330845771144278,3.358208955223879,1.302803738317757,0.4366437669806811,1.0,False,0.3598727349449136
2,K,I,1,0.0166666666666666,7,0.0087064676616915,0.7960199004975124,1.9297820823244551,0.4391047306632545,1.0,False,0.3574318840300232
30,Q,W,1,0.0166666666666666,7,0.0087064676616915,0.7960199004975124,1.9297820823244551,0.4391047306632545,1.0,False,0.3574318840300232
32,A,K,1,0.0166666666666666,7,0.0087064676616915,0.7960199004975124,1.9297820823244551,0.4391047306632545,1.0,False,0.3574318840300232
37,K,N,1,0.0166666666666666,7,0.0087064676616915,0.7960199004975124,1.9297820823244551,0.4391047306632545,1.0,False,0.3574318840300232
39,D,P,1,0.0166666666666666,7,0.0087064676616915,0.7960199004975124,1.9297820823244551,0.4391047306632545,1.0,False,0.3574318840300232
59,V,N,1,0.0166666666666666,7,0.0087064676616915,0.7960199004975124,1.9297820823244551,0.4391047306632545,1.0,False,0.3574318840300232
78,Y,V,1,0.0166666666666666,7,0.0087064676616915,0.7960199004975124,1.9297820823244551,0.4391047306632545,1.0,False,0.3574318840300232
83,I,A,1,0.0166666666666666,7,0.0087064676616915,0.7960199004975124,1.9297820823244551,0.4391047306632545,1.0,False,0.3574318840300232
83,P,A,1,0.0166666666666666,7,0.0087064676616915,0.7960199004975124,1.9297820823244551,0.4391047306632545,1.0,False,0.3574318840300232
85,M,C,1,0.0166666666666666,7,0.0087064676616915,0.7960199004975124,1.9297820823244551,0.4391047306632545,1.0,False,0.3574318840300232
86,I,G,1,0.0166666666666666,7,0.0087064676616915,0.7960199004975124,1.9297820823244551,0.4391047306632545,1.0,False,0.3574318840300232
92,S,M,1,0.0166666666666666,7,0.0087064676616915,0.7960199004975124,1.9297820823244551,0.4391047306632545,1.0,False,0.3574318840300232
92,T,M,1,0.0166666666666666,7,0.0087064676616915,0.7960199004975124,1.9297820823244551,0.4391047306632545,1.0,False,0.3574318840300232
93,F,V,1,0.0166666666666666,7,0.0087064676616915,0.7960199004975124,1.9297820823244551,0.4391047306632545,1.0,False,0.3574318840300232
95,G,G,59,0.9833333333333332,797,0.9912935323383084,-0.7960199004975133,0.5181932245922208,0.4391047306632545,1.0,False,0.3574318840300232
127,Y,D,1,0.0166666666666666,7,0.0087064676616915,0.7960199004975124,1.9297820823244551,0.4391047306632545,1.0,False,0.3574318840300232
131,P,D,1,0.0166666666666666,7,0.0087064676616915,0.7960199004975124,1.9297820823244551,0.4391047306632545,1.0,False,0.3574318840300232
141,A,H,1,0.0166666666666666,7,0.0087064676616915,0.7960199004975124,1.9297820823244551,0.4391047306632545,1.0,False,0.3574318840300232
142,F,D,1,0.0166666666666666,7,0.0087064676616915,0.7960199004975124,1.9297820823244551,0.4391047306632545,1.0,False,0.3574318840300232
149,G,H,1,0.0166666666666666,7,0.0087064676616915,0.7960199004975124,1.9297820823244551,0.4391047306632545,1.0,False,0.3574318840300232
155,A,I,1,0.0166666666666666,7,0.0087064676616915,0.7960199004975124,1.9297820823244551,0.4391047306632545,1.0,False,0.3574318840300232
151,F,Y,12,0.2,200,0.2487562189054726,-4.875621890547263,0.755,0.4408946728856676,1.0,False,0.3556651485094352
24,I,L,18,0.3,205,0.2549751243781094,4.502487562189056,1.2522648083623693,0.4462289931105631,1.0,False,0.3504422154532059
78,M,V,3,0.05,26,0.0323383084577114,1.7661691542288562,1.5748987854251013,0.4464706940741986,1.0,False,0.3502070425303305
84,F,A,3,0.05,26,0.0323383084577114,1.7661691542288562,1.5748987854251013,0.4464706940741986,1.0,False,0.3502070425303305
142,T,D,3,0.05,26,0.0323383084577114,1.7661691542288562,1.5748987854251013,0.4464706940741986,1.0,False,0.3502070425303305
102,E,Q,11,0.1833333333333333,117,0.1455223880597015,3.7810945273631824,1.3181580324437467,0.4499687100131731,1.0,False,0.3468176852048475
127,T,D,3,0.05,27,0.0335820895522388,1.6417910447761197,1.5146198830409356,0.457684552860653,1.0,False,0.3394337450352045
157,S,E,3,0.05,27,0.0335820895522388,1.6417910447761197,1.5146198830409356,0.457684552860653,1.0,False,0.3394337450352045
126,P,P,53,0.8833333333333333,672,0.835820895522388,4.751243781094527,1.4872448979591837,0.4650910141156371,1.0,False,0.3324620512812018
84,I,A,6,0.1,63,0.0783582089552238,2.164179104477612,1.306878306878307,0.46727174086315,1.0,False,0.3304304829566405
56,K,G,3,0.05,69,0.085820895522388,-3.5820895522388057,0.5606407322654462,0.468173510836796,1.0,False,0.3295931622388249
154,I,E,3,0.05,69,0.085820895522388,-3.5820895522388057,0.5606407322654462,0.468173510836796,1.0,False,0.3295931622388249
131,R,D,3,0.05,28,0.0348258706467661,1.5174129353233832,1.4586466165413534,0.4694710414200627,1.0,False,0.3283911913410969
138,T,S,3,0.05,28,0.0348258706467661,1.5174129353233832,1.4586466165413534,0.4694710414200627,1.0,False,0.3283911913410969
1,D,M,1,0.0166666666666666,8,0.0099502487562189,0.6716417910447761,1.6864406779661016,0.4784198196354562,1.0,False,0.3201908370045627
3,C,S,1,0.0166666666666666,8,0.0099502487562189,0.6716417910447761,1.6864406779661016,0.4784198196354562,1.0,False,0.3201908370045627
18,K,N,1,0.0166666666666666,8,0.0099502487562189,0.6716417910447761,1.6864406779661016,0.4784198196354562,1.0,False,0.3201908370045627
24,S,L,1,0.0166666666666666,8,0.0099502487562189,0.6716417910447761,1.6864406779661016,0.4784198196354562,1.0,False,0.3201908370045627
47,M,W,1,0.0166666666666666,8,0.0099502487562189,0.6716417910447761,1.6864406779661016,0.4784198196354562,1.0,False,0.3201908370045627
58,N,K,1,0.0166666666666666,8,0.0099502487562189,0.6716417910447761,1.6864406779661016,0.4784198196354562,1.0,False,0.3201908370045627
72,S,V,1,0.0166666666666666,8,0.0099502487562189,0.6716417910447761,1.6864406779661016,0.4784198196354562,1.0,False,0.3201908370045627
82,S,I,1,0.0166666666666666,8,0.0099502487562189,0.6716417910447761,1.6864406779661016,0.4784198196354562,1.0,False,0.3201908370045627
88,I,V,1,0.0166666666666666,8,0.0099502487562189,0.6716417910447761,1.6864406779661016,0.4784198196354562,1.0,False,0.3201908370045627
101,H,E,1,0.0166666666666666,8,0.0099502487562189,0.6716417910447761,1.6864406779661016,0.4784198196354562,1.0,False,0.3201908370045627
120,H,E,1,0.0166666666666666,8,0.0099502487562189,0.6716417910447761,1.6864406779661016,0.4784198196354562,1.0,False,0.3201908370045627
126,A,P,1,0.0166666666666666,8,0.0099502487562189,0.6716417910447761,1.6864406779661016,0.4784198196354562,1.0,False,0.3201908370045627
130,V,P,1,0.0166666666666666,8,0.0099502487562189,0.6716417910447761,1.6864406779661016,0.4784198196354562,1.0,False,0.3201908370045627
134,Y,E,1,0.0166666666666666,8,0.0099502487562189,0.6716417910447761,1.6864406779661016,0.4784198196354562,1.0,False,0.3201908370045627
147,V,N,1,0.0166666666666666,8,0.0099502487562189,0.6716417910447761,1.6864406779661016,0.4784198196354562,1.0,False,0.3201908370045627
26,K,A,3,0.05,29,0.0360696517412935,1.3930348258706469,1.4065335753176045,0.4817407561218852,1.0,False,0.317186610048271
46,S,T,3,0.05,29,0.0360696517412935,1.3930348258706469,1.4065335753176045,0.4817407561218852,1.0,False,0.317186610048271
48,D,E,8,0.1333333333333333,144,0.1791044776119403,-4.577114427860696,0.7051282051282052,0.4818099139651665,1.0,False,0.3171242679821993
119,I,V,7,0.1166666666666666,73,0.0907960199004975,2.587064676616915,1.3225639700180924,0.4878906262497885,1.0,False,0.3116775258252183
103,T,F,7,0.1166666666666666,74,0.0920398009950248,2.4626865671641798,1.3029066802651708,0.4922015161268144,1.0,False,0.3078570528752007
29,E,A,3,0.05,30,0.0373134328358208,1.268656716417911,1.3578947368421053,0.4944106895110399,1.0,False,0.3059121480618931
38,S,K,3,0.05,30,0.0373134328358208,1.268656716417911,1.3578947368421053,0.4944106895110399,1.0,False,0.3059121480618931
135,K,S,3,0.05,30,0.0373134328358208,1.268656716417911,1.3578947368421053,0.4944106895110399,1.0,False,0.3059121480618931
154,A,E,3,0.05,30,0.0373134328358208,1.268656716417911,1.3578947368421053,0.4944106895110399,1.0,False,0.3059121480618931
34,T,N,9,0.15,158,0.1965174129353233,-4.651741293532338,0.7215189873417721,0.4974229821351094,1.0,False,0.3032741531555814
115,V,I,28,0.4666666666666667,334,0.4154228855721393,5.124378109452738,1.2312874251497006,0.4980406534347958,1.0,False,0.302735205750725
110,I,L,14,0.2333333333333333,156,0.1940298507462686,3.9303482587064673,1.2642140468227423,0.5000986956613637,1.0,False,0.3009442781614124
62,I,L,14,0.2333333333333333,157,0.195273631840796,3.805970149253732,1.2542232068679036,0.5014484445391579,1.0,False,0.2997737115032274
48,A,E,1,0.0166666666666666,34,0.0422885572139303,-2.5621890547263684,0.3838484546360917,0.5050035138874488,1.0,False,0.2967055999870421
74,A,W,1,0.0166666666666666,34,0.0422885572139303,-2.5621890547263684,0.3838484546360917,0.5050035138874488,1.0,False,0.2967055999870421
80,K,E,1,0.0166666666666666,34,0.0422885572139303,-2.5621890547263684,0.3838484546360917,0.5050035138874488,1.0,False,0.2967055999870421
89,A,P,1,0.0166666666666666,34,0.0422885572139303,-2.5621890547263684,0.3838484546360917,0.5050035138874488,1.0,False,0.2967055999870421
142,K,D,1,0.0166666666666666,34,0.0422885572139303,-2.5621890547263684,0.3838484546360917,0.5050035138874488,1.0,False,0.2967055999870421
157,I,E,1,0.0166666666666666,34,0.0422885572139303,-2.5621890547263684,0.3838484546360917,0.5050035138874488,1.0,False,0.2967055999870421
114,K,H,4,0.0666666666666666,84,0.1044776119402985,-3.781094527363184,0.6122448979591837,0.5053742025692478,1.0,False,0.2963869309316774
58,D,K,1,0.0166666666666666,33,0.0410447761194029,-2.437810945273632,0.3959938366718027,0.5053901939045442,1.0,False,0.2963731889583703
94,M,I,1,0.0166666666666666,33,0.0410447761194029,-2.437810945273632,0.3959938366718027,0.5053901939045442,1.0,False,0.2963731889583703
104,F,L,1,0.0166666666666666,33,0.0410447761194029,-2.437810945273632,0.3959938366718027,0.5053901939045442,1.0,False,0.2963731889583703
114,Q,H,1,0.0166666666666666,33,0.0410447761194029,-2.437810945273632,0.3959938366718027,0.5053901939045442,1.0,False,0.2963731889583703
140,V,F,1,0.0166666666666666,33,0.0410447761194029,-2.437810945273632,0.3959938366718027,0.5053901939045442,1.0,False,0.2963731889583703
33,D,R,1,0.0166666666666666,35,0.0435323383084577,-2.6865671641791047,0.3723970944309927,0.5055767006737786,1.0,False,0.2962129485744973
34,Q,N,1,0.0166666666666666,35,0.0435323383084577,-2.6865671641791047,0.3723970944309927,0.5055767006737786,1.0,False,0.2962129485744973
73,Q,T,1,0.0166666666666666,35,0.0435323383084577,-2.6865671641791047,0.3723970944309927,0.5055767006737786,1.0,False,0.2962129485744973
108,Q,Q,1,0.0166666666666666,35,0.0435323383084577,-2.6865671641791047,0.3723970944309927,0.5055767006737786,1.0,False,0.2962129485744973
139,S,E,1,0.0166666666666666,35,0.0435323383084577,-2.6865671641791047,0.3723970944309927,0.5055767006737786,1.0,False,0.2962129485744973
146,D,Q,1,0.0166666666666666,35,0.0435323383084577,-2.6865671641791047,0.3723970944309927,0.5055767006737786,1.0,False,0.2962129485744973
146,N,Q,1,0.0166666666666666,36,0.044776119402985,-2.8109452736318405,0.3615819209039548,0.5070583066914102,1.0,False,0.2949420982241076
90,Q,E,1,0.0166666666666666,37,0.0460199004975124,-2.935323383084577,0.3513513513513513,0.509396079996065,1.0,False,0.2929444014270336
149,P,H,1,0.0166666666666666,37,0.0460199004975124,-2.935323383084577,0.3513513513513513,0.509396079996065,1.0,False,0.2929444014270336
89,E,P,10,0.1666666666666666,171,0.2126865671641791,-4.601990049751245,0.7403508771929824,0.5105522878466227,1.0,False,0.2919597733412418
12,H,R,1,0.0166666666666666,38,0.0472636815920398,-3.0597014925373136,0.3416592328278323,0.5125373770983072,1.0,False,0.2902744579294931
98,R,R,1,0.0166666666666666,38,0.0472636815920398,-3.0597014925373136,0.3416592328278323,0.5125373770983072,1.0,False,0.2902744579294931
10,V,V,1,0.0166666666666666,9,0.0111940298507462,0.5472636815920399,1.497175141242938,0.5150219375557752,1.0,False,0.2881742716257877
31,L,F,1,0.0166666666666666,9,0.0111940298507462,0.5472636815920399,1.497175141242938,0.5150219375557752,1.0,False,0.2881742716257877
43,G,G,59,0.9833333333333332,795,0.9888059701492538,-0.5472636815920473,0.6679245283018868,0.5150219375557752,1.0,False,0.2881742716257877
52,L,R,1,0.0166666666666666,9,0.0111940298507462,0.5472636815920399,1.497175141242938,0.5150219375557752,1.0,False,0.2881742716257877
59,C,N,1,0.0166666666666666,9,0.0111940298507462,0.5472636815920399,1.497175141242938,0.5150219375557752,1.0,False,0.2881742716257877
69,K,D,1,0.0166666666666666,9,0.0111940298507462,0.5472636815920399,1.497175141242938,0.5150219375557752,1.0,False,0.2881742716257877
79,H,D,1,0.0166666666666666,9,0.0111940298507462,0.5472636815920399,1.497175141242938,0.5150219375557752,1.0,False,0.2881742716257877
115,F,I,1,0.0166666666666666,9,0.0111940298507462,0.5472636815920399,1.497175141242938,0.5150219375557752,1.0,False,0.2881742716257877
119,T,V,1,0.0166666666666666,9,0.0111940298507462,0.5472636815920399,1.497175141242938,0.5150219375557752,1.0,False,0.2881742716257877
124,I,H,1,0.0166666666666666,9,0.0111940298507462,0.5472636815920399,1.497175141242938,0.5150219375557752,1.0,False,0.2881742716257877
127,G,D,1,0.0166666666666666,9,0.0111940298507462,0.5472636815920399,1.497175141242938,0.5150219375557752,1.0,False,0.2881742716257877
129,Q,E,1,0.0166666666666666,9,0.0111940298507462,0.5472636815920399,1.497175141242938,0.5150219375557752,1.0,False,0.2881742716257877
130,G,P,1,0.0166666666666666,9,0.0111940298507462,0.5472636815920399,1.497175141242938,0.5150219375557752,1.0,False,0.2881742716257877
138,H,S,1,0.0166666666666666,9,0.0111940298507462,0.5472636815920399,1.497175141242938,0.5150219375557752,1.0,False,0.2881742716257877
143,D,A,1,0.0166666666666666,9,0.0111940298507462,0.5472636815920399,1.497175141242938,0.5150219375557752,1.0,False,0.2881742716257877
145,H,A,1,0.0166666666666666,9,0.0111940298507462,0.5472636815920399,1.497175141242938,0.5150219375557752,1.0,False,0.2881742716257877
148,I,S,1,0.0166666666666666,9,0.0111940298507462,0.5472636815920399,1.497175141242938,0.5150219375557752,1.0,False,0.2881742716257877
150,L,S,1,0.0166666666666666,9,0.0111940298507462,0.5472636815920399,1.497175141242938,0.5150219375557752,1.0,False,0.2881742716257877
157,Y,E,1,0.0166666666666666,9,0.0111940298507462,0.5472636815920399,1.497175141242938,0.5150219375557752,1.0,False,0.2881742716257877
19,S,A,1,0.0166666666666666,39,0.0485074626865671,-3.1840796019900504,0.3324641460234681,0.5164295306789404,1.0,False,0.2869889316956613
66,R,P,1,0.0166666666666666,39,0.0485074626865671,-3.1840796019900504,0.3324641460234681,0.5164295306789404,1.0,False,0.2869889316956613
75,C,V,1,0.0166666666666666,39,0.0485074626865671,-3.1840796019900504,0.3324641460234681,0.5164295306789404,1.0,False,0.2869889316956613
118,R,E,1,0.0166666666666666,39,0.0485074626865671,-3.1840796019900504,0.3324641460234681,0.5164295306789404,1.0,False,0.2869889316956613
34,M,N,4,0.0666666666666666,37,0.0460199004975124,2.064676616915423,1.4806949806949807,0.5210201751998271,1.0,False,0.2831454594100509
85,C,C,4,0.0666666666666666,38,0.0472636815920398,1.9402985074626864,1.4398496240601504,0.5262575333356023,1.0,False,0.2788016742200941
106,I,K,4,0.0666666666666666,39,0.0485074626865671,1.81592039800995,1.401098901098901,0.532090666058176,1.0,False,0.2740143594082661
145,T,A,4,0.0666666666666666,39,0.0485074626865671,1.81592039800995,1.401098901098901,0.532090666058176,1.0,False,0.2740143594082661
125,L,F,4,0.0666666666666666,40,0.0497512437810945,1.6915422885572136,1.3642857142857143,0.5384696891029139,1.0,False,0.2688387384678402
132,N,D,4,0.0666666666666666,40,0.0497512437810945,1.6915422885572136,1.3642857142857143,0.5384696891029139,1.0,False,0.2688387384678402
38,Y,K,1,0.0166666666666666,10,0.0124378109452736,0.4228855721393034,1.3457627118644069,0.5490953377275005,1.0,False,0.2603522437934746
49,D,S,1,0.0166666666666666,10,0.0124378109452736,0.4228855721393034,1.3457627118644069,0.5490953377275005,1.0,False,0.2603522437934746
55,R,P,1,0.0166666666666666,10,0.0124378109452736,0.4228855721393034,1.3457627118644069,0.5490953377275005,1.0,False,0.2603522437934746
90,A,E,1,0.0166666666666666,10,0.0124378109452736,0.4228855721393034,1.3457627118644069,0.5490953377275005,1.0,False,0.2603522437934746
93,C,V,1,0.0166666666666666,10,0.0124378109452736,0.4228855721393034,1.3457627118644069,0.5490953377275005,1.0,False,0.2603522437934746
106,A,K,1,0.0166666666666666,10,0.0124378109452736,0.4228855721393034,1.3457627118644069,0.5490953377275005,1.0,False,0.2603522437934746
126,E,P,1,0.0166666666666666,10,0.0124378109452736,0.4228855721393034,1.3457627118644069,0.5490953377275005,1.0,False,0.2603522437934746
128,M,Y,1,0.0166666666666666,10,0.0124378109452736,0.4228855721393034,1.3457627118644069,0.5490953377275005,1.0,False,0.2603522437934746
138,L,S,1,0.0166666666666666,10,0.0124378109452736,0.4228855721393034,1.3457627118644069,0.5490953377275005,1.0,False,0.2603522437934746
86,G,G,4,0.0666666666666666,42,0.0522388059701492,1.4427860696517414,1.2959183673469388,0.5526722272211391,1.0,False,0.2575323589529798
4,M,L,6,0.1,109,0.1355721393034825,-3.557213930348257,0.7084607543323139,0.5555836811410385,1.0,False,0.2552505190439991
91,I,I,19,0.3166666666666666,228,0.2835820895522388,3.308457711442786,1.170731707317073,0.557634078368929,1.0,False,0.2536506933115256
103,A,F,20,0.3333333333333333,238,0.2960199004975124,3.731343283582089,1.1890756302521008,0.5597728687780896,1.0,False,0.2519881548614743
148,K,S,4,0.0666666666666666,43,0.0534825870646766,1.3184079601990049,1.2641196013289036,0.5604027766862303,1.0,False,0.251499721536655
23,N,N,4,0.0666666666666666,44,0.0547263681592039,1.1940298507462686,1.2337662337662338,0.5684935231275884,1.0,False,0.2452744788847281
152,A,C,4,0.0666666666666666,44,0.0547263681592039,1.1940298507462686,1.2337662337662338,0.5684935231275884,1.0,False,0.2452744788847281
66,K,P,10,0.1666666666666666,114,0.1417910447761194,2.487562189054726,1.2105263157894737,0.5686226799878492,1.0,False,0.2451758221040073
19,A,A,2,0.0333333333333333,48,0.0597014925373134,-2.6368159203980097,0.5431034482758621,0.570103984253638,1.0,False,0.2440459238558521
88,A,V,2,0.0333333333333333,48,0.0597014925373134,-2.6368159203980097,0.5431034482758621,0.570103984253638,1.0,False,0.2440459238558521
90,K,E,2,0.0333333333333333,48,0.0597014925373134,-2.6368159203980097,0.5431034482758621,0.570103984253638,1.0,False,0.2440459238558521
59,S,N,2,0.0333333333333333,47,0.058457711442786,-2.5124378109452734,0.5553925165077036,0.5701094588053419,1.0,False,0.2440417534654564
3,N,S,2,0.0333333333333333,49,0.0609452736318407,-2.7611940298507465,0.5313159746657283,0.5707117797109791,1.0,False,0.2435831633531277
82,V,I,2,0.0333333333333333,49,0.0609452736318407,-2.7611940298507465,0.5313159746657283,0.5707117797109791,1.0,False,0.2435831633531277
3,K,S,2,0.0333333333333333,50,0.0621890547263681,-2.8855721393034828,0.52,0.5719084448272722,1.0,False,0.2426734905930247
78,P,V,2,0.0333333333333333,50,0.0621890547263681,-2.8855721393034828,0.52,0.5719084448272722,1.0,False,0.2426734905930247
139,D,E,2,0.0333333333333333,50,0.0621890547263681,-2.8855721393034828,0.52,0.5719084448272722,1.0,False,0.2426734905930247
159,A,R,2,0.0333333333333333,50,0.0621890547263681,-2.8855721393034828,0.52,0.5719084448272722,1.0,False,0.2426734905930247
44,R,R,53,0.8833333333333333,683,0.849502487562189,3.383084577114426,1.341351181761138,0.5747592744450795,1.0,False,0.2405140121285859
129,S,E,2,0.0333333333333333,52,0.0646766169154228,-3.134328358208955,0.4986737400530504,0.5759660375500015,1.0,False,0.239603124457836
29,D,A,1,0.0166666666666666,11,0.0136815920398009,0.2985074626865671,1.221879815100154,0.5808119610995405,1.0,False,0.2359644484614768
45,G,H,1,0.0166666666666666,11,0.0136815920398009,0.2985074626865671,1.221879815100154,0.5808119610995405,1.0,False,0.2359644484614768
45,S,H,1,0.0166666666666666,11,0.0136815920398009,0.2985074626865671,1.221879815100154,0.5808119610995405,1.0,False,0.2359644484614768
117,M,A,1,0.0166666666666666,11,0.0136815920398009,0.2985074626865671,1.221879815100154,0.5808119610995405,1.0,False,0.2359644484614768
121,S,G,1,0.0166666666666666,11,0.0136815920398009,0.2985074626865671,1.221879815100154,0.5808119610995405,1.0,False,0.2359644484614768
134,L,E,1,0.0166666666666666,11,0.0136815920398009,0.2985074626865671,1.221879815100154,0.5808119610995405,1.0,False,0.2359644484614768
148,V,S,1,0.0166666666666666,11,0.0136815920398009,0.2985074626865671,1.221879815100154,0.5808119610995405,1.0,False,0.2359644484614768
158,E,R,1,0.0166666666666666,11,0.0136815920398009,0.2985074626865671,1.221879815100154,0.5808119610995405,1.0,False,0.2359644484614768
87,D,D,11,0.1833333333333333,125,0.1554726368159203,2.7860696517412937,1.2194285714285715,0.5811360324026954,1.0,False,0.2357221959972706
63,T,S,31,0.5166666666666667,448,0.5572139303482587,-4.0547263681592005,0.8494458128078818,0.5910303419819025,1.0,False,0.2283902229815895
102,L,Q,12,0.2,137,0.1703980099502487,2.960199004975125,1.217153284671533,0.5944635569369148,1.0,False,0.2258747642687083
119,V,V,12,0.2,142,0.1766169154228855,2.338308457711444,1.1654929577464788,0.6034085758330838,1.0,False,0.219388521786951
61,I,I,9,0.15,150,0.1865671641791045,-3.6567164179104497,0.7694117647058824,0.604681492946037,1.0,False,0.2184733233312343
80,Q,E,5,0.0833333333333333,56,0.0696517412935323,1.368159203980099,1.2142857142857142,0.6048070905583893,1.0,False,0.2183831259520695
99,L,V,9,0.15,151,0.1878109452736318,-3.781094527363185,0.7631476431632256,0.6050420118020903,1.0,False,0.2182144685535487
30,F,W,9,0.15,146,0.181592039800995,-3.1592039800995035,0.7953263497179693,0.6053344956049447,1.0,False,0.2180045766673119
137,S,F,13,0.2166666666666666,150,0.1865671641791045,3.009950248756218,1.2059574468085106,0.6073413086642012,1.0,False,0.2165671790868887
48,K,E,1,0.0166666666666666,12,0.0149253731343283,0.1741293532338308,1.11864406779661,0.61033224552915,1.0,False,0.2144336844667511
67,L,G,1,0.0166666666666666,12,0.0149253731343283,0.1741293532338308,1.11864406779661,0.61033224552915,1.0,False,0.2144336844667511
76,Q,K,1,0.0166666666666666,12,0.0149253731343283,0.1741293532338308,1.11864406779661,0.61033224552915,1.0,False,0.2144336844667511
88,L,V,1,0.0166666666666666,12,0.0149253731343283,0.1741293532338308,1.11864406779661,0.61033224552915,1.0,False,0.2144336844667511
117,N,A,1,0.0166666666666666,12,0.0149253731343283,0.1741293532338308,1.11864406779661,0.61033224552915,1.0,False,0.2144336844667511
129,T,E,1,0.0166666666666666,12,0.0149253731343283,0.1741293532338308,1.11864406779661,0.61033224552915,1.0,False,0.2144336844667511
130,L,P,1,0.0166666666666666,12,0.0149253731343283,0.1741293532338308,1.11864406779661,0.61033224552915,1.0,False,0.2144336844667511
131,H,D,1,0.0166666666666666,12,0.0149253731343283,0.1741293532338308,1.11864406779661,0.61033224552915,1.0,False,0.2144336844667511
148,N,S,1,0.0166666666666666,12,0.0149253731343283,0.1741293532338308,1.11864406779661,0.61033224552915,1.0,False,0.2144336844667511
149,F,H,5,0.0833333333333333,57,0.0708955223880597,1.243781094527363,1.1913875598086126,0.6104209107296369,1.0,False,0.2143705974992039
157,T,E,5,0.0833333333333333,57,0.0708955223880597,1.243781094527363,1.1913875598086126,0.6104209107296369,1.0,False,0.2143705974992039
35,T,T,57,0.95,743,0.9241293532338308,2.5870646766169125,1.559892328398385,0.6131228661456434,1.0,False,0.212452486750447
127,N,D,3,0.05,60,0.0746268656716417,-2.462686567164178,0.6526315789473685,0.6133655605623366,1.0,False,0.2122806125687767
156,F,L,3,0.05,63,0.0783582089552238,-2.8358208955223883,0.6190476190476191,0.6139806619185671,1.0,False,0.2118453072860552
5,V,I,13,0.2166666666666666,155,0.1927860696517413,2.388059701492537,1.158133150308854,0.6150349470916352,1.0,False,0.2111002063419008
55,K,P,3,0.05,64,0.0796019900497512,-2.960199004975124,0.6085526315789473,0.6150536808492542,1.0,False,0.2110869780795219
57,R,R,57,0.95,740,0.9203980099502488,2.960199004975117,1.6432432432432431,0.6150536808492542,1.0,False,0.2110869780795219
1,H,M,0,0.0,14,0.017412935323383,-1.7412935323383083,0.0,0.6153690790181973,1.0,False,0.2108643299103849
6,Y,A,0,0.0,14,0.017412935323383,-1.7412935323383083,0.0,0.6153690790181973,1.0,False,0.2108643299103849
11,R,D,0,0.0,14,0.017412935323383,-1.7412935323383083,0.0,0.6153690790181973,1.0,False,0.2108643299103849
12,Q,R,0,0.0,14,0.017412935323383,-1.7412935323383083,0.0,0.6153690790181973,1.0,False,0.2108643299103849
16,H,M,0,0.0,14,0.017412935323383,-1.7412935323383083,0.0,0.6153690790181973,1.0,False,0.2108643299103849
24,M,L,0,0.0,14,0.017412935323383,-1.7412935323383083,0.0,0.6153690790181973,1.0,False,0.2108643299103849
28,K,L,0,0.0,14,0.017412935323383,-1.7412935323383083,0.0,0.6153690790181973,1.0,False,0.2108643299103849
35,I,T,0,0.0,14,0.017412935323383,-1.7412935323383083,0.0,0.6153690790181973,1.0,False,0.2108643299103849
64,A,S,0,0.0,14,0.017412935323383,-1.7412935323383083,0.0,0.6153690790181973,1.0,False,0.2108643299103849
70,G,D,0,0.0,14,0.017412935323383,-1.7412935323383083,0.0,0.6153690790181973,1.0,False,0.2108643299103849
70,R,D,0,0.0,14,0.017412935323383,-1.7412935323383083,0.0,0.6153690790181973,1.0,False,0.2108643299103849
71,R,R,0,0.0,14,0.017412935323383,-1.7412935323383083,0.0,0.6153690790181973,1.0,False,0.2108643299103849
77,A,S,0,0.0,14,0.017412935323383,-1.7412935323383083,0.0,0.6153690790181973,1.0,False,0.2108643299103849
77,E,S,0,0.0,14,0.017412935323383,-1.7412935323383083,0.0,0.6153690790181973,1.0,False,0.2108643299103849
83,H,A,0,0.0,14,0.017412935323383,-1.7412935323383083,0.0,0.6153690790181973,1.0,False,0.2108643299103849
88,Y,V,0,0.0,14,0.017412935323383,-1.7412935323383083,0.0,0.6153690790181973,1.0,False,0.2108643299103849
108,R,Q,0,0.0,14,0.017412935323383,-1.7412935323383083,0.0,0.6153690790181973,1.0,False,0.2108643299103849
114,W,H,0,0.0,14,0.017412935323383,-1.7412935323383083,0.0,0.6153690790181973,1.0,False,0.2108643299103849
126,S,P,0,0.0,14,0.017412935323383,-1.7412935323383083,0.0,0.6153690790181973,1.0,False,0.2108643299103849
128,P,Y,0,0.0,14,0.017412935323383,-1.7412935323383083,0.0,0.6153690790181973,1.0,False,0.2108643299103849
132,I,D,0,0.0,14,0.017412935323383,-1.7412935323383083,0.0,0.6153690790181973,1.0,False,0.2108643299103849
144,R,D,0,0.0,14,0.017412935323383,-1.7412935323383083,0.0,0.6153690790181973,1.0,False,0.2108643299103849
147,K,N,0,0.0,14,0.017412935323383,-1.7412935323383083,0.0,0.6153690790181973,1.0,False,0.2108643299103849
151,W,Y,0,0.0,14,0.017412935323383,-1.7412935323383083,0.0,0.6153690790181973,1.0,False,0.2108643299103849
159,D,R,0,0.0,14,0.017412935323383,-1.7412935323383083,0.0,0.6153690790181973,1.0,False,0.2108643299103849
18,Q,N,0,0.0,15,0.0186567164179104,-1.8656716417910448,0.0,0.6165003464328498,1.0,False,0.2100666750231031
47,A,W,0,0.0,15,0.0186567164179104,-1.8656716417910448,0.0,0.6165003464328498,1.0,False,0.2100666750231031
51,A,G,0,0.0,15,0.0186567164179104,-1.8656716417910448,0.0,0.6165003464328498,1.0,False,0.2100666750231031
55,S,P,0,0.0,15,0.0186567164179104,-1.8656716417910448,0.0,0.6165003464328498,1.0,False,0.2100666750231031
64,Q,S,0,0.0,15,0.0186567164179104,-1.8656716417910448,0.0,0.6165003464328498,1.0,False,0.2100666750231031
68,P,T,0,0.0,15,0.0186567164179104,-1.8656716417910448,0.0,0.6165003464328498,1.0,False,0.2100666750231031
72,F,V,0,0.0,15,0.0186567164179104,-1.8656716417910448,0.0,0.6165003464328498,1.0,False,0.2100666750231031
91,P,I,0,0.0,15,0.0186567164179104,-1.8656716417910448,0.0,0.6165003464328498,1.0,False,0.2100666750231031
102,I,Q,0,0.0,15,0.0186567164179104,-1.8656716417910448,0.0,0.6165003464328498,1.0,False,0.2100666750231031
102,T,Q,0,0.0,15,0.0186567164179104,-1.8656716417910448,0.0,0.6165003464328498,1.0,False,0.2100666750231031
108,K,Q,0,0.0,15,0.0186567164179104,-1.8656716417910448,0.0,0.6165003464328498,1.0,False,0.2100666750231031
120,R,E,0,0.0,15,0.0186567164179104,-1.8656716417910448,0.0,0.6165003464328498,1.0,False,0.2100666750231031
121,V,G,0,0.0,15,0.0186567164179104,-1.8656716417910448,0.0,0.6165003464328498,1.0,False,0.2100666750231031
127,H,D,0,0.0,15,0.0186567164179104,-1.8656716417910448,0.0,0.6165003464328498,1.0,False,0.2100666750231031
134,I,E,0,0.0,15,0.0186567164179104,-1.8656716417910448,0.0,0.6165003464328498,1.0,False,0.2100666750231031
154,N,E,0,0.0,15,0.0186567164179104,-1.8656716417910448,0.0,0.6165003464328498,1.0,False,0.2100666750231031
157,H,E,0,0.0,15,0.0186567164179104,-1.8656716417910448,0.0,0.6165003464328498,1.0,False,0.2100666750231031
58,L,K,3,0.05,65,0.0808457711442786,-3.0845771144278613,0.5983805668016194,0.6165364704833197,1.0,False,0.2100412281336472
150,R,S,3,0.05,66,0.0820895522388059,-3.2089552238805967,0.5885167464114832,0.6184134580136234,1.0,False,0.2087210678001835
39,N,P,0,0.0,16,0.0199004975124378,-1.9900497512437807,0.0,0.6193611604955809,1.0,False,0.2080560322877866
42,F,M,0,0.0,16,0.0199004975124378,-1.9900497512437807,0.0,0.6193611604955809,1.0,False,0.2080560322877866
47,H,W,0,0.0,16,0.0199004975124378,-1.9900497512437807,0.0,0.6193611604955809,1.0,False,0.2080560322877866
55,A,P,0,0.0,16,0.0199004975124378,-1.9900497512437807,0.0,0.6193611604955809,1.0,False,0.2080560322877866
71,A,R,0,0.0,16,0.0199004975124378,-1.9900497512437807,0.0,0.6193611604955809,1.0,False,0.2080560322877866
103,C,F,0,0.0,16,0.0199004975124378,-1.9900497512437807,0.0,0.6193611604955809,1.0,False,0.2080560322877866
130,R,P,0,0.0,16,0.0199004975124378,-1.9900497512437807,0.0,0.6193611604955809,1.0,False,0.2080560322877866
132,P,D,0,0.0,16,0.0199004975124378,-1.9900497512437807,0.0,0.6193611604955809,1.0,False,0.2080560322877866
132,V,D,0,0.0,16,0.0199004975124378,-1.9900497512437807,0.0,0.6193611604955809,1.0,False,0.2080560322877866
144,H,D,0,0.0,16,0.0199004975124378,-1.9900497512437807,0.0,0.6193611604955809,1.0,False,0.2080560322877866
144,V,D,0,0.0,16,0.0199004975124378,-1.9900497512437807,0.0,0.6193611604955809,1.0,False,0.2080560322877866
145,N,A,0,0.0,16,0.0199004975124378,-1.9900497512437807,0.0,0.6193611604955809,1.0,False,0.2080560322877866
151,M,Y,0,0.0,16,0.0199004975124378,-1.9900497512437807,0.0,0.6193611604955809,1.0,False,0.2080560322877866
157,L,E,0,0.0,16,0.0199004975124378,-1.9900497512437807,0.0,0.6193611604955809,1.0,False,0.2080560322877866
1,V,M,0,0.0,17,0.0211442786069651,-2.1144278606965177,0.0,0.6237095552570184,1.0,False,0.2050176024878958
7,V,A,0,0.0,17,0.0211442786069651,-2.1144278606965177,0.0,0.6237095552570184,1.0,False,0.2050176024878958
10,T,V,0,0.0,17,0.0211442786069651,-2.1144278606965177,0.0,0.6237095552570184,1.0,False,0.2050176024878958
24,Y,L,0,0.0,17,0.0211442786069651,-2.1144278606965177,0.0,0.6237095552570184,1.0,False,0.2050176024878958
26,Q,A,0,0.0,17,0.0211442786069651,-2.1144278606965177,0.0,0.6237095552570184,1.0,False,0.2050176024878958
32,V,K,0,0.0,17,0.0211442786069651,-2.1144278606965177,0.0,0.6237095552570184,1.0,False,0.2050176024878958
44,Y,R,0,0.0,17,0.0211442786069651,-2.1144278606965177,0.0,0.6237095552570184,1.0,False,0.2050176024878958
51,N,G,0,0.0,17,0.0211442786069651,-2.1144278606965177,0.0,0.6237095552570184,1.0,False,0.2050176024878958
58,A,K,0,0.0,17,0.0211442786069651,-2.1144278606965177,0.0,0.6237095552570184,1.0,False,0.2050176024878958
64,G,S,0,0.0,17,0.0211442786069651,-2.1144278606965177,0.0,0.6237095552570184,1.0,False,0.2050176024878958
69,V,D,0,0.0,17,0.0211442786069651,-2.1144278606965177,0.0,0.6237095552570184,1.0,False,0.2050176024878958
77,G,S,0,0.0,17,0.0211442786069651,-2.1144278606965177,0.0,0.6237095552570184,1.0,False,0.2050176024878958
84,W,A,0,0.0,17,0.0211442786069651,-2.1144278606965177,0.0,0.6237095552570184,1.0,False,0.2050176024878958
91,F,I,0,0.0,17,0.0211442786069651,-2.1144278606965177,0.0,0.6237095552570184,1.0,False,0.2050176024878958
94,G,I,0,0.0,17,0.0211442786069651,-2.1144278606965177,0.0,0.6237095552570184,1.0,False,0.2050176024878958
97,R,G,0,0.0,17,0.0211442786069651,-2.1144278606965177,0.0,0.6237095552570184,1.0,False,0.2050176024878958
107,S,A,0,0.0,17,0.0211442786069651,-2.1144278606965177,0.0,0.6237095552570184,1.0,False,0.2050176024878958
135,M,S,0,0.0,17,0.0211442786069651,-2.1144278606965177,0.0,0.6237095552570184,1.0,False,0.2050176024878958
139,I,E,0,0.0,17,0.0211442786069651,-2.1144278606965177,0.0,0.6237095552570184,1.0,False,0.2050176024878958
142,R,D,0,0.0,17,0.0211442786069651,-2.1144278606965177,0.0,0.6237095552570184,1.0,False,0.2050176024878958
150,H,S,0,0.0,17,0.0211442786069651,-2.1144278606965177,0.0,0.6237095552570184,1.0,False,0.2050176024878958
32,R,K,11,0.1833333333333333,175,0.2176616915422885,-3.4328358208955247,0.8068804664723032,0.6266545330862108,1.0,False,0.202971814389046
1,A,M,0,0.0,18,0.0223880597014925,-2.238805970149253,0.0,0.6293281708289151,1.0,False,0.2011228273471953
98,D,R,0,0.0,18,0.0223880597014925,-2.238805970149253,0.0,0.6293281708289151,1.0,False,0.2011228273471953
105,G,P,0,0.0,18,0.0223880597014925,-2.238805970149253,0.0,0.6293281708289151,1.0,False,0.2011228273471953
108,G,Q,0,0.0,18,0.0223880597014925,-2.238805970149253,0.0,0.6293281708289151,1.0,False,0.2011228273471953
159,L,R,0,0.0,18,0.0223880597014925,-2.238805970149253,0.0,0.6293281708289151,1.0,False,0.2011228273471953
98,Q,R,15,0.25,181,0.2251243781094527,2.487562189054726,1.147329650092081,0.6340546997494532,1.0,False,0.197873274019504
8,V,L,12,0.2,189,0.2350746268656716,-3.5074626865671643,0.8134920634920635,0.6355730981904044,1.0,False,0.1968344933946705
159,K,R,12,0.2,188,0.2338308457711442,-3.383084577114426,0.8191489361702128,0.6356737313208767,1.0,False,0.1967657350507557
12,D,R,0,0.0,19,0.0236318407960199,-2.36318407960199,0.0,0.6360220737066438,1.0,False,0.1965278115172546
22,V,W,0,0.0,19,0.0236318407960199,-2.36318407960199,0.0,0.6360220737066438,1.0,False,0.1965278115172546
73,S,T,0,0.0,19,0.0236318407960199,-2.36318407960199,0.0,0.6360220737066438,1.0,False,0.1965278115172546
79,T,D,0,0.0,19,0.0236318407960199,-2.36318407960199,0.0,0.6360220737066438,1.0,False,0.1965278115172546
85,G,C,0,0.0,19,0.0236318407960199,-2.36318407960199,0.0,0.6360220737066438,1.0,False,0.1965278115172546
110,F,L,0,0.0,19,0.0236318407960199,-2.36318407960199,0.0,0.6360220737066438,1.0,False,0.1965278115172546
148,L,S,0,0.0,19,0.0236318407960199,-2.36318407960199,0.0,0.6360220737066438,1.0,False,0.1965278115172546
150,Q,S,0,0.0,19,0.0236318407960199,-2.36318407960199,0.0,0.6360220737066438,1.0,False,0.1965278115172546
155,Q,I,0,0.0,19,0.0236318407960199,-2.36318407960199,0.0,0.6360220737066438,1.0,False,0.1965278115172546
131,A,D,6,0.1,70,0.0870646766169154,1.2935323383084576,1.1650793650793652,0.6411889468473511,1.0,False,0.1930139728502977
16,K,M,16,0.2666666666666666,194,0.2412935323383084,2.53731343283582,1.1433926897844424,0.6418740654679905,1.0,False,0.192550171366168
143,G,A,2,0.0333333333333333,18,0.0223880597014925,1.0945273631840795,1.5057471264367817,0.6436167548220761,1.0,False,0.1913726587432073
134,Q,E,4,0.0666666666666666,75,0.0932835820895522,-2.661691542288558,0.6942857142857143,0.6442904898890884,1.0,False,0.1909182790512527
25,S,P,4,0.0666666666666666,78,0.0970149253731343,-3.0348258706467663,0.6648351648351648,0.6463090183530233,1.0,False,0.1895597840531461
68,K,T,4,0.0666666666666666,78,0.0970149253731343,-3.0348258706467663,0.6648351648351648,0.6463090183530233,1.0,False,0.1895597840531461
76,E,K,2,0.0333333333333333,19,0.0236318407960199,0.9701492537313432,1.4246823956442831,0.6519562916612518,1.0,False,0.1857815191862101
88,S,V,2,0.0333333333333333,19,0.0236318407960199,0.9701492537313432,1.4246823956442831,0.6519562916612518,1.0,False,0.1857815191862101
158,N,R,2,0.0333333333333333,19,0.0236318407960199,0.9701492537313432,1.4246823956442831,0.6519562916612518,1.0,False,0.1857815191862101
52,K,R,18,0.3,222,0.2761194029850746,2.3880597014925344,1.1235521235521235,0.6573853592423502,1.0,False,0.1821799724038654
34,R,N,2,0.0333333333333333,20,0.0248756218905472,0.8457711442786068,1.3517241379310343,0.660901661784628,1.0,False,0.1798631561292874
72,T,V,2,0.0333333333333333,20,0.0248756218905472,0.8457711442786068,1.3517241379310343,0.660901661784628,1.0,False,0.1798631561292874
74,F,W,2,0.0333333333333333,20,0.0248756218905472,0.8457711442786068,1.3517241379310343,0.660901661784628,1.0,False,0.1798631561292874
88,E,V,2,0.0333333333333333,20,0.0248756218905472,0.8457711442786068,1.3517241379310343,0.660901661784628,1.0,False,0.1798631561292874
90,S,E,2,0.0333333333333333,20,0.0248756218905472,0.8457711442786068,1.3517241379310343,0.660901661784628,1.0,False,0.1798631561292874
119,F,V,19,0.3166666666666666,234,0.291044776119403,2.5621890547263657,1.1288305190744214,0.6613518303945771,1.0,False,0.1795674401384626
67,N,G,5,0.0833333333333333,91,0.11318407960199,-2.985074626865672,0.7122877122877123,0.669246249160008,1.0,False,0.1744140541696825
11,K,D,2,0.0333333333333333,21,0.0261194029850746,0.7213930348258707,1.2857142857142858,0.6703291960202639,1.0,False,0.1737118646069299
60,F,I,2,0.0333333333333333,21,0.0261194029850746,0.7213930348258707,1.2857142857142858,0.6703291960202639,1.0,False,0.1737118646069299
90,N,E,2,0.0333333333333333,21,0.0261194029850746,0.7213930348258707,1.2857142857142858,0.6703291960202639,1.0,False,0.1737118646069299
145,Q,A,2,0.0333333333333333,21,0.0261194029850746,0.7213930348258707,1.2857142857142858,0.6703291960202639,1.0,False,0.1737118646069299
14,I,I,52,0.8666666666666667,713,0.8868159203980099,-2.014925373134324,0.8295932678821879,0.6728872643857999,1.0,False,0.1720576914318216
1,Q,M,2,0.0333333333333333,22,0.0273631840796019,0.5970149253731343,1.225705329153605,0.680129160466748,1.0,False,0.1674086044240661
143,T,A,2,0.0333333333333333,22,0.0273631840796019,0.5970149253731343,1.225705329153605,0.680129160466748,1.0,False,0.1674086044240661
159,Q,R,2,0.0333333333333333,22,0.0273631840796019,0.5970149253731343,1.225705329153605,0.680129160466748,1.0,False,0.1674086044240661
131,D,D,6,0.1,104,0.1293532338308457,-2.935323383084576,0.7478632478632479,0.6875327700648073,1.0,False,0.1627065971062182
26,R,A,2,0.0333333333333333,23,0.0286069651741293,0.4726368159203978,1.1709145427286356,0.6902044572476814,1.0,False,0.1610222404200433
30,N,W,2,0.0333333333333333,23,0.0286069651741293,0.4726368159203978,1.1709145427286356,0.6902044572476814,1.0,False,0.1610222404200433
65,E,Q,2,0.0333333333333333,23,0.0286069651741293,0.4726368159203978,1.1709145427286356,0.6902044572476814,1.0,False,0.1610222404200433
104,A,L,2,0.0333333333333333,23,0.0286069651741293,0.4726368159203978,1.1709145427286356,0.6902044572476814,1.0,False,0.1610222404200433
123,R,T,2,0.0333333333333333,23,0.0286069651741293,0.4726368159203978,1.1709145427286356,0.6902044572476814,1.0,False,0.1610222404200433
11,E,D,2,0.0333333333333333,24,0.0298507462686567,0.3482587064676617,1.1206896551724137,0.7004694347071747,1.0,False,0.1546108105960843
84,R,A,2,0.0333333333333333,24,0.0298507462686567,0.3482587064676617,1.1206896551724137,0.7004694347071747,1.0,False,0.1546108105960843
33,K,R,7,0.1166666666666666,118,0.1467661691542288,-3.009950248756218,0.7678285897025904,0.7030073679931705,1.0,False,0.1530401232561246
80,A,E,10,0.1666666666666666,120,0.1492537313432835,1.7412935323383087,1.14,0.7084383434406594,1.0,False,0.1496979411380292
49,E,S,2,0.0333333333333333,25,0.031094527363184,0.2238805970149252,1.0744827586206898,0.7108487984301453,1.0,False,0.1482227663457807
92,A,M,2,0.0333333333333333,25,0.031094527363184,0.2238805970149252,1.0744827586206898,0.7108487984301453,1.0,False,0.1482227663457807
108,H,Q,2,0.0333333333333333,25,0.031094527363184,0.2238805970149252,1.0744827586206898,0.7108487984301453,1.0,False,0.1482227663457807
124,T,H,2,0.0333333333333333,25,0.031094527363184,0.2238805970149252,1.0744827586206898,0.7108487984301453,1.0,False,0.1482227663457807
145,P,A,2,0.0333333333333333,25,0.031094527363184,0.2238805970149252,1.0744827586206898,0.7108487984301453,1.0,False,0.1482227663457807
16,D,M,1,0.0166666666666666,27,0.0335820895522388,-1.691542288557214,0.487758945386064,0.7146488739585419,1.0,False,0.1459072862518443
39,S,P,1,0.0166666666666666,27,0.0335820895522388,-1.691542288557214,0.487758945386064,0.7146488739585419,1.0,False,0.1459072862518443
101,D,E,1,0.0166666666666666,27,0.0335820895522388,-1.691542288557214,0.487758945386064,0.7146488739585419,1.0,False,0.1459072862518443
107,L,A,1,0.0166666666666666,27,0.0335820895522388,-1.691542288557214,0.487758945386064,0.7146488739585419,1.0,False,0.1459072862518443
117,R,A,1,0.0166666666666666,27,0.0335820895522388,-1.691542288557214,0.487758945386064,0.7146488739585419,1.0,False,0.1459072862518443
118,V,E,1,0.0166666666666666,27,0.0335820895522388,-1.691542288557214,0.487758945386064,0.7146488739585419,1.0,False,0.1459072862518443
123,S,T,1,0.0166666666666666,27,0.0335820895522388,-1.691542288557214,0.487758945386064,0.7146488739585419,1.0,False,0.1459072862518443
132,G,D,1,0.0166666666666666,27,0.0335820895522388,-1.691542288557214,0.487758945386064,0.7146488739585419,1.0,False,0.1459072862518443
8,L,L,1,0.0166666666666666,28,0.0348258706467661,-1.8159203980099503,0.4697336561743341,0.7147752921430368,1.0,False,0.1458304682976169
67,Q,G,1,0.0166666666666666,28,0.0348258706467661,-1.8159203980099503,0.4697336561743341,0.7147752921430368,1.0,False,0.1458304682976169
103,M,F,1,0.0166666666666666,28,0.0348258706467661,-1.8159203980099503,0.4697336561743341,0.7147752921430368,1.0,False,0.1458304682976169
131,G,D,1,0.0166666666666666,28,0.0348258706467661,-1.8159203980099503,0.4697336561743341,0.7147752921430368,1.0,False,0.1458304682976169
132,R,D,1,0.0166666666666666,28,0.0348258706467661,-1.8159203980099503,0.4697336561743341,0.7147752921430368,1.0,False,0.1458304682976169
146,G,Q,1,0.0166666666666666,28,0.0348258706467661,-1.8159203980099503,0.4697336561743341,0.7147752921430368,1.0,False,0.1458304682976169
153,L,F,1,0.0166666666666666,28,0.0348258706467661,-1.8159203980099503,0.4697336561743341,0.7147752921430368,1.0,False,0.1458304682976169
154,S,E,1,0.0166666666666666,28,0.0348258706467661,-1.8159203980099503,0.4697336561743341,0.7147752921430368,1.0,False,0.1458304682976169
16,I,M,1,0.0166666666666666,29,0.0360696517412935,-1.9402985074626868,0.4529514903565166,0.7156292583342254,1.0,False,0.1453119117137418
114,Y,H,1,0.0166666666666666,29,0.0360696517412935,-1.9402985074626868,0.4529514903565166,0.7156292583342254,1.0,False,0.1453119117137418
1,S,M,1,0.0166666666666666,30,0.0373134328358208,-2.0646766169154227,0.4372881355932203,0.7171577540100935,1.0,False,0.1443853015703712
49,T,S,1,0.0166666666666666,30,0.0373134328358208,-2.0646766169154227,0.4372881355932203,0.7171577540100935,1.0,False,0.1443853015703712
58,P,K,1,0.0166666666666666,30,0.0373134328358208,-2.0646766169154227,0.4372881355932203,0.7171577540100935,1.0,False,0.1443853015703712
106,E,K,1,0.0166666666666666,30,0.0373134328358208,-2.0646766169154227,0.4372881355932203,0.7171577540100935,1.0,False,0.1443853015703712
118,Q,E,1,0.0166666666666666,30,0.0373134328358208,-2.0646766169154227,0.4372881355932203,0.7171577540100935,1.0,False,0.1443853015703712
142,Q,D,1,0.0166666666666666,30,0.0373134328358208,-2.0646766169154227,0.4372881355932203,0.7171577540100935,1.0,False,0.1443853015703712
146,T,Q,1,0.0166666666666666,31,0.0385572139303482,-2.189054726368159,0.4226353198469109,0.7193082152641186,1.0,False,0.1430849795664462
16,V,M,1,0.0166666666666666,32,0.0398009950248756,-2.3134328358208958,0.4088983050847458,0.7220289405348992,1.0,False,0.1414453945872645
60,Y,I,1,0.0166666666666666,32,0.0398009950248756,-2.3134328358208958,0.4088983050847458,0.7220289405348992,1.0,False,0.1414453945872645
75,L,V,1,0.0166666666666666,32,0.0398009950248756,-2.3134328358208958,0.4088983050847458,0.7220289405348992,1.0,False,0.1414453945872645
105,N,P,1,0.0166666666666666,32,0.0398009950248756,-2.3134328358208958,0.4088983050847458,0.7220289405348992,1.0,False,0.1414453945872645
70,D,D,11,0.1833333333333333,136,0.1691542288557214,1.417910447761192,1.102641056422569,0.7243024303624922,1.0,False,0.1400800575422794
30,W,W,3,0.05,31,0.0385572139303482,1.1442786069651747,1.3123938879456707,0.7252694274645836,1.0,False,0.1395006291193517
101,T,E,3,0.05,31,0.0385572139303482,1.1442786069651747,1.3123938879456707,0.7252694274645836,1.0,False,0.1395006291193517
33,R,R,9,0.15,142,0.1766169154228855,-2.661691542288558,0.8227009113504556,0.7253694838309145,1.0,False,0.1394407190652268
135,E,S,9,0.15,141,0.1753731343283582,-2.537313432835822,0.8297872340425532,0.7254092296601917,1.0,False,0.1394169230249657
82,I,I,9,0.15,143,0.1778606965174129,-2.7860696517412937,0.8157136980666393,0.7254882301977841,1.0,False,0.1393696288521838
76,K,K,3,0.05,32,0.0398009950248756,1.0199004975124382,1.269736842105263,0.7289806473199364,1.0,False,0.1372840010012623
138,V,S,3,0.05,32,0.0398009950248756,1.0199004975124382,1.269736842105263,0.7289806473199364,1.0,False,0.1372840010012623
60,V,I,12,0.2,148,0.1840796019900497,1.5920398009950265,1.108108108108108,0.7318747189671089,1.0,False,0.1355632543484563
142,A,D,3,0.05,33,0.0410447761194029,0.8955223880597017,1.229665071770335,0.7331152645643992,1.0,False,0.1348277377343031
1,T,M,3,0.05,34,0.0422885572139303,0.7711442786069653,1.1919504643962848,0.7376278084002668,1.0,False,0.1321627188428044
16,L,M,3,0.05,34,0.0422885572139303,0.7711442786069653,1.1919504643962848,0.7376278084002668,1.0,False,0.1321627188428044
10,D,V,3,0.05,36,0.044776119402985,0.522388059701493,1.1228070175438596,0.7476148577156178,1.0,False,0.1263220762608513
89,R,P,3,0.05,36,0.044776119402985,0.522388059701493,1.1228070175438596,0.7476148577156178,1.0,False,0.1263220762608513
148,S,S,3,0.05,36,0.044776119402985,0.522388059701493,1.1228070175438596,0.7476148577156178,1.0,False,0.1263220762608513
38,K,K,15,0.25,185,0.2300995024875622,1.9900497512437805,1.1153153153153152,0.7512048284893004,1.0,False,0.1242416292356626
101,S,E,3,0.05,37,0.0460199004975124,0.3980099502487566,1.0910384068278804,0.7530087347596541,1.0,False,0.1231999860357977
116,Q,D,3,0.05,37,0.0460199004975124,0.3980099502487566,1.0910384068278804,0.7530087347596541,1.0,False,0.1231999860357977
17,Q,E,3,0.05,38,0.0472636815920398,0.2736318407960202,1.0609418282548475,0.758619377765176,1.0,False,0.1199760681069903
98,K,R,2,0.0333333333333333,41,0.0509950248756218,-1.7661691542288556,0.6417157275021026,0.7617369601469686,1.0,False,0.1181949715453131
131,K,D,2,0.0333333333333333,41,0.0509950248756218,-1.7661691542288556,0.6417157275021026,0.7617369601469686,1.0,False,0.1181949715453131
73,R,T,2,0.0333333333333333,40,0.0497512437810945,-1.6417910447761197,0.6586206896551724,0.761845607223965,1.0,False,0.1181330322358133
144,S,D,2,0.0333333333333333,40,0.0497512437810945,-1.6417910447761197,0.6586206896551724,0.761845607223965,1.0,False,0.1181330322358133
68,R,T,2,0.0333333333333333,43,0.0534825870646766,-2.014925373134328,0.6102646351242983,0.7627809247567983,1.0,False,0.1176001761090512
70,K,D,2,0.0333333333333333,43,0.0534825870646766,-2.014925373134328,0.6102646351242983,0.7627809247567983,1.0,False,0.1176001761090512
117,T,A,2,0.0333333333333333,43,0.0534825870646766,-2.014925373134328,0.6102646351242983,0.7627809247567983,1.0,False,0.1176001761090512
10,L,V,2,0.0333333333333333,44,0.0547263681592039,-2.139303482587065,0.5956112852664577,0.763892352402967,1.0,False,0.1169678378265113
86,D,G,2,0.0333333333333333,44,0.0547263681592039,-2.139303482587065,0.5956112852664577,0.763892352402967,1.0,False,0.1169678378265113
83,R,A,4,0.0666666666666666,46,0.0572139303482587,0.9452736318407956,1.1770186335403727,0.7717659394601697,1.0,False,0.1125143921690149
124,H,H,4,0.0666666666666666,46,0.0572139303482587,0.9452736318407956,1.1770186335403727,0.7717659394601697,1.0,False,0.1125143921690149
66,T,P,4,0.0666666666666666,47,0.058457711442786,0.8208955223880599,1.1504559270516717,0.7744821771278356,1.0,False,0.1109885720482163
136,A,V,4,0.0666666666666666,47,0.058457711442786,0.8208955223880599,1.1504559270516717,0.7744821771278356,1.0,False,0.1109885720482163
140,K,F,4,0.0666666666666666,48,0.0597014925373134,0.6965174129353234,1.125,0.7774542095852963,1.0,False,0.1093251805777236
144,D,D,19,0.3166666666666666,278,0.3457711442786069,-2.910447761194029,0.8768204948236533,0.7782707737027115,1.0,False,0.1088692782470554
6,V,A,20,0.3333333333333333,287,0.3569651741293532,-2.363184079601993,0.9006968641114983,0.7806946955917814,1.0,False,0.1075187714269675
147,T,N,4,0.0666666666666666,51,0.0634328358208955,0.323383084577114,1.0546218487394958,0.7876953286972382,1.0,False,0.1036417300378922
115,I,I,27,0.45,380,0.472636815920398,-2.263681592039801,0.9129186602870814,0.7893476116582004,1.0,False,0.1027317007461247
140,S,F,3,0.05,54,0.0671641791044776,-1.7164179104477608,0.7309941520467836,0.7903864343678735,1.0,False,0.1021605222788979
149,H,H,3,0.05,54,0.0671641791044776,-1.7164179104477608,0.7309941520467836,0.7903864343678735,1.0,False,0.1021605222788979
152,E,C,3,0.05,54,0.0671641791044776,-1.7164179104477608,0.7309941520467836,0.7903864343678735,1.0,False,0.1021605222788979
135,I,S,3,0.05,55,0.0684079601990049,-1.840796019900497,0.7167464114832536,0.7904826359216997,1.0,False,0.1021076655245796
26,S,A,3,0.05,56,0.0696517412935323,-1.9651741293532337,0.7030075187969925,0.7908607407970948,1.0,False,0.1018999827827897
139,T,E,3,0.05,57,0.0708955223880597,-2.089552238805969,0.6897506925207756,0.7915102416020725,1.0,False,0.1015434612912151
106,R,K,3,0.05,58,0.072139303482587,-2.2139303482587067,0.676950998185118,0.7924201209701356,1.0,False,0.1010445054765529
157,V,E,3,0.05,59,0.0733830845771144,-2.3383084577114426,0.6645851917930419,0.7935789385195791,1.0,False,0.1004098668192318
84,Y,A,5,0.0833333333333333,58,0.072139303482587,1.119402985074626,1.1692789968652038,0.7949749134059585,1.0,False,0.0996465759237353
24,V,L,5,0.0833333333333333,60,0.0746268656716417,0.8706467661691544,1.1272727272727272,0.7984299727846362,1.0,False,0.0977631681502386
106,F,K,5,0.0833333333333333,60,0.0746268656716417,0.8706467661691544,1.1272727272727272,0.7984299727846362,1.0,False,0.0977631681502386
83,S,A,5,0.0833333333333333,62,0.0771144278606965,0.6218905472636815,1.0879765395894427,0.802687089797006,1.0,False,0.0954537220425491
117,L,A,5,0.0833333333333333,63,0.0783582089552238,0.4975124378109444,1.0692640692640694,0.8050854195555902,1.0,False,0.0941580385469621
69,P,D,4,0.0666666666666666,66,0.0820895522388059,-1.5422885572139309,0.7987012987012987,0.8103085975024276,1.0,False,0.0913495531352734
17,E,E,4,0.0666666666666666,71,0.0883084577114427,-2.164179104477612,0.7374245472837022,0.8112484400366489,1.0,False,0.0908461253029786
58,E,K,4,0.0666666666666666,71,0.0883084577114427,-2.164179104477612,0.7374245472837022,0.8112484400366489,1.0,False,0.0908461253029786
59,H,N,4,0.0666666666666666,71,0.0883084577114427,-2.164179104477612,0.7374245472837022,0.8112484400366489,1.0,False,0.0908461253029786
54,L,L,56,0.9333333333333332,732,0.9104477611940298,2.2885572139303534,1.3770491803278688,0.812040253824674,1.0,False,0.0904224417186499
76,N,K,6,0.1,76,0.0945273631840796,0.5472636815920404,1.064327485380117,0.8204205268122751,1.0,False,0.0859634821776606
142,E,D,6,0.1,76,0.0945273631840796,0.5472636815920404,1.064327485380117,0.8204205268122751,1.0,False,0.0859634821776606
67,G,G,6,0.1,78,0.0970149253731343,0.2985074626865674,1.0341880341880345,0.8244076374217346,1.0,False,0.083857993512486
73,T,T,5,0.0833333333333333,82,0.1019900497512437,-1.8656716417910448,0.8004434589800443,0.8245943410502306,1.0,False,0.0837596499604319
19,Q,A,5,0.0833333333333333,80,0.099502487562189,-1.616915422885573,0.8227272727272728,0.8245952360997026,1.0,False,0.0837591785591423
97,E,G,5,0.0833333333333333,85,0.1057213930348258,-2.2388059701492544,0.7689839572192514,0.8258137478128011,1.0,False,0.0831178914424992
89,K,P,7,0.1166666666666666,89,0.1106965174129353,0.5970149253731349,1.0610557557769769,0.8321923443533541,1.0,False,0.079776283761032
131,E,D,6,0.1,94,0.1169154228855721,-1.691542288557213,0.8392434988179669,0.8356955701233539,1.0,False,0.0779518999461227
140,E,F,6,0.1,94,0.1169154228855721,-1.691542288557213,0.8392434988179669,0.8356955701233539,1.0,False,0.0779518999461227
150,D,S,6,0.1,94,0.1169154228855721,-1.691542288557213,0.8392434988179669,0.8356955701233539,1.0,False,0.0779518999461227
29,Q,A,6,0.1,93,0.1156716417910447,-1.567164179104477,0.8494623655913979,0.8358224906801404,1.0,False,0.0778859468477376
74,I,W,7,0.1166666666666666,107,0.1330845771144278,-1.6417910447761197,0.860342091341915,0.8446402009292415,1.0,False,0.0733282520299295
134,R,E,7,0.1166666666666666,109,0.1355721393034825,-1.8905472636815912,0.8421325947723732,0.8446783244417229,1.0,False,0.0733086502427525
122,D,D,52,0.8666666666666667,683,0.849502487562189,1.716417910447765,1.1515373352855052,0.8518950307152239,1.0,False,0.0696139150803074
28,M,L,10,0.1666666666666666,126,0.1567164179104477,0.9950248756218888,1.076190476190476,0.8540911945804347,1.0,False,0.0684957555538728
65,Q,Q,10,0.1666666666666666,127,0.1579601990049751,0.870646766169153,1.0661417322834643,0.8547723236407617,1.0,False,0.0681495481418999
83,A,A,11,0.1833333333333333,139,0.1728855721393034,1.0447761194029848,1.0739979445015415,0.859683444985281,1.0,False,0.0656614364358362
58,R,K,11,0.1833333333333333,141,0.1753731343283582,0.7960199004975105,1.0555796786799827,0.8609036102850302,1.0,False,0.0650454709211603
91,L,I,11,0.1833333333333333,141,0.1753731343283582,0.7960199004975105,1.0555796786799827,0.8609036102850302,1.0,False,0.0650454709211603
10,E,V,11,0.1833333333333333,160,0.1990049751243781,-1.56716417910448,0.9035714285714286,0.8675758426410407,1.0,False,0.0616925492739772
114,E,H,13,0.2166666666666666,190,0.236318407960199,-1.9651741293532337,0.8938409854423293,0.8746550074679904,1.0,False,0.0581632131464478
127,E,D,15,0.25,191,0.2375621890547263,1.243781094527363,1.0698080279232112,0.8752205139320235,1.0,False,0.057882511642419
147,N,N,16,0.2666666666666666,207,0.2574626865671642,0.9203980099502462,1.0487483530961792,0.8788914137868125,1.0,False,0.0560647782894429
112,I,L,16,0.2666666666666666,209,0.2599502487562189,0.6716417910447747,1.0352327098738583,0.879783214280206,1.0,False,0.0556243283503182
29,K,A,21,0.35,294,0.3656716417910448,-1.56716417910448,0.934065934065934,0.8897739530892311,1.0,False,0.0507203117765425
1,C,M,0,0.0,2,0.0024875621890547,-0.2487562189054726,0.0,1.0,1.0,False,-0.0
1,F,M,0,0.0,3,0.003731343283582,-0.3731343283582089,0.0,1.0,1.0,False,-0.0
1,G,M,0,0.0,4,0.0049751243781094,-0.4975124378109453,0.0,1.0,1.0,False,-0.0
1,I,M,2,0.0333333333333333,29,0.0360696517412935,-0.2736318407960202,0.9215219976218788,1.0,1.0,False,-0.0
1,L,M,1,0.0166666666666666,19,0.0236318407960199,-0.6965174129353234,0.7002676181980375,1.0,1.0,False,-0.0
1,W,M,0,0.0,2,0.0024875621890547,-0.2487562189054726,0.0,1.0,1.0,False,-0.0
2,A,I,0,0.0,3,0.003731343283582,-0.3731343283582089,0.0,1.0,1.0,False,-0.0
2,D,I,0,0.0,1,0.0012437810945273,-0.1243781094527363,0.0,1.0,1.0,False,-0.0
2,E,I,0,0.0,1,0.0012437810945273,-0.1243781094527363,0.0,1.0,1.0,False,-0.0
2,F,I,1,0.0166666666666666,22,0.0273631840796019,-1.0696517412935325,0.6024653312788906,1.0,1.0,False,-0.0
2,N,I,0,0.0,1,0.0012437810945273,-0.1243781094527363,0.0,1.0,1.0,False,-0.0
2,P,I,0,0.0,1,0.0012437810945273,-0.1243781094527363,0.0,1.0,1.0,False,-0.0
2,Q,I,0,0.0,2,0.0024875621890547,-0.2487562189054726,0.0,1.0,1.0,False,-0.0
2,R,I,0,0.0,3,0.003731343283582,-0.3731343283582089,0.0,1.0,1.0,False,-0.0
2,S,I,0,0.0,2,0.0024875621890547,-0.2487562189054726,0.0,1.0,1.0,False,-0.0
2,T,I,0,0.0,10,0.0124378109452736,-1.2437810945273633,0.0,1.0,1.0,False,-0.0
2,W,I,0,0.0,4,0.0049751243781094,-0.4975124378109453,0.0,1.0,1.0,False,-0.0
3,D,S,0,0.0,5,0.0062189054726368,-0.6218905472636816,0.0,1.0,1.0,False,-0.0
3,F,S,0,0.0,4,0.0049751243781094,-0.4975124378109453,0.0,1.0,1.0,False,-0.0
3,H,S,0,0.0,11,0.0136815920398009,-1.3681592039800996,0.0,1.0,1.0,False,-0.0
3,L,S,0,0.0,4,0.0049751243781094,-0.4975124378109453,0.0,1.0,1.0,False,-0.0
3,M,S,0,0.0,3,0.003731343283582,-0.3731343283582089,0.0,1.0,1.0,False,-0.0
3,R,S,1,0.0166666666666666,25,0.031094527363184,-1.4427860696517414,0.528135593220339,1.0,1.0,False,-0.0
3,W,S,0,0.0,1,0.0012437810945273,-0.1243781094527363,0.0,1.0,1.0,False,-0.0
4,C,L,0,0.0,5,0.0062189054726368,-0.6218905472636816,0.0,1.0,1.0,False,-0.0
4,D,L,0,0.0,1,0.0012437810945273,-0.1243781094527363,0.0,1.0,1.0,False,-0.0
4,G,L,0,0.0,10,0.0124378109452736,-1.2437810945273633,0.0,1.0,1.0,False,-0.0
4,N,L,0,0.0,1,0.0012437810945273,-0.1243781094527363,0.0,1.0,1.0,False,-0.0
4,Q,L,0,0.0,6,0.0074626865671641,-0.7462686567164178,0.0,1.0,1.0,False,-0.0
4,R,L,0,0.0,3,0.003731343283582,-0.3731343283582089,0.0,1.0,1.0,False,-0.0
4,S,L,0,0.0,12,0.0149253731343283,-1.4925373134328357,0.0,1.0,1.0,False,-0.0
4,T,L,0,0.0,2,0.0024875621890547,-0.2487562189054726,0.0,1.0,1.0,False,-0.0
4,V,L,1,0.0166666666666666,20,0.0248756218905472,-0.8208955223880599,0.6644067796610169,1.0,1.0,False,-0.0
4,Y,L,0,0.0,12,0.0149253731343283,-1.4925373134328357,0.0,1.0,1.0,False,-0.0
5,A,I,0,0.0,4,0.0049751243781094,-0.4975124378109453,0.0,1.0,1.0,False,-0.0
5,F,I,0,0.0,1,0.0012437810945273,-0.1243781094527363,0.0,1.0,1.0,False,-0.0
5,G,I,0,0.0,1,0.0012437810945273,-0.1243781094527363,0.0,1.0,1.0,False,-0.0
5,H,I,0,0.0,1,0.0012437810945273,-0.1243781094527363,0.0,1.0,1.0,False,-0.0
5,R,I,0,0.0,1,0.0012437810945273,-0.1243781094527363,0.0,1.0,1.0,False,-0.0
5,Y,I,0,0.0,4,0.0049751243781094,-0.4975124378109453,0.0,1.0,1.0,False,-0.0
6,C,A,0,0.0,2,0.0024875621890547,-0.2487562189054726,0.0,1.0,1.0,False,-0.0
6,G,A,0,0.0,3,0.003731343283582,-0.3731343283582089,0.0,1.0,1.0,False,-0.0
6,H,A,0,0.0,1,0.0012437810945273,-0.1243781094527363,0.0,1.0,1.0,False,-0.0
6,I,A,0,0.0,9,0.0111940298507462,-1.1194029850746268,0.0,1.0,1.0,False,-0.0
6,M,A,0,0.0,11,0.0136815920398009,-1.3681592039800996,0.0,1.0,1.0,False,-0.0
6,R,A,0,0.0,1,0.0012437810945273,-0.1243781094527363,0.0,1.0,1.0,False,-0.0
6,T,A,0,0.0,8,0.0099502487562189,-0.9950248756218906,0.0,1.0,1.0,False,-0.0
7,E,A,0,0.0,1,0.0012437810945273,-0.1243781094527363,0.0,1.0,1.0,False,-0.0
7,I,A,0,0.0,4,0.0049751243781094,-0.4975124378109453,0.0,1.0,1.0,False,-0.0
7,K,A,0,0.0,1,0.0012437810945273,-0.1243781094527363,0.0,1.0,1.0,False,-0.0
7,L,A,0,0.0,3,0.003731343283582,-0.3731343283582089,0.0,1.0,1.0,False,-0.0
7,M,A,0,0.0,3,0.003731343283582,-0.3731343283582089,0.0,1.0,1.0,False,-0.0
7,N,A,0,0.0,7,0.0087064676616915,-0.8706467661691543,0.0,1.0,1.0,False,-0.0
7,S,A,0,0.0,13,0.0161691542288557,-1.616915422885572,0.0,1.0,1.0,False,-0.0
7,T,A,0,0.0,5,0.0062189054726368,-0.6218905472636816,0.0,1.0,1.0,False,-0.0
7,W,A,0,0.0,1,0.0012437810945273,-0.1243781094527363,0.0,1.0,1.0,False,-0.0
7,Y,A,0,0.0,2,0.0024875621890547,-0.2487562189054726,0.0,1.0,1.0,False,-0.0
8,F,L,0,0.0,10,0.0124378109452736,-1.2437810945273633,0.0,1.0,1.0,False,-0.0
8,G,L,0,0.0,1,0.0012437810945273,-0.1243781094527363,0.0,1.0,1.0,False,-0.0
8,H,L,1,0.0166666666666666,16,0.0199004975124378,-0.3233830845771144,0.8347457627118644,1.0,1.0,False,-0.0
8,N,L,0,0.0,3,0.003731343283582,-0.3731343283582089,0.0,1.0,1.0,False,-0.0
8,S,L,0,0.0,8,0.0099502487562189,-0.9950248756218906,0.0,1.0,1.0,False,-0.0
8,T,L,1,0.0166666666666666,17,0.0211442786069651,-0.4477611940298509,0.7846460618145563,1.0,1.0,False,-0.0
8,Y,L,1,0.0166666666666666,21,0.0261194029850746,-0.945273631840796,0.6319612590799032,1.0,1.0,False,-0.0
9,C,A,0,0.0,3,0.003731343283582,-0.3731343283582089,0.0,1.0,1.0,False,-0.0
9,E,A,0,0.0,2,0.0024875621890547,-0.2487562189054726,0.0,1.0,1.0,False,-0.0
9,F,A,0,0.0,1,0.0012437810945273,-0.1243781094527363,0.0,1.0,1.0,False,-0.0
9,I,A,0,0.0,1,0.0012437810945273,-0.1243781094527363,0.0,1.0,1.0,False,-0.0
9,R,A,0,0.0,2,0.0024875621890547,-0.2487562189054726,0.0,1.0,1.0,False,-0.0
10,C,V,0,0.0,1,0.0012437810945273,-0.1243781094527363,0.0,1.0,1.0,False,-0.0
10,F,V,0,0.0,3,0.003731343283582,-0.3731343283582089,0.0,1.0,1.0,False,-0.0
10,G,V,0,0.0,9,0.0111940298507462,-1.1194029850746268,0.0,1.0,1.0,False,-0.0
10,H,V,1,0.0166666666666666,26,0.0323383084577114,-1.5671641791044777,0.5071707953063885,1.0,1.0,False,-0.0
10,I,V,0,0.0,3,0.003731343283582,-0.3731343283582089,0.0,1.0,1.0,False,-0.0
10,M,V,0,0.0,1,0.0012437810945273,-0.1243781094527363,0.0,1.0,1.0,False,-0.0
10,P,V,1,0.0166666666666666,24,0.0298507462686567,-1.3184079601990049,0.5508474576271186,1.0,1.0,False,-0.0
10,Q,V,5,0.0833333333333333,66,0.0820895522388059,0.1243781094527357,1.0165289256198349,1.0,1.0,False,-0.0
10,S,V,3,0.05,40,0.0497512437810945,0.0248756218905472,1.0052631578947369,1.0,1.0,False,-0.0
11,C,D,0,0.0,2,0.0024875621890547,-0.2487562189054726,0.0,1.0,1.0,False,-0.0
11,F,D,0,0.0,2,0.0024875621890547,-0.2487562189054726,0.0,1.0,1.0,False,-0.0
11,H,D,1,0.0166666666666666,16,0.0199004975124378,-0.3233830845771144,0.8347457627118644,1.0,1.0,False,-0.0
11,I,D,0,0.0,1,0.0012437810945273,-0.1243781094527363,0.0,1.0,1.0,False,-0.0
11,L,D,0,0.0,3,0.003731343283582,-0.3731343283582089,0.0,1.0,1.0,False,-0.0
11,M,D,0,0.0,2,0.0024875621890547,-0.2487562189054726,0.0,1.0,1.0,False,-0.0
11,P,D,0,0.0,3,0.003731343283582,-0.3731343283582089,0.0,1.0,1.0,False,-0.0
11,S,D,1,0.0166666666666666,19,0.0236318407960199,-0.6965174129353234,0.7002676181980375,1.0,1.0,False,-0.0
12,A,R,0,0.0,13,0.0161691542288557,-1.616915422885572,0.0,1.0,1.0,False,-0.0
12,E,R,0,0.0,1,0.0012437810945273,-0.1243781094527363,0.0,1.0,1.0,False,-0.0
12,F,R,1,0.0166666666666666,14,0.017412935323383,-0.0746268656716418,0.9564164648910412,1.0,1.0,False,-0.0
12,M,R,0,0.0,5,0.0062189054726368,-0.6218905472636816,0.0,1.0,1.0,False,-0.0
12,S,R,0,0.0,5,0.0062189054726368,-0.6218905472636816,0.0,1.0,1.0,False,-0.0
12,T,R,0,0.0,3,0.003731343283582,-0.3731343283582089,0.0,1.0,1.0,False,-0.0
13,H,V,0,0.0,3,0.003731343283582,-0.3731343283582089,0.0,1.0,1.0,False,-0.0
13,K,V,0,0.0,3,0.003731343283582,-0.3731343283582089,0.0,1.0,1.0,False,-0.0
13,M,V,0,0.0,6,0.0074626865671641,-0.7462686567164178,0.0,1.0,1.0,False,-0.0
13,N,V,0,0.0,4,0.0049751243781094,-0.4975124378109453,0.0,1.0,1.0,False,-0.0
13,Q,V,0,0.0,7,0.0087064676616915,-0.8706467661691543,0.0,1.0,1.0,False,-0.0
13,R,V,0,0.0,3,0.003731343283582,-0.3731343283582089,0.0,1.0,1.0,False,-0.0
13,S,V,0,0.0,4,0.0049751243781094,-0.4975124378109453,0.0,1.0,1.0,False,-0.0
13,T,V,1,0.0166666666666666,21,0.0261194029850746,-0.945273631840796,0.6319612590799032,1.0,1.0,False,-0.0
13,W,V,0,0.0,5,0.0062189054726368,-0.6218905472636816,0.0,1.0,1.0,False,-0.0
13,Y,V,0,0.0,3,0.003731343283582,-0.3731343283582089,0.0,1.0,1.0,False,-0.0
14,A,I,0,0.0,2,0.0024875621890547,-0.2487562189054726,0.0,1.0,1.0,False,-0.0
14,G,I,0,0.0,1,0.0012437810945273,-0.1243781094527363,0.0,1.0,1.0,False,-0.0
14,K,I,0,0.0,1,0.0012437810945273,-0.1243781094527363,0.0,1.0,1.0,False,-0.0
14,N,I,0,0.0,1,0.0012437810945273,-0.1243781094527363,0.0,1.0,1.0,False,-0.0
14,S,I,0,0.0,1,0.0012437810945273,-0.1243781094527363,0.0,1.0,1.0,False,-0.0
14,T,I,0,0.0,1,0.0012437810945273,-0.1243781094527363,0.0,1.0,1.0,False,-0.0
14,V,I,0,0.0,5,0.0062189054726368,-0.6218905472636816,0.0,1.0,1.0,False,-0.0
14,Y,I,0,0.0,1,0.0012437810945273,-0.1243781094527363,0.0,1.0,1.0,False,-0.0
15,L,G,0,0.0,1,0.0012437810945273,-0.1243781094527363,0.0,1.0,1.0,False,-0.0
15,R,G,0,0.0,1,0.0012437810945273,-0.1243781094527363,0.0,1.0,1.0,False,-0.0
15,S,G,0,0.0,6,0.0074626865671641,-0.7462686567164178,0.0,1.0,1.0,False,-0.0
15,T,G,0,0.0,2,0.0024875621890547,-0.2487562189054726,0.0,1.0,1.0,False,-0.0
16,E,M,0,0.0,1,0.0012437810945273,-0.1243781094527363,0.0,1.0,1.0,False,-0.0
16,F,M,1,0.0166666666666666,15,0.0186567164179104,-0.1990049751243779,0.8915254237288136,1.0,1.0,False,-0.0
16,G,M,0,0.0,3,0.003731343283582,-0.3731343283582089,0.0,1.0,1.0,False,-0.0
16,M,M,0,0.0,2,0.0024875621890547,-0.2487562189054726,0.0,1.0,1.0,False,-0.0
16,Q,M,1,0.0166666666666666,25,0.031094527363184,-1.4427860696517414,0.528135593220339,1.0,1.0,False,-0.0
16,T,M,0,0.0,6,0.0074626865671641,-0.7462686567164178,0.0,1.0,1.0,False,-0.0
16,W,M,0,0.0,1,0.0012437810945273,-0.1243781094527363,0.0,1.0,1.0,False,-0.0
16,Y,M,3,0.05,49,0.0609452736318407,-1.0945273631840793,0.8109559613319012,1.0,1.0,False,-0.0
17,C,E,0,0.0,1,0.0012437810945273,-0.1243781094527363,0.0,1.0,1.0,False,-0.0
17,H,E,1,0.0166666666666666,20,0.0248756218905472,-0.8208955223880599,0.6644067796610169,1.0,1.0,False,-0.0
17,I,E,0,0.0,1,0.0012437810945273,-0.1243781094527363,0.0,1.0,1.0,False,-0.0
17,L,E,0,0.0,2,0.0024875621890547,-0.2487562189054726,0.0,1.0,1.0,False,-0.0
17,S,E,1,0.0166666666666666,22,0.0273631840796019,-1.0696517412935325,0.6024653312788906,1.0,1.0,False,-0.0
17,T,E,0,0.0,4,0.0049751243781094,-0.4975124378109453,0.0,1.0,1.0,False,-0.0
17,V,E,0,0.0,1,0.0012437810945273,-0.1243781094527363,0.0,1.0,1.0,False,-0.0
17,Y,E,0,0.0,2,0.0024875621890547,-0.2487562189054726,0.0,1.0,1.0,False,-0.0
18,A,N,0,0.0,7,0.0087064676616915,-0.8706467661691543,0.0,1.0,1.0,False,-0.0
18,C,N,0,0.0,1,0.0012437810945273,-0.1243781094527363,0.0,1.0,1.0,False,-0.0
18,D,N,1,0.0166666666666666,18,0.0223880597014925,-0.572139303482587,0.7401129943502824,1.0,1.0,False,-0.0
18,E,N,0,0.0,6,0.0074626865671641,-0.7462686567164178,0.0,1.0,1.0,False,-0.0
18,H,N,0,0.0,7,0.0087064676616915,-0.8706467661691543,0.0,1.0,1.0,False,-0.0
18,M,N,0,0.0,1,0.0012437810945273,-0.1243781094527363,0.0,1.0,1.0,False,-0.0
18,R,N,0,0.0,7,0.0087064676616915,-0.8706467661691543,0.0,1.0,1.0,False,-0.0
18,T,N,0,0.0,4,0.0049751243781094,-0.4975124378109453,0.0,1.0,1.0,False,-0.0
18,V,N,0,0.0,1,0.0012437810945273,-0.1243781094527363,0.0,1.0,1.0,False,-0.0
18,Y,N,0,0.0,2,0.0024875621890547,-0.2487562189054726,0.0,1.0,1.0,False,-0.0
19,E,A,3,0.05,49,0.0609452736318407,-1.0945273631840793,0.8109559613319012,1.0,1.0,False,-0.0
19,H,A,2,0.0333333333333333,31,0.0385572139303482,-0.5223880597014924,0.8598442714126807,1.0,1.0,False,-0.0
19,I,A,0,0.0,3,0.003731343283582,-0.3731343283582089,0.0,1.0,1.0,False,-0.0
19,M,A,0,0.0,4,0.0049751243781094,-0.4975124378109453,0.0,1.0,1.0,False,-0.0
19,V,A,0,0.0,11,0.0136815920398009,-1.3681592039800996,0.0,1.0,1.0,False,-0.0
19,W,A,0,0.0,3,0.003731343283582,-0.3731343283582089,0.0,1.0,1.0,False,-0.0
19,Y,A,0,0.0,2,0.0024875621890547,-0.2487562189054726,0.0,1.0,1.0,False,-0.0
20,F,M,0,0.0,1,0.0012437810945273,-0.1243781094527363,0.0,1.0,1.0,False,-0.0
20,G,M,0,0.0,1,0.0012437810945273,-0.1243781094527363,0.0,1.0,1.0,False,-0.0
20,K,M,0,0.0,1,0.0012437810945273,-0.1243781094527363,0.0,1.0,1.0,False,-0.0
20,P,M,0,0.0,2,0.0024875621890547,-0.2487562189054726,0.0,1.0,1.0,False,-0.0
20,Q,M,0,0.0,13,0.0161691542288557,-1.616915422885572,0.0,1.0,1.0,False,-0.0
20,S,M,0,0.0,1,0.0012437810945273,-0.1243781094527363,0.0,1.0,1.0,False,-0.0
20,T,M,0,0.0,8,0.0099502487562189,-0.9950248756218906,0.0,1.0,1.0,False,-0.0
20,V,M,0,0.0,12,0.0149253731343283,-1.4925373134328357,0.0,1.0,1.0,False,-0.0
20,Y,M,0,0.0,1,0.0012437810945273,-0.1243781094527363,0.0,1.0,1.0,False,-0.0
21,A,P,1,0.0166666666666666,14,0.017412935323383,-0.0746268656716418,0.9564164648910412,1.0,1.0,False,-0.0
21,D,P,0,0.0,5,0.0062189054726368,-0.6218905472636816,0.0,1.0,1.0,False,-0.0
21,E,P,0,0.0,3,0.003731343283582,-0.3731343283582089,0.0,1.0,1.0,False,-0.0
21,F,P,0,0.0,1,0.0012437810945273,-0.1243781094527363,0.0,1.0,1.0,False,-0.0
21,G,P,0,0.0,1,0.0012437810945273,-0.1243781094527363,0.0,1.0,1.0,False,-0.0
21,N,P,0,0.0,2,0.0024875621890547,-0.2487562189054726,0.0,1.0,1.0,False,-0.0
21,S,P,0,0.0,3,0.003731343283582,-0.3731343283582089,0.0,1.0,1.0,False,-0.0
21,T,P,0,0.0,2,0.0024875621890547,-0.2487562189054726,0.0,1.0,1.0,False,-0.0
21,V,P,0,0.0,11,0.0136815920398009,-1.3681592039800996,0.0,1.0,1.0,False,-0.0
21,Y,P,0,0.0,1,0.0012437810945273,-0.1243781094527363,0.0,1.0,1.0,False,-0.0
22,A,W,0,0.0,6,0.0074626865671641,-0.7462686567164178,0.0,1.0,1.0,False,-0.0
22,C,W,0,0.0,13,0.0161691542288557,-1.616915422885572,0.0,1.0,1.0,False,-0.0
22,D,W,0,0.0,3,0.003731343283582,-0.3731343283582089,0.0,1.0,1.0,False,-0.0
22,H,W,0,0.0,2,0.0024875621890547,-0.2487562189054726,0.0,1.0,1.0,False,-0.0
22,K,W,0,0.0,1,0.0012437810945273,-0.1243781094527363,0.0,1.0,1.0,False,-0.0
22,L,W,0,0.0,4,0.0049751243781094,-0.4975124378109453,0.0,1.0,1.0,False,-0.0
22,N,W,0,0.0,3,0.003731343283582,-0.3731343283582089,0.0,1.0,1.0,False,-0.0
22,Q,W,0,0.0,2,0.0024875621890547,-0.2487562189054726,0.0,1.0,1.0,False,-0.0
22,R,W,0,0.0,2,0.0024875621890547,-0.2487562189054726,0.0,1.0,1.0,False,-0.0
22,T,W,0,0.0,8,0.0099502487562189,-0.9950248756218906,0.0,1.0,1.0,False,-0.0
22,Y,W,1,0.0166666666666666,24,0.0298507462686567,-1.3184079601990049,0.5508474576271186,1.0,1.0,False,-0.0
23,C,N,0,0.0,1,0.0012437810945273,-0.1243781094527363,0.0,1.0,1.0,False,-0.0
23,E,N,0,0.0,4,0.0049751243781094,-0.4975124378109453,0.0,1.0,1.0,False,-0.0
23,G,N,0,0.0,2,0.0024875621890547,-0.2487562189054726,0.0,1.0,1.0,False,-0.0
23,L,N,0,0.0,1,0.0012437810945273,-0.1243781094527363,0.0,1.0,1.0,False,-0.0
23,M,N,0,0.0,3,0.003731343283582,-0.3731343283582089,0.0,1.0,1.0,False,-0.0
23,Q,N,0,0.0,13,0.0161691542288557,-1.616915422885572,0.0,1.0,1.0,False,-0.0
23,R,N,11,0.1833333333333333,154,0.1915422885572139,-0.8208955223880599,0.9475218658892128,1.0,1.0,False,-0.0
23,V,N,0,0.0,1,0.0012437810945273,-0.1243781094527363,0.0,1.0,1.0,False,-0.0
23,W,N,0,0.0,2,0.0024875621890547,-0.2487562189054726,0.0,1.0,1.0,False,-0.0
24,D,L,0,0.0,3,0.003731343283582,-0.3731343283582089,0.0,1.0,1.0,False,-0.0
24,F,L,0,0.0,9,0.0111940298507462,-1.1194029850746268,0.0,1.0,1.0,False,-0.0
24,G,L,0,0.0,2,0.0024875621890547,-0.2487562189054726,0.0,1.0,1.0,False,-0.0
24,H,L,0,0.0,2,0.0024875621890547,-0.2487562189054726,0.0,1.0,1.0,False,-0.0
24,N,L,0,0.0,11,0.0136815920398009,-1.3681592039800996,0.0,1.0,1.0,False,-0.0
24,P,L,0,0.0,1,0.0012437810945273,-0.1243781094527363,0.0,1.0,1.0,False,-0.0
24,Q,L,0,0.0,4,0.0049751243781094,-0.4975124378109453,0.0,1.0,1.0,False,-0.0
24,T,L,0,0.0,2,0.0024875621890547,-0.2487562189054726,0.0,1.0,1.0,False,-0.0
25,A,P,0,0.0,13,0.0161691542288557,-1.616915422885572,0.0,1.0,1.0,False,-0.0
25,E,P,0,0.0,7,0.0087064676616915,-0.8706467661691543,0.0,1.0,1.0,False,-0.0
25,F,P,0,0.0,1,0.0012437810945273,-0.1243781094527363,0.0,1.0,1.0,False,-0.0
25,G,P,0,0.0,4,0.0049751243781094,-0.4975124378109453,0.0,1.0,1.0,False,-0.0
25,H,P,0,0.0,2,0.0024875621890547,-0.2487562189054726,0.0,1.0,1.0,False,-0.0
25,N,P,0,0.0,1,0.0012437810945273,-0.1243781094527363,0.0,1.0,1.0,False,-0.0
25,T,P,0,0.0,6,0.0074626865671641,-0.7462686567164178,0.0,1.0,1.0,False,-0.0
26,C,A,0,0.0,1,0.0012437810945273,-0.1243781094527363,0.0,1.0,1.0,False,-0.0
26,H,A,0,0.0,3,0.003731343283582,-0.3731343283582089,0.0,1.0,1.0,False,-0.0
26,N,A,3,0.05,48,0.0597014925373134,-0.9701492537313428,0.8289473684210527,1.0,1.0,False,-0.0
26,P,A,0,0.0,6,0.0074626865671641,-0.7462686567164178,0.0,1.0,1.0,False,-0.0
26,V,A,0,0.0,6,0.0074626865671641,-0.7462686567164178,0.0,1.0,1.0,False,-0.0
26,W,A,0,0.0,1,0.0012437810945273,-0.1243781094527363,0.0,1.0,1.0,False,-0.0
27,A,D,0,0.0,1,0.0012437810945273,-0.1243781094527363,0.0,1.0,1.0,False,-0.0
27,G,D,0,0.0,1,0.0012437810945273,-0.1243781094527363,0.0,1.0,1.0,False,-0.0
27,K,D,0,0.0,1,0.0012437810945273,-0.1243781094527363,0.0,1.0,1.0,False,-0.0
27,N,D,0,0.0,1,0.0012437810945273,-0.1243781094527363,0.0,1.0,1.0,False,-0.0
27,P,D,0,0.0,1,0.0012437810945273,-0.1243781094527363,0.0,1.0,1.0,False,-0.0
27,Q,D,0,0.0,4,0.0049751243781094,-0.4975124378109453,0.0,1.0,1.0,False,-0.0
27,V,D,0,0.0,1,0.0012437810945273,-0.1243781094527363,0.0,1.0,1.0,False,-0.0
28,A,L,0,0.0,4,0.0049751243781094,-0.4975124378109453,0.0,1.0,1.0,False,-0.0
28,E,L,0,0.0,3,0.003731343283582,-0.3731343283582089,0.0,1.0,1.0,False,-0.0
28,F,L,4,0.0666666666666666,63,0.0783582089552238,-1.169154228855722,0.8401360544217688,1.0,1.0,False,-0.0
28,H,L,0,0.0,2,0.0024875621890547,-0.2487562189054726,0.0,1.0,1.0,False,-0.0
28,I,L,0,0.0,5,0.0062189054726368,-0.6218905472636816,0.0,1.0,1.0,False,-0.0
28,N,L,0,0.0,1,0.0012437810945273,-0.1243781094527363,0.0,1.0,1.0,False,-0.0
28,P,L,0,0.0,1,0.0012437810945273,-0.1243781094527363,0.0,1.0,1.0,False,-0.0
28,R,L,0,0.0,12,0.0149253731343283,-1.4925373134328357,0.0,1.0,1.0,False,-0.0
28,S,L,0,0.0,2,0.0024875621890547,-0.2487562189054726,0.0,1.0,1.0,False,-0.0
28,T,L,0,0.0,5,0.0062189054726368,-0.6218905472636816,0.0,1.0,1.0,False,-0.0
28,V,L,0,0.0,9,0.0111940298507462,-1.1194029850746268,0.0,1.0,1.0,False,-0.0
28,Y,L,0,0.0,9,0.0111940298507462,-1.1194029850746268,0.0,1.0,1.0,False,-0.0
29,F,A,0,0.0,1,0.0012437810945273,-0.1243781094527363,0.0,1.0,1.0,False,-0.0
29,G,A,0,0.0,5,0.0062189054726368,-0.6218905472636816,0.0,1.0,1.0,False,-0.0
29,H,A,0,0.0,13,0.0161691542288557,-1.616915422885572,0.0,1.0,1.0,False,-0.0
29,M,A,0,0.0,5,0.0062189054726368,-0.6218905472636816,0.0,1.0,1.0,False,-0.0
29,N,A,0,0.0,12,0.0149253731343283,-1.4925373134328357,0.0,1.0,1.0,False,-0.0
29,P,A,0,0.0,6,0.0074626865671641,-0.7462686567164178,0.0,1.0,1.0,False,-0.0
29,S,A,0,0.0,10,0.0124378109452736,-1.2437810945273633,0.0,1.0,1.0,False,-0.0
29,T,A,0,0.0,1,0.0012437810945273,-0.1243781094527363,0.0,1.0,1.0,False,-0.0
29,W,A,0,0.0,1,0.0012437810945273,-0.1243781094527363,0.0,1.0,1.0,False,-0.0
29,Y,A,0,0.0,1,0.0012437810945273,-0.1243781094527363,0.0,1.0,1.0,False,-0.0
30,A,W,0,0.0,3,0.003731343283582,-0.3731343283582089,0.0,1.0,1.0,False,-0.0
30,D,W,0,0.0,1,0.0012437810945273,-0.1243781094527363,0.0,1.0,1.0,False,-0.0
30,E,W,0,0.0,3,0.003731343283582,-0.3731343283582089,0.0,1.0,1.0,False,-0.0
30,G,W,0,0.0,1,0.0012437810945273,-0.1243781094527363,0.0,1.0,1.0,False,-0.0
30,K,W,0,0.0,4,0.0049751243781094,-0.4975124378109453,0.0,1.0,1.0,False,-0.0
30,M,W,0,0.0,7,0.0087064676616915,-0.8706467661691543,0.0,1.0,1.0,False,-0.0
30,T,W,0,0.0,5,0.0062189054726368,-0.6218905472636816,0.0,1.0,1.0,False,-0.0
31,G,F,0,0.0,3,0.003731343283582,-0.3731343283582089,0.0,1.0,1.0,False,-0.0
31,M,F,0,0.0,2,0.0024875621890547,-0.2487562189054726,0.0,1.0,1.0,False,-0.0
31,T,F,0,0.0,2,0.0024875621890547,-0.2487562189054726,0.0,1.0,1.0,False,-0.0
32,D,K,0,0.0,2,0.0024875621890547,-0.2487562189054726,0.0,1.0,1.0,False,-0.0
32,E,K,0,0.0,6,0.0074626865671641,-0.7462686567164178,0.0,1.0,1.0,False,-0.0
32,F,K,0,0.0,4,0.0049751243781094,-0.4975124378109453,0.0,1.0,1.0,False,-0.0
32,H,K,0,0.0,4,0.0049751243781094,-0.4975124378109453,0.0,1.0,1.0,False,-0.0
32,L,K,0,0.0,12,0.0149253731343283,-1.4925373134328357,0.0,1.0,1.0,False,-0.0
32,M,K,0,0.0,4,0.0049751243781094,-0.4975124378109453,0.0,1.0,1.0,False,-0.0
32,N,K,0,0.0,6,0.0074626865671641,-0.7462686567164178,0.0,1.0,1.0,False,-0.0
32,P,K,0,0.0,1,0.0012437810945273,-0.1243781094527363,0.0,1.0,1.0,False,-0.0
32,Q,K,2,0.0333333333333333,30,0.0373134328358208,-0.3980099502487559,0.8896551724137931,1.0,1.0,False,-0.0
32,S,K,0,0.0,8,0.0099502487562189,-0.9950248756218906,0.0,1.0,1.0,False,-0.0
32,Y,K,0,0.0,5,0.0062189054726368,-0.6218905472636816,0.0,1.0,1.0,False,-0.0
33,F,R,0,0.0,1,0.0012437810945273,-0.1243781094527363,0.0,1.0,1.0,False,-0.0
33,H,R,0,0.0,10,0.0124378109452736,-1.2437810945273633,0.0,1.0,1.0,False,-0.0
33,I,R,0,0.0,1,0.0012437810945273,-0.1243781094527363,0.0,1.0,1.0,False,-0.0
33,L,R,0,0.0,5,0.0062189054726368,-0.6218905472636816,0.0,1.0,1.0,False,-0.0
33,M,R,0,0.0,4,0.0049751243781094,-0.4975124378109453,0.0,1.0,1.0,False,-0.0
33,T,R,1,0.0166666666666666,24,0.0298507462686567,-1.3184079601990049,0.5508474576271186,1.0,1.0,False,-0.0
33,V,R,0,0.0,2,0.0024875621890547,-0.2487562189054726,0.0,1.0,1.0,False,-0.0
33,Y,R,0,0.0,3,0.003731343283582,-0.3731343283582089,0.0,1.0,1.0,False,-0.0
34,C,N,0,0.0,6,0.0074626865671641,-0.7462686567164178,0.0,1.0,1.0,False,-0.0
34,D,N,0,0.0,3,0.003731343283582,-0.3731343283582089,0.0,1.0,1.0,False,-0.0
34,F,N,0,0.0,2,0.0024875621890547,-0.2487562189054726,0.0,1.0,1.0,False,-0.0
34,N,N,0,0.0,7,0.0087064676616915,-0.8706467661691543,0.0,1.0,1.0,False,-0.0
34,S,N,1,0.0166666666666666,19,0.0236318407960199,-0.6965174129353234,0.7002676181980375,1.0,1.0,False,-0.0
34,W,N,0,0.0,1,0.0012437810945273,-0.1243781094527363,0.0,1.0,1.0,False,-0.0
34,Y,N,0,0.0,12,0.0149253731343283,-1.4925373134328357,0.0,1.0,1.0,False,-0.0
35,A,T,0,0.0,2,0.0024875621890547,-0.2487562189054726,0.0,1.0,1.0,False,-0.0
35,D,T,0,0.0,2,0.0024875621890547,-0.2487562189054726,0.0,1.0,1.0,False,-0.0
35,F,T,0,0.0,2,0.0024875621890547,-0.2487562189054726,0.0,1.0,1.0,False,-0.0
35,G,T,0,0.0,1,0.0012437810945273,-0.1243781094527363,0.0,1.0,1.0,False,-0.0
35,K,T,0,0.0,1,0.0012437810945273,-0.1243781094527363,0.0,1.0,1.0,False,-0.0
35,L,T,0,0.0,4,0.0049751243781094,-0.4975124378109453,0.0,1.0,1.0,False,-0.0
35,N,T,0,0.0,2,0.0024875621890547,-0.2487562189054726,0.0,1.0,1.0,False,-0.0
35,R,T,0,0.0,2,0.0024875621890547,-0.2487562189054726,0.0,1.0,1.0,False,-0.0
35,V,T,1,0.0166666666666666,13,0.0161691542288557,0.0497512437810945,1.03129074315515,1.0,1.0,False,-0.0
36,C,L,0,0.0,1,0.0012437810945273,-0.1243781094527363,0.0,1.0,1.0,False,-0.0
36,D,L,0,0.0,10,0.0124378109452736,-1.2437810945273633,0.0,1.0,1.0,False,-0.0
36,F,L,0,0.0,7,0.0087064676616915,-0.8706467661691543,0.0,1.0,1.0,False,-0.0
36,G,L,0,0.0,6,0.0074626865671641,-0.7462686567164178,0.0,1.0,1.0,False,-0.0
36,H,L,0,0.0,1,0.0012437810945273,-0.1243781094527363,0.0,1.0,1.0,False,-0.0
36,N,L,0,0.0,6,0.0074626865671641,-0.7462686567164178,0.0,1.0,1.0,False,-0.0
36,P,L,0,0.0,1,0.0012437810945273,-0.1243781094527363,0.0,1.0,1.0,False,-0.0
36,T,L,8,0.1333333333333333,106,0.1318407960199005,0.1492537313432823,1.0130624092888243,1.0,1.0,False,-0.0
36,W,L,1,0.0166666666666666,23,0.0286069651741293,-1.1940298507462688,0.5755342667649226,1.0,1.0,False,-0.0
37,A,N,0,0.0,9,0.0111940298507462,-1.1194029850746268,0.0,1.0,1.0,False,-0.0
37,D,N,1,0.0166666666666666,24,0.0298507462686567,-1.3184079601990049,0.5508474576271186,1.0,1.0,False,-0.0
37,F,N,0,0.0,2,0.0024875621890547,-0.2487562189054726,0.0,1.0,1.0,False,-0.0
37,L,N,0,0.0,1,0.0012437810945273,-0.1243781094527363,0.0,1.0,1.0,False,-0.0
37,Q,N,0,0.0,7,0.0087064676616915,-0.8706467661691543,0.0,1.0,1.0,False,-0.0
37,R,N,0,0.0,3,0.003731343283582,-0.3731343283582089,0.0,1.0,1.0,False,-0.0
37,T,N,0,0.0,5,0.0062189054726368,-0.6218905472636816,0.0,1.0,1.0,False,-0.0
37,Y,N,0,0.0,3,0.003731343283582,-0.3731343283582089,0.0,1.0,1.0,False,-0.0
38,A,K,1,0.0166666666666666,25,0.031094527363184,-1.4427860696517414,0.528135593220339,1.0,1.0,False,-0.0
38,E,K,0,0.0,6,0.0074626865671641,-0.7462686567164178,0.0,1.0,1.0,False,-0.0
38,F,K,0,0.0,7,0.0087064676616915,-0.8706467661691543,0.0,1.0,1.0,False,-0.0
38,I,K,0,0.0,1,0.0012437810945273,-0.1243781094527363,0.0,1.0,1.0,False,-0.0
38,L,K,0,0.0,7,0.0087064676616915,-0.8706467661691543,0.0,1.0,1.0,False,-0.0
38,M,K,0,0.0,4,0.0049751243781094,-0.4975124378109453,0.0,1.0,1.0,False,-0.0
38,R,K,2,0.0333333333333333,33,0.0410447761194029,-0.7711442786069653,0.8056426332288401,1.0,1.0,False,-0.0
38,V,K,0,0.0,1,0.0012437810945273,-0.1243781094527363,0.0,1.0,1.0,False,-0.0
38,W,K,0,0.0,3,0.003731343283582,-0.3731343283582089,0.0,1.0,1.0,False,-0.0
39,C,P,0,0.0,8,0.0099502487562189,-0.9950248756218906,0.0,1.0,1.0,False,-0.0
39,E,P,0,0.0,2,0.0024875621890547,-0.2487562189054726,0.0,1.0,1.0,False,-0.0
39,G,P,0,0.0,4,0.0049751243781094,-0.4975124378109453,0.0,1.0,1.0,False,-0.0
39,H,P,1,0.0166666666666666,21,0.0261194029850746,-0.945273631840796,0.6319612590799032,1.0,1.0,False,-0.0
39,K,P,0,0.0,10,0.0124378109452736,-1.2437810945273633,0.0,1.0,1.0,False,-0.0
39,L,P,0,0.0,6,0.0074626865671641,-0.7462686567164178,0.0,1.0,1.0,False,-0.0
39,M,P,0,0.0,2,0.0024875621890547,-0.2487562189054726,0.0,1.0,1.0,False,-0.0
39,Q,P,0,0.0,1,0.0012437810945273,-0.1243781094527363,0.0,1.0,1.0,False,-0.0
39,R,P,0,0.0,6,0.0074626865671641,-0.7462686567164178,0.0,1.0,1.0,False,-0.0
39,Y,P,0,0.0,2,0.0024875621890547,-0.2487562189054726,0.0,1.0,1.0,False,-0.0
40,F,V,0,0.0,2,0.0024875621890547,-0.2487562189054726,0.0,1.0,1.0,False,-0.0
40,K,V,0,0.0,1,0.0012437810945273,-0.1243781094527363,0.0,1.0,1.0,False,-0.0
40,Q,V,0,0.0,1,0.0012437810945273,-0.1243781094527363,0.0,1.0,1.0,False,-0.0
40,R,V,0,0.0,1,0.0012437810945273,-0.1243781094527363,0.0,1.0,1.0,False,-0.0
40,S,V,0,0.0,1,0.0012437810945273,-0.1243781094527363,0.0,1.0,1.0,False,-0.0
40,T,V,0,0.0,3,0.003731343283582,-0.3731343283582089,0.0,1.0,1.0,False,-0.0
41,A,I,0,0.0,2,0.0024875621890547,-0.2487562189054726,0.0,1.0,1.0,False,-0.0
41,C,I,0,0.0,1,0.0012437810945273,-0.1243781094527363,0.0,1.0,1.0,False,-0.0
41,F,I,0,0.0,2,0.0024875621890547,-0.2487562189054726,0.0,1.0,1.0,False,-0.0
41,M,I,0,0.0,1,0.0012437810945273,-0.1243781094527363,0.0,1.0,1.0,False,-0.0
41,Y,I,0,0.0,1,0.0012437810945273,-0.1243781094527363,0.0,1.0,1.0,False,-0.0
42,A,M,0,0.0,9,0.0111940298507462,-1.1194029850746268,0.0,1.0,1.0,False,-0.0
42,E,M,0,0.0,1,0.0012437810945273,-0.1243781094527363,0.0,1.0,1.0,False,-0.0
42,G,M,0,0.0,3,0.003731343283582,-0.3731343283582089,0.0,1.0,1.0,False,-0.0
42,H,M,0,0.0,1,0.0012437810945273,-0.1243781094527363,0.0,1.0,1.0,False,-0.0
42,Q,M,0,0.0,3,0.003731343283582,-0.3731343283582089,0.0,1.0,1.0,False,-0.0
42,R,M,0,0.0,1,0.0012437810945273,-0.1243781094527363,0.0,1.0,1.0,False,-0.0
42,S,M,0,0.0,7,0.0087064676616915,-0.8706467661691543,0.0,1.0,1.0,False,-0.0
42,Y,M,0,0.0,4,0.0049751243781094,-0.4975124378109453,0.0,1.0,1.0,False,-0.0
43,C,G,0,0.0,1,0.0012437810945273,-0.1243781094527363,0.0,1.0,1.0,False,-0.0
43,D,G,0,0.0,1,0.0012437810945273,-0.1243781094527363,0.0,1.0,1.0,False,-0.0
44,D,R,0,0.0,2,0.0024875621890547,-0.2487562189054726,0.0,1.0,1.0,False,-0.0
44,E,R,0,0.0,2,0.0024875621890547,-0.2487562189054726,0.0,1.0,1.0,False,-0.0
44,F,R,0,0.0,2,0.0024875621890547,-0.2487562189054726,0.0,1.0,1.0,False,-0.0
44,H,R,0,0.0,6,0.0074626865671641,-0.7462686567164178,0.0,1.0,1.0,False,-0.0
44,I,R,0,0.0,1,0.0012437810945273,-0.1243781094527363,0.0,1.0,1.0,False,-0.0
44,K,R,2,0.0333333333333333,28,0.0348258706467661,-0.1492537313432837,0.955665024630542,1.0,1.0,False,-0.0
44,M,R,0,0.0,1,0.0012437810945273,-0.1243781094527363,0.0,1.0,1.0,False,-0.0
44,N,R,0,0.0,1,0.0012437810945273,-0.1243781094527363,0.0,1.0,1.0,False,-0.0
44,P,R,0,0.0,1,0.0012437810945273,-0.1243781094527363,0.0,1.0,1.0,False,-0.0
44,Q,R,0,0.0,2,0.0024875621890547,-0.2487562189054726,0.0,1.0,1.0,False,-0.0
44,T,R,0,0.0,3,0.003731343283582,-0.3731343283582089,0.0,1.0,1.0,False,-0.0
44,W,R,0,0.0,2,0.0024875621890547,-0.2487562189054726,0.0,1.0,1.0,False,-0.0
45,D,H,0,0.0,1,0.0012437810945273,-0.1243781094527363,0.0,1.0,1.0,False,-0.0
45,E,H,0,0.0,4,0.0049751243781094,-0.4975124378109453,0.0,1.0,1.0,False,-0.0
45,H,H,1,0.0166666666666666,17,0.0211442786069651,-0.4477611940298509,0.7846460618145563,1.0,1.0,False,-0.0
45,I,H,0,0.0,9,0.0111940298507462,-1.1194029850746268,0.0,1.0,1.0,False,-0.0
45,L,H,0,0.0,12,0.0149253731343283,-1.4925373134328357,0.0,1.0,1.0,False,-0.0
45,M,H,0,0.0,5,0.0062189054726368,-0.6218905472636816,0.0,1.0,1.0,False,-0.0
45,Q,H,0,0.0,3,0.003731343283582,-0.3731343283582089,0.0,1.0,1.0,False,-0.0
45,V,H,1,0.0166666666666666,18,0.0223880597014925,-0.572139303482587,0.7401129943502824,1.0,1.0,False,-0.0
45,Y,H,0,0.0,1,0.0012437810945273,-0.1243781094527363,0.0,1.0,1.0,False,-0.0
46,C,T,0,0.0,6,0.0074626865671641,-0.7462686567164178,0.0,1.0,1.0,False,-0.0
46,F,T,0,0.0,1,0.0012437810945273,-0.1243781094527363,0.0,1.0,1.0,False,-0.0
46,I,T,0,0.0,2,0.0024875621890547,-0.2487562189054726,0.0,1.0,1.0,False,-0.0
46,L,T,0,0.0,2,0.0024875621890547,-0.2487562189054726,0.0,1.0,1.0,False,-0.0
46,M,T,0,0.0,1,0.0012437810945273,-0.1243781094527363,0.0,1.0,1.0,False,-0.0
46,Q,T,0,0.0,1,0.0012437810945273,-0.1243781094527363,0.0,1.0,1.0,False,-0.0
46,R,T,0,0.0,1,0.0012437810945273,-0.1243781094527363,0.0,1.0,1.0,False,-0.0
46,V,T,0,0.0,3,0.003731343283582,-0.3731343283582089,0.0,1.0,1.0,False,-0.0
47,C,W,0,0.0,2,0.0024875621890547,-0.2487562189054726,0.0,1.0,1.0,False,-0.0
47,I,W,0,0.0,6,0.0074626865671641,-0.7462686567164178,0.0,1.0,1.0,False,-0.0
47,Q,W,0,0.0,2,0.0024875621890547,-0.2487562189054726,0.0,1.0,1.0,False,-0.0
47,R,W,0,0.0,2,0.0024875621890547,-0.2487562189054726,0.0,1.0,1.0,False,-0.0
48,F,E,0,0.0,7,0.0087064676616915,-0.8706467661691543,0.0,1.0,1.0,False,-0.0
48,G,E,0,0.0,2,0.0024875621890547,-0.2487562189054726,0.0,1.0,1.0,False,-0.0
48,H,E,0,0.0,5,0.0062189054726368,-0.6218905472636816,0.0,1.0,1.0,False,-0.0
48,I,E,0,0.0,8,0.0099502487562189,-0.9950248756218906,0.0,1.0,1.0,False,-0.0
48,M,E,0,0.0,4,0.0049751243781094,-0.4975124378109453,0.0,1.0,1.0,False,-0.0
48,P,E,0,0.0,1,0.0012437810945273,-0.1243781094527363,0.0,1.0,1.0,False,-0.0
48,Q,E,3,0.05,40,0.0497512437810945,0.0248756218905472,1.0052631578947369,1.0,1.0,False,-0.0
48,S,E,0,0.0,4,0.0049751243781094,-0.4975124378109453,0.0,1.0,1.0,False,-0.0
48,T,E,0,0.0,8,0.0099502487562189,-0.9950248756218906,0.0,1.0,1.0,False,-0.0
48,V,E,0,0.0,6,0.0074626865671641,-0.7462686567164178,0.0,1.0,1.0,False,-0.0
49,F,S,0,0.0,3,0.003731343283582,-0.3731343283582089,0.0,1.0,1.0,False,-0.0
49,H,S,0,0.0,4,0.0049751243781094,-0.4975124378109453,0.0,1.0,1.0,False,-0.0
49,I,S,0,0.0,8,0.0099502487562189,-0.9950248756218906,0.0,1.0,1.0,False,-0.0
49,K,S,0,0.0,1,0.0012437810945273,-0.1243781094527363,0.0,1.0,1.0,False,-0.0
49,L,S,0,0.0,4,0.0049751243781094,-0.4975124378109453,0.0,1.0,1.0,False,-0.0
49,M,S,0,0.0,3,0.003731343283582,-0.3731343283582089,0.0,1.0,1.0,False,-0.0
49,N,S,0,0.0,5,0.0062189054726368,-0.6218905472636816,0.0,1.0,1.0,False,-0.0
49,P,S,0,0.0,1,0.0012437810945273,-0.1243781094527363,0.0,1.0,1.0,False,-0.0
49,Q,S,0,0.0,2,0.0024875621890547,-0.2487562189054726,0.0,1.0,1.0,False,-0.0
49,V,S,0,0.0,3,0.003731343283582,-0.3731343283582089,0.0,1.0,1.0,False,-0.0
49,Y,S,0,0.0,1,0.0012437810945273,-0.1243781094527363,0.0,1.0,1.0,False,-0.0
50,A,I,0,0.0,2,0.0024875621890547,-0.2487562189054726,0.0,1.0,1.0,False,-0.0
50,C,I,0,0.0,1,0.0012437810945273,-0.1243781094527363,0.0,1.0,1.0,False,-0.0
50,E,I,0,0.0,1,0.0012437810945273,-0.1243781094527363,0.0,1.0,1.0,False,-0.0
50,H,I,0,0.0,2,0.0024875621890547,-0.2487562189054726,0.0,1.0,1.0,False,-0.0
50,N,I,0,0.0,2,0.0024875621890547,-0.2487562189054726,0.0,1.0,1.0,False,-0.0
50,P,I,0,0.0,3,0.003731343283582,-0.3731343283582089,0.0,1.0,1.0,False,-0.0
50,Q,I,0,0.0,1,0.0012437810945273,-0.1243781094527363,0.0,1.0,1.0,False,-0.0
50,S,I,0,0.0,1,0.0012437810945273,-0.1243781094527363,0.0,1.0,1.0,False,-0.0
50,T,I,0,0.0,4,0.0049751243781094,-0.4975124378109453,0.0,1.0,1.0,False,-0.0
50,V,I,0,0.0,13,0.0161691542288557,-1.616915422885572,0.0,1.0,1.0,False,-0.0
50,W,I,0,0.0,4,0.0049751243781094,-0.4975124378109453,0.0,1.0,1.0,False,-0.0
50,Y,I,0,0.0,1,0.0012437810945273,-0.1243781094527363,0.0,1.0,1.0,False,-0.0
51,D,G,0,0.0,11,0.0136815920398009,-1.3681592039800996,0.0,1.0,1.0,False,-0.0
51,E,G,0,0.0,8,0.0099502487562189,-0.9950248756218906,0.0,1.0,1.0,False,-0.0
51,H,G,0,0.0,6,0.0074626865671641,-0.7462686567164178,0.0,1.0,1.0,False,-0.0
51,I,G,0,0.0,1,0.0012437810945273,-0.1243781094527363,0.0,1.0,1.0,False,-0.0
51,L,G,0,0.0,3,0.003731343283582,-0.3731343283582089,0.0,1.0,1.0,False,-0.0
51,M,G,0,0.0,1,0.0012437810945273,-0.1243781094527363,0.0,1.0,1.0,False,-0.0
51,Q,G,0,0.0,10,0.0124378109452736,-1.2437810945273633,0.0,1.0,1.0,False,-0.0
51,R,G,0,0.0,9,0.0111940298507462,-1.1194029850746268,0.0,1.0,1.0,False,-0.0
51,S,G,0,0.0,13,0.0161691542288557,-1.616915422885572,0.0,1.0,1.0,False,-0.0
51,T,G,0,0.0,2,0.0024875621890547,-0.2487562189054726,0.0,1.0,1.0,False,-0.0
51,V,G,0,0.0,2,0.0024875621890547,-0.2487562189054726,0.0,1.0,1.0,False,-0.0
51,Y,G,0,0.0,1,0.0012437810945273,-0.1243781094527363,0.0,1.0,1.0,False,-0.0
52,A,R,0,0.0,11,0.0136815920398009,-1.3681592039800996,0.0,1.0,1.0,False,-0.0
52,C,R,0,0.0,2,0.0024875621890547,-0.2487562189054726,0.0,1.0,1.0,False,-0.0
52,D,R,0,0.0,3,0.003731343283582,-0.3731343283582089,0.0,1.0,1.0,False,-0.0
52,E,R,0,0.0,6,0.0074626865671641,-0.7462686567164178,0.0,1.0,1.0,False,-0.0
52,F,R,0,0.0,3,0.003731343283582,-0.3731343283582089,0.0,1.0,1.0,False,-0.0
52,H,R,1,0.0166666666666666,14,0.017412935323383,-0.0746268656716418,0.9564164648910412,1.0,1.0,False,-0.0
52,I,R,0,0.0,2,0.0024875621890547,-0.2487562189054726,0.0,1.0,1.0,False,-0.0
52,M,R,0,0.0,2,0.0024875621890547,-0.2487562189054726,0.0,1.0,1.0,False,-0.0
52,N,R,1,0.0166666666666666,20,0.0248756218905472,-0.8208955223880599,0.6644067796610169,1.0,1.0,False,-0.0
52,P,R,0,0.0,4,0.0049751243781094,-0.4975124378109453,0.0,1.0,1.0,False,-0.0
52,Q,R,1,0.0166666666666666,20,0.0248756218905472,-0.8208955223880599,0.6644067796610169,1.0,1.0,False,-0.0
52,S,R,1,0.0166666666666666,13,0.0161691542288557,0.0497512437810945,1.03129074315515,1.0,1.0,False,-0.0
52,V,R,0,0.0,6,0.0074626865671641,-0.7462686567164178,0.0,1.0,1.0,False,-0.0
52,Y,R,0,0.0,2,0.0024875621890547,-0.2487562189054726,0.0,1.0,1.0,False,-0.0
53,C,P,0,0.0,5,0.0062189054726368,-0.6218905472636816,0.0,1.0,1.0,False,-0.0
53,D,P,0,0.0,8,0.0099502487562189,-0.9950248756218906,0.0,1.0,1.0,False,-0.0
53,E,P,0,0.0,6,0.0074626865671641,-0.7462686567164178,0.0,1.0,1.0,False,-0.0
53,F,P,0,0.0,1,0.0012437810945273,-0.1243781094527363,0.0,1.0,1.0,False,-0.0
53,H,P,0,0.0,2,0.0024875621890547,-0.2487562189054726,0.0,1.0,1.0,False,-0.0
53,L,P,2,0.0333333333333333,33,0.0410447761194029,-0.7711442786069653,0.8056426332288401,1.0,1.0,False,-0.0
53,M,P,0,0.0,5,0.0062189054726368,-0.6218905472636816,0.0,1.0,1.0,False,-0.0
53,N,P,0,0.0,1,0.0012437810945273,-0.1243781094527363,0.0,1.0,1.0,False,-0.0
53,Q,P,0,0.0,2,0.0024875621890547,-0.2487562189054726,0.0,1.0,1.0,False,-0.0
53,R,P,0,0.0,4,0.0049751243781094,-0.4975124378109453,0.0,1.0,1.0,False,-0.0
53,S,P,0,0.0,9,0.0111940298507462,-1.1194029850746268,0.0,1.0,1.0,False,-0.0
53,T,P,0,0.0,7,0.0087064676616915,-0.8706467661691543,0.0,1.0,1.0,False,-0.0
53,W,P,0,0.0,4,0.0049751243781094,-0.4975124378109453,0.0,1.0,1.0,False,-0.0
53,Y,P,0,0.0,2,0.0024875621890547,-0.2487562189054726,0.0,1.0,1.0,False,-0.0
54,A,L,0,0.0,2,0.0024875621890547,-0.2487562189054726,0.0,1.0,1.0,False,-0.0
54,D,L,0,0.0,1,0.0012437810945273,-0.1243781094527363,0.0,1.0,1.0,False,-0.0
54,E,L,0,0.0,2,0.0024875621890547,-0.2487562189054726,0.0,1.0,1.0,False,-0.0
54,G,L,0,0.0,1,0.0012437810945273,-0.1243781094527363,0.0,1.0,1.0,False,-0.0
54,H,L,0,0.0,1,0.0012437810945273,-0.1243781094527363,0.0,1.0,1.0,False,-0.0
54,I,L,0,0.0,5,0.0062189054726368,-0.6218905472636816,0.0,1.0,1.0,False,-0.0
54,M,L,0,0.0,4,0.0049751243781094,-0.4975124378109453,0.0,1.0,1.0,False,-0.0
54,P,L,0,0.0,2,0.0024875621890547,-0.2487562189054726,0.0,1.0,1.0,False,-0.0
54,R,L,0,0.0,3,0.003731343283582,-0.3731343283582089,0.0,1.0,1.0,False,-0.0
54,S,L,0,0.0,2,0.0024875621890547,-0.2487562189054726,0.0,1.0,1.0,False,-0.0
54,V,L,0,0.0,3,0.003731343283582,-0.3731343283582089,0.0,1.0,1.0,False,-0.0
54,Y,L,0,0.0,5,0.0062189054726368,-0.6218905472636816,0.0,1.0,1.0,False,-0.0
55,E,P,1,0.0166666666666666,16,0.0199004975124378,-0.3233830845771144,0.8347457627118644,1.0,1.0,False,-0.0
55,F,P,0,0.0,3,0.003731343283582,-0.3731343283582089,0.0,1.0,1.0,False,-0.0
55,G,P,0,0.0,7,0.0087064676616915,-0.8706467661691543,0.0,1.0,1.0,False,-0.0
55,H,P,0,0.0,2,0.0024875621890547,-0.2487562189054726,0.0,1.0,1.0,False,-0.0
55,I,P,0,0.0,1,0.0012437810945273,-0.1243781094527363,0.0,1.0,1.0,False,-0.0
55,Q,P,0,0.0,11,0.0136815920398009,-1.3681592039800996,0.0,1.0,1.0,False,-0.0
55,T,P,0,0.0,9,0.0111940298507462,-1.1194029850746268,0.0,1.0,1.0,False,-0.0
55,V,P,0,0.0,10,0.0124378109452736,-1.2437810945273633,0.0,1.0,1.0,False,-0.0
55,Y,P,0,0.0,1,0.0012437810945273,-0.1243781094527363,0.0,1.0,1.0,False,-0.0
56,A,G,0,0.0,7,0.0087064676616915,-0.8706467661691543,0.0,1.0,1.0,False,-0.0
56,C,G,0,0.0,1,0.0012437810945273,-0.1243781094527363,0.0,1.0,1.0,False,-0.0
56,D,G,4,0.0666666666666666,52,0.0646766169154228,0.1990049751243783,1.032967032967033,1.0,1.0,False,-0.0
56,F,G,0,0.0,7,0.0087064676616915,-0.8706467661691543,0.0,1.0,1.0,False,-0.0
56,L,G,0,0.0,2,0.0024875621890547,-0.2487562189054726,0.0,1.0,1.0,False,-0.0
56,P,G,0,0.0,4,0.0049751243781094,-0.4975124378109453,0.0,1.0,1.0,False,-0.0
56,R,G,1,0.0166666666666666,19,0.0236318407960199,-0.6965174129353234,0.7002676181980375,1.0,1.0,False,-0.0
56,S,G,1,0.0166666666666666,13,0.0161691542288557,0.0497512437810945,1.03129074315515,1.0,1.0,False,-0.0
56,Y,G,0,0.0,2,0.0024875621890547,-0.2487562189054726,0.0,1.0,1.0,False,-0.0
57,A,R,0,0.0,5,0.0062189054726368,-0.6218905472636816,0.0,1.0,1.0,False,-0.0
57,C,R,0,0.0,4,0.0049751243781094,-0.4975124378109453,0.0,1.0,1.0,False,-0.0
57,D,R,0,0.0,1,0.0012437810945273,-0.1243781094527363,0.0,1.0,1.0,False,-0.0
57,E,R,0,0.0,2,0.0024875621890547,-0.2487562189054726,0.0,1.0,1.0,False,-0.0
57,F,R,0,0.0,1,0.0012437810945273,-0.1243781094527363,0.0,1.0,1.0,False,-0.0
57,G,R,0,0.0,4,0.0049751243781094,-0.4975124378109453,0.0,1.0,1.0,False,-0.0
57,I,R,0,0.0,1,0.0012437810945273,-0.1243781094527363,0.0,1.0,1.0,False,-0.0
57,K,R,0,0.0,13,0.0161691542288557,-1.616915422885572,0.0,1.0,1.0,False,-0.0
57,N,R,0,0.0,2,0.0024875621890547,-0.2487562189054726,0.0,1.0,1.0,False,-0.0
57,Q,R,0,0.0,1,0.0012437810945273,-0.1243781094527363,0.0,1.0,1.0,False,-0.0
57,S,R,0,0.0,2,0.0024875621890547,-0.2487562189054726,0.0,1.0,1.0,False,-0.0
57,Y,R,0,0.0,1,0.0012437810945273,-0.1243781094527363,0.0,1.0,1.0,False,-0.0
58,F,K,0,0.0,7,0.0087064676616915,-0.8706467661691543,0.0,1.0,1.0,False,-0.0
58,G,K,0,0.0,2,0.0024875621890547,-0.2487562189054726,0.0,1.0,1.0,False,-0.0
58,S,K,0,0.0,7,0.0087064676616915,-0.8706467661691543,0.0,1.0,1.0,False,-0.0
58,W,K,0,0.0,1,0.0012437810945273,-0.1243781094527363,0.0,1.0,1.0,False,-0.0
58,Y,K,0,0.0,8,0.0099502487562189,-0.9950248756218906,0.0,1.0,1.0,False,-0.0
59,D,N,0,0.0,2,0.0024875621890547,-0.2487562189054726,0.0,1.0,1.0,False,-0.0
59,E,N,0,0.0,8,0.0099502487562189,-0.9950248756218906,0.0,1.0,1.0,False,-0.0
59,G,N,0,0.0,2,0.0024875621890547,-0.2487562189054726,0.0,1.0,1.0,False,-0.0
59,I,N,0,0.0,11,0.0136815920398009,-1.3681592039800996,0.0,1.0,1.0,False,-0.0
59,K,N,0,0.0,1,0.0012437810945273,-0.1243781094527363,0.0,1.0,1.0,False,-0.0
59,L,N,0,0.0,7,0.0087064676616915,-0.8706467661691543,0.0,1.0,1.0,False,-0.0
59,M,N,0,0.0,6,0.0074626865671641,-0.7462686567164178,0.0,1.0,1.0,False,-0.0
59,P,N,0,0.0,7,0.0087064676616915,-0.8706467661691543,0.0,1.0,1.0,False,-0.0
59,Q,N,0,0.0,1,0.0012437810945273,-0.1243781094527363,0.0,1.0,1.0,False,-0.0
59,R,N,0,0.0,2,0.0024875621890547,-0.2487562189054726,0.0,1.0,1.0,False,-0.0
60,C,I,0,0.0,3,0.003731343283582,-0.3731343283582089,0.0,1.0,1.0,False,-0.0
60,H,I,0,0.0,4,0.0049751243781094,-0.4975124378109453,0.0,1.0,1.0,False,-0.0
60,M,I,0,0.0,7,0.0087064676616915,-0.8706467661691543,0.0,1.0,1.0,False,-0.0
60,N,I,0,0.0,4,0.0049751243781094,-0.4975124378109453,0.0,1.0,1.0,False,-0.0
60,R,I,0,0.0,2,0.0024875621890547,-0.2487562189054726,0.0,1.0,1.0,False,-0.0
60,T,I,0,0.0,4,0.0049751243781094,-0.4975124378109453,0.0,1.0,1.0,False,-0.0
61,A,I,0,0.0,3,0.003731343283582,-0.3731343283582089,0.0,1.0,1.0,False,-0.0
61,C,I,0,0.0,1,0.0012437810945273,-0.1243781094527363,0.0,1.0,1.0,False,-0.0
61,F,I,0,0.0,2,0.0024875621890547,-0.2487562189054726,0.0,1.0,1.0,False,-0.0
61,L,I,0,0.0,7,0.0087064676616915,-0.8706467661691543,0.0,1.0,1.0,False,-0.0
61,T,I,0,0.0,2,0.0024875621890547,-0.2487562189054726,0.0,1.0,1.0,False,-0.0
61,W,I,0,0.0,1,0.0012437810945273,-0.1243781094527363,0.0,1.0,1.0,False,-0.0
61,Y,I,0,0.0,1,0.0012437810945273,-0.1243781094527363,0.0,1.0,1.0,False,-0.0
62,A,L,0,0.0,12,0.0149253731343283,-1.4925373134328357,0.0,1.0,1.0,False,-0.0
62,C,L,0,0.0,1,0.0012437810945273,-0.1243781094527363,0.0,1.0,1.0,False,-0.0
62,F,L,0,0.0,12,0.0149253731343283,-1.4925373134328357,0.0,1.0,1.0,False,-0.0
62,H,L,0,0.0,1,0.0012437810945273,-0.1243781094527363,0.0,1.0,1.0,False,-0.0
62,M,L,1,0.0166666666666666,26,0.0323383084577114,-1.5671641791044777,0.5071707953063885,1.0,1.0,False,-0.0
62,Q,L,0,0.0,1,0.0012437810945273,-0.1243781094527363,0.0,1.0,1.0,False,-0.0
62,T,L,0,0.0,1,0.0012437810945273,-0.1243781094527363,0.0,1.0,1.0,False,-0.0
62,W,L,0,0.0,3,0.003731343283582,-0.3731343283582089,0.0,1.0,1.0,False,-0.0
62,Y,L,0,0.0,1,0.0012437810945273,-0.1243781094527363,0.0,1.0,1.0,False,-0.0
63,A,S,0,0.0,7,0.0087064676616915,-0.8706467661691543,0.0,1.0,1.0,False,-0.0
63,E,S,0,0.0,1,0.0012437810945273,-0.1243781094527363,0.0,1.0,1.0,False,-0.0
63,G,S,0,0.0,4,0.0049751243781094,-0.4975124378109453,0.0,1.0,1.0,False,-0.0
63,H,S,0,0.0,1,0.0012437810945273,-0.1243781094527363,0.0,1.0,1.0,False,-0.0
63,I,S,0,0.0,2,0.0024875621890547,-0.2487562189054726,0.0,1.0,1.0,False,-0.0
63,L,S,0,0.0,3,0.003731343283582,-0.3731343283582089,0.0,1.0,1.0,False,-0.0
63,M,S,0,0.0,1,0.0012437810945273,-0.1243781094527363,0.0,1.0,1.0,False,-0.0
63,N,S,0,0.0,1,0.0012437810945273,-0.1243781094527363,0.0,1.0,1.0,False,-0.0
63,R,S,0,0.0,1,0.0012437810945273,-0.1243781094527363,0.0,1.0,1.0,False,-0.0
63,W,S,0,0.0,1,0.0012437810945273,-0.1243781094527363,0.0,1.0,1.0,False,-0.0
64,E,S,0,0.0,5,0.0062189054726368,-0.6218905472636816,0.0,1.0,1.0,False,-0.0
64,I,S,0,0.0,2,0.0024875621890547,-0.2487562189054726,0.0,1.0,1.0,False,-0.0
64,L,S,0,0.0,2,0.0024875621890547,-0.2487562189054726,0.0,1.0,1.0,False,-0.0
64,M,S,0,0.0,2,0.0024875621890547,-0.2487562189054726,0.0,1.0,1.0,False,-0.0
64,P,S,0,0.0,3,0.003731343283582,-0.3731343283582089,0.0,1.0,1.0,False,-0.0
64,S,S,5,0.0833333333333333,74,0.0920398009950248,-0.8706467661691544,0.8968058968058968,1.0,1.0,False,-0.0
64,Y,S,0,0.0,1,0.0012437810945273,-0.1243781094527363,0.0,1.0,1.0,False,-0.0
65,A,Q,0,0.0,12,0.0149253731343283,-1.4925373134328357,0.0,1.0,1.0,False,-0.0
65,C,Q,0,0.0,2,0.0024875621890547,-0.2487562189054726,0.0,1.0,1.0,False,-0.0
65,G,Q,0,0.0,13,0.0161691542288557,-1.616915422885572,0.0,1.0,1.0,False,-0.0
65,I,Q,0,0.0,1,0.0012437810945273,-0.1243781094527363,0.0,1.0,1.0,False,-0.0
65,L,Q,0,0.0,1,0.0012437810945273,-0.1243781094527363,0.0,1.0,1.0,False,-0.0
65,N,Q,12,0.2,163,0.2027363184079602,-0.2736318407960181,0.9831288343558282,1.0,1.0,False,-0.0
65,P,Q,0,0.0,6,0.0074626865671641,-0.7462686567164178,0.0,1.0,1.0,False,-0.0
65,V,Q,0,0.0,2,0.0024875621890547,-0.2487562189054726,0.0,1.0,1.0,False,-0.0
65,W,Q,0,0.0,1,0.0012437810945273,-0.1243781094527363,0.0,1.0,1.0,False,-0.0
65,Y,Q,0,0.0,1,0.0012437810945273,-0.1243781094527363,0.0,1.0,1.0,False,-0.0
66,C,P,0,0.0,2,0.0024875621890547,-0.2487562189054726,0.0,1.0,1.0,False,-0.0
66,E,P,3,0.05,42,0.0522388059701492,-0.2238805970149249,0.9548872180451128,1.0,1.0,False,-0.0
66,F,P,0,0.0,5,0.0062189054726368,-0.6218905472636816,0.0,1.0,1.0,False,-0.0
66,I,P,0,0.0,10,0.0124378109452736,-1.2437810945273633,0.0,1.0,1.0,False,-0.0
66,M,P,0,0.0,12,0.0149253731343283,-1.4925373134328357,0.0,1.0,1.0,False,-0.0
66,Q,P,2,0.0333333333333333,33,0.0410447761194029,-0.7711442786069653,0.8056426332288401,1.0,1.0,False,-0.0
66,V,P,0,0.0,11,0.0136815920398009,-1.3681592039800996,0.0,1.0,1.0,False,-0.0
66,W,P,0,0.0,1,0.0012437810945273,-0.1243781094527363,0.0,1.0,1.0,False,-0.0
66,Y,P,0,0.0,3,0.003731343283582,-0.3731343283582089,0.0,1.0,1.0,False,-0.0
67,E,G,4,0.0666666666666666,64,0.0796019900497512,-1.2935323383084576,0.8258928571428571,1.0,1.0,False,-0.0
67,H,G,1,0.0166666666666666,21,0.0261194029850746,-0.945273631840796,0.6319612590799032,1.0,1.0,False,-0.0
67,P,G,0,0.0,9,0.0111940298507462,-1.1194029850746268,0.0,1.0,1.0,False,-0.0
67,R,G,1,0.0166666666666666,16,0.0199004975124378,-0.3233830845771144,0.8347457627118644,1.0,1.0,False,-0.0
68,C,T,0,0.0,3,0.003731343283582,-0.3731343283582089,0.0,1.0,1.0,False,-0.0
68,E,T,5,0.0833333333333333,67,0.0833333333333333,0.0,1.0,1.0,1.0,False,-0.0
68,F,T,0,0.0,4,0.0049751243781094,-0.4975124378109453,0.0,1.0,1.0,False,-0.0
68,G,T,0,0.0,5,0.0062189054726368,-0.6218905472636816,0.0,1.0,1.0,False,-0.0
68,I,T,0,0.0,10,0.0124378109452736,-1.2437810945273633,0.0,1.0,1.0,False,-0.0
68,L,T,1,0.0166666666666666,16,0.0199004975124378,-0.3233830845771144,0.8347457627118644,1.0,1.0,False,-0.0
68,M,T,0,0.0,4,0.0049751243781094,-0.4975124378109453,0.0,1.0,1.0,False,-0.0
68,W,T,0,0.0,1,0.0012437810945273,-0.1243781094527363,0.0,1.0,1.0,False,-0.0
68,Y,T,0,0.0,7,0.0087064676616915,-0.8706467661691543,0.0,1.0,1.0,False,-0.0
69,I,D,0,0.0,12,0.0149253731343283,-1.4925373134328357,0.0,1.0,1.0,False,-0.0
69,L,D,0,0.0,6,0.0074626865671641,-0.7462686567164178,0.0,1.0,1.0,False,-0.0
69,Q,D,0,0.0,10,0.0124378109452736,-1.2437810945273633,0.0,1.0,1.0,False,-0.0
69,R,D,0,0.0,7,0.0087064676616915,-0.8706467661691543,0.0,1.0,1.0,False,-0.0
69,S,D,0,0.0,5,0.0062189054726368,-0.6218905472636816,0.0,1.0,1.0,False,-0.0
70,C,D,0,0.0,1,0.0012437810945273,-0.1243781094527363,0.0,1.0,1.0,False,-0.0
70,F,D,0,0.0,3,0.003731343283582,-0.3731343283582089,0.0,1.0,1.0,False,-0.0
70,H,D,0,0.0,4,0.0049751243781094,-0.4975124378109453,0.0,1.0,1.0,False,-0.0
70,I,D,0,0.0,6,0.0074626865671641,-0.7462686567164178,0.0,1.0,1.0,False,-0.0
70,L,D,0,0.0,5,0.0062189054726368,-0.6218905472636816,0.0,1.0,1.0,False,-0.0
70,P,D,9,0.15,129,0.1604477611940298,-1.0447761194029848,0.9233926128590972,1.0,1.0,False,-0.0
70,Q,D,2,0.0333333333333333,26,0.0323383084577114,0.0995024875621891,1.0318302387267904,1.0,1.0,False,-0.0
70,S,D,1,0.0166666666666666,26,0.0323383084577114,-1.5671641791044777,0.5071707953063885,1.0,1.0,False,-0.0
70,T,D,1,0.0166666666666666,18,0.0223880597014925,-0.572139303482587,0.7401129943502824,1.0,1.0,False,-0.0
70,V,D,0,0.0,8,0.0099502487562189,-0.9950248756218906,0.0,1.0,1.0,False,-0.0
70,Y,D,0,0.0,1,0.0012437810945273,-0.1243781094527363,0.0,1.0,1.0,False,-0.0
71,C,R,0,0.0,5,0.0062189054726368,-0.6218905472636816,0.0,1.0,1.0,False,-0.0
71,H,R,1,0.0166666666666666,13,0.0161691542288557,0.0497512437810945,1.03129074315515,1.0,1.0,False,-0.0
71,I,R,0,0.0,3,0.003731343283582,-0.3731343283582089,0.0,1.0,1.0,False,-0.0
71,K,R,1,0.0166666666666666,14,0.017412935323383,-0.0746268656716418,0.9564164648910412,1.0,1.0,False,-0.0
71,L,R,0,0.0,5,0.0062189054726368,-0.6218905472636816,0.0,1.0,1.0,False,-0.0
71,P,R,0,0.0,10,0.0124378109452736,-1.2437810945273633,0.0,1.0,1.0,False,-0.0
71,Q,R,1,0.0166666666666666,17,0.0211442786069651,-0.4477611940298509,0.7846460618145563,1.0,1.0,False,-0.0
71,S,R,1,0.0166666666666666,14,0.017412935323383,-0.0746268656716418,0.9564164648910412,1.0,1.0,False,-0.0
71,T,R,0,0.0,4,0.0049751243781094,-0.4975124378109453,0.0,1.0,1.0,False,-0.0
71,Y,R,0,0.0,1,0.0012437810945273,-0.1243781094527363,0.0,1.0,1.0,False,-0.0
72,D,V,0,0.0,3,0.003731343283582,-0.3731343283582089,0.0,1.0,1.0,False,-0.0
72,E,V,0,0.0,5,0.0062189054726368,-0.6218905472636816,0.0,1.0,1.0,False,-0.0
72,G,V,1,0.0166666666666666,16,0.0199004975124378,-0.3233830845771144,0.8347457627118644,1.0,1.0,False,-0.0
72,H,V,0,0.0,6,0.0074626865671641,-0.7462686567164178,0.0,1.0,1.0,False,-0.0
72,L,V,2,0.0333333333333333,35,0.0435323383084577,-1.0199004975124382,0.7576354679802956,1.0,1.0,False,-0.0
72,N,V,0,0.0,1,0.0012437810945273,-0.1243781094527363,0.0,1.0,1.0,False,-0.0
72,P,V,0,0.0,7,0.0087064676616915,-0.8706467661691543,0.0,1.0,1.0,False,-0.0
72,Q,V,0,0.0,4,0.0049751243781094,-0.4975124378109453,0.0,1.0,1.0,False,-0.0
72,R,V,0,0.0,4,0.0049751243781094,-0.4975124378109453,0.0,1.0,1.0,False,-0.0
72,Y,V,0,0.0,7,0.0087064676616915,-0.8706467661691543,0.0,1.0,1.0,False,-0.0
73,C,T,0,0.0,4,0.0049751243781094,-0.4975124378109453,0.0,1.0,1.0,False,-0.0
73,D,T,1,0.0166666666666666,23,0.0286069651741293,-1.1940298507462688,0.5755342667649226,1.0,1.0,False,-0.0
73,I,T,5,0.0833333333333333,65,0.0808457711442786,0.2487562189054715,1.0335664335664336,1.0,1.0,False,-0.0
73,K,T,3,0.05,41,0.0509950248756218,-0.0995024875621884,0.9794608472400512,1.0,1.0,False,-0.0
73,N,T,0,0.0,7,0.0087064676616915,-0.8706467661691543,0.0,1.0,1.0,False,-0.0
73,P,T,0,0.0,8,0.0099502487562189,-0.9950248756218906,0.0,1.0,1.0,False,-0.0
73,W,T,0,0.0,5,0.0062189054726368,-0.6218905472636816,0.0,1.0,1.0,False,-0.0
73,Y,T,1,0.0166666666666666,18,0.0223880597014925,-0.572139303482587,0.7401129943502824,1.0,1.0,False,-0.0
74,C,W,0,0.0,13,0.0161691542288557,-1.616915422885572,0.0,1.0,1.0,False,-0.0
74,E,W,0,0.0,4,0.0049751243781094,-0.4975124378109453,0.0,1.0,1.0,False,-0.0
74,G,W,0,0.0,2,0.0024875621890547,-0.2487562189054726,0.0,1.0,1.0,False,-0.0
74,H,W,0,0.0,3,0.003731343283582,-0.3731343283582089,0.0,1.0,1.0,False,-0.0
74,K,W,0,0.0,4,0.0049751243781094,-0.4975124378109453,0.0,1.0,1.0,False,-0.0
74,M,W,0,0.0,10,0.0124378109452736,-1.2437810945273633,0.0,1.0,1.0,False,-0.0
74,N,W,0,0.0,5,0.0062189054726368,-0.6218905472636816,0.0,1.0,1.0,False,-0.0
74,P,W,0,0.0,8,0.0099502487562189,-0.9950248756218906,0.0,1.0,1.0,False,-0.0
75,D,V,0,0.0,3,0.003731343283582,-0.3731343283582089,0.0,1.0,1.0,False,-0.0
75,E,V,0,0.0,6,0.0074626865671641,-0.7462686567164178,0.0,1.0,1.0,False,-0.0
75,H,V,0,0.0,4,0.0049751243781094,-0.4975124378109453,0.0,1.0,1.0,False,-0.0
75,I,V,4,0.0666666666666666,55,0.0684079601990049,-0.1741293532338303,0.9727272727272728,1.0,1.0,False,-0.0
75,K,V,0,0.0,1,0.0012437810945273,-0.1243781094527363,0.0,1.0,1.0,False,-0.0
75,M,V,0,0.0,10,0.0124378109452736,-1.2437810945273633,0.0,1.0,1.0,False,-0.0
75,N,V,0,0.0,2,0.0024875621890547,-0.2487562189054726,0.0,1.0,1.0,False,-0.0
75,Q,V,0,0.0,3,0.003731343283582,-0.3731343283582089,0.0,1.0,1.0,False,-0.0
75,R,V,0,0.0,4,0.0049751243781094,-0.4975124378109453,0.0,1.0,1.0,False,-0.0
75,S,V,0,0.0,7,0.0087064676616915,-0.8706467661691543,0.0,1.0,1.0,False,-0.0
75,T,V,1,0.0166666666666666,20,0.0248756218905472,-0.8208955223880599,0.6644067796610169,1.0,1.0,False,-0.0
75,V,V,19,0.3166666666666666,255,0.3171641791044776,-0.0497512437810987,0.9977044476327116,1.0,1.0,False,-0.0
75,W,V,0,0.0,5,0.0062189054726368,-0.6218905472636816,0.0,1.0,1.0,False,-0.0
75,Y,V,2,0.0333333333333333,29,0.0360696517412935,-0.2736318407960202,0.9215219976218788,1.0,1.0,False,-0.0
76,A,K,4,0.0666666666666666,56,0.0696517412935323,-0.2985074626865674,0.9540816326530612,1.0,1.0,False,-0.0
76,C,K,0,0.0,5,0.0062189054726368,-0.6218905472636816,0.0,1.0,1.0,False,-0.0
76,D,K,2,0.0333333333333333,34,0.0422885572139303,-0.8955223880597017,0.7809330628803245,1.0,1.0,False,-0.0
76,F,K,0,0.0,5,0.0062189054726368,-0.6218905472636816,0.0,1.0,1.0,False,-0.0
76,L,K,0,0.0,3,0.003731343283582,-0.3731343283582089,0.0,1.0,1.0,False,-0.0
76,V,K,0,0.0,2,0.0024875621890547,-0.2487562189054726,0.0,1.0,1.0,False,-0.0
76,W,K,0,0.0,2,0.0024875621890547,-0.2487562189054726,0.0,1.0,1.0,False,-0.0
76,Y,K,1,0.0166666666666666,13,0.0161691542288557,0.0497512437810945,1.03129074315515,1.0,1.0,False,-0.0
77,C,S,0,0.0,1,0.0012437810945273,-0.1243781094527363,0.0,1.0,1.0,False,-0.0
77,F,S,0,0.0,1,0.0012437810945273,-0.1243781094527363,0.0,1.0,1.0,False,-0.0
77,I,S,0,0.0,3,0.003731343283582,-0.3731343283582089,0.0,1.0,1.0,False,-0.0
77,K,S,0,0.0,4,0.0049751243781094,-0.4975124378109453,0.0,1.0,1.0,False,-0.0
77,L,S,0,0.0,5,0.0062189054726368,-0.6218905472636816,0.0,1.0,1.0,False,-0.0
77,M,S,0,0.0,1,0.0012437810945273,-0.1243781094527363,0.0,1.0,1.0,False,-0.0
77,P,S,0,0.0,4,0.0049751243781094,-0.4975124378109453,0.0,1.0,1.0,False,-0.0
77,Q,S,0,0.0,5,0.0062189054726368,-0.6218905472636816,0.0,1.0,1.0,False,-0.0
77,R,S,0,0.0,5,0.0062189054726368,-0.6218905472636816,0.0,1.0,1.0,False,-0.0
77,V,S,0,0.0,2,0.0024875621890547,-0.2487562189054726,0.0,1.0,1.0,False,-0.0
78,E,V,0,0.0,10,0.0124378109452736,-1.2437810945273633,0.0,1.0,1.0,False,-0.0
78,F,V,2,0.0333333333333333,33,0.0410447761194029,-0.7711442786069653,0.8056426332288401,1.0,1.0,False,-0.0
78,H,V,0,0.0,2,0.0024875621890547,-0.2487562189054726,0.0,1.0,1.0,False,-0.0
78,K,V,1,0.0166666666666666,20,0.0248756218905472,-0.8208955223880599,0.6644067796610169,1.0,1.0,False,-0.0
78,R,V,0,0.0,8,0.0099502487562189,-0.9950248756218906,0.0,1.0,1.0,False,-0.0
78,S,V,0,0.0,4,0.0049751243781094,-0.4975124378109453,0.0,1.0,1.0,False,-0.0
78,T,V,0,0.0,13,0.0161691542288557,-1.616915422885572,0.0,1.0,1.0,False,-0.0
79,F,D,0,0.0,3,0.003731343283582,-0.3731343283582089,0.0,1.0,1.0,False,-0.0
79,I,D,0,0.0,9,0.0111940298507462,-1.1194029850746268,0.0,1.0,1.0,False,-0.0
79,L,D,0,0.0,6,0.0074626865671641,-0.7462686567164178,0.0,1.0,1.0,False,-0.0
79,M,D,0,0.0,1,0.0012437810945273,-0.1243781094527363,0.0,1.0,1.0,False,-0.0
79,N,D,2,0.0333333333333333,28,0.0348258706467661,-0.1492537313432837,0.955665024630542,1.0,1.0,False,-0.0
79,Q,D,4,0.0666666666666666,62,0.0771144278606965,-1.0447761194029848,0.8548387096774194,1.0,1.0,False,-0.0
79,V,D,0,0.0,7,0.0087064676616915,-0.8706467661691543,0.0,1.0,1.0,False,-0.0
79,W,D,0,0.0,3,0.003731343283582,-0.3731343283582089,0.0,1.0,1.0,False,-0.0
80,C,E,0,0.0,2,0.0024875621890547,-0.2487562189054726,0.0,1.0,1.0,False,-0.0
80,F,E,0,0.0,4,0.0049751243781094,-0.4975124378109453,0.0,1.0,1.0,False,-0.0
80,G,E,1,0.0166666666666666,18,0.0223880597014925,-0.572139303482587,0.7401129943502824,1.0,1.0,False,-0.0
80,M,E,0,0.0,2,0.0024875621890547,-0.2487562189054726,0.0,1.0,1.0,False,-0.0
80,P,E,0,0.0,5,0.0062189054726368,-0.6218905472636816,0.0,1.0,1.0,False,-0.0
80,W,E,0,0.0,1,0.0012437810945273,-0.1243781094527363,0.0,1.0,1.0,False,-0.0
80,Y,E,0,0.0,3,0.003731343283582,-0.3731343283582089,0.0,1.0,1.0,False,-0.0
81,D,A,0,0.0,3,0.003731343283582,-0.3731343283582089,0.0,1.0,1.0,False,-0.0
81,E,A,0,0.0,1,0.0012437810945273,-0.1243781094527363,0.0,1.0,1.0,False,-0.0
81,F,A,2,0.0333333333333333,29,0.0360696517412935,-0.2736318407960202,0.9215219976218788,1.0,1.0,False,-0.0
81,H,A,0,0.0,1,0.0012437810945273,-0.1243781094527363,0.0,1.0,1.0,False,-0.0
81,K,A,0,0.0,3,0.003731343283582,-0.3731343283582089,0.0,1.0,1.0,False,-0.0
81,M,A,0,0.0,6,0.0074626865671641,-0.7462686567164178,0.0,1.0,1.0,False,-0.0
81,N,A,0,0.0,1,0.0012437810945273,-0.1243781094527363,0.0,1.0,1.0,False,-0.0
81,Q,A,0,0.0,1,0.0012437810945273,-0.1243781094527363,0.0,1.0,1.0,False,-0.0
81,R,A,0,0.0,1,0.0012437810945273,-0.1243781094527363,0.0,1.0,1.0,False,-0.0
81,S,A,1,0.0166666666666666,16,0.0199004975124378,-0.3233830845771144,0.8347457627118644,1.0,1.0,False,-0.0
81,T,A,0,0.0,5,0.0062189054726368,-0.6218905472636816,0.0,1.0,1.0,False,-0.0
81,W,A,0,0.0,1,0.0012437810945273,-0.1243781094527363,0.0,1.0,1.0,False,-0.0
81,Y,A,0,0.0,4,0.0049751243781094,-0.4975124378109453,0.0,1.0,1.0,False,-0.0
82,A,I,1,0.0166666666666666,13,0.0161691542288557,0.0497512437810945,1.03129074315515,1.0,1.0,False,-0.0
82,C,I,0,0.0,2,0.0024875621890547,-0.2487562189054726,0.0,1.0,1.0,False,-0.0
82,D,I,0,0.0,4,0.0049751243781094,-0.4975124378109453,0.0,1.0,1.0,False,-0.0
82,G,I,0,0.0,1,0.0012437810945273,-0.1243781094527363,0.0,1.0,1.0,False,-0.0
82,H,I,0,0.0,3,0.003731343283582,-0.3731343283582089,0.0,1.0,1.0,False,-0.0
82,K,I,1,0.0166666666666666,13,0.0161691542288557,0.0497512437810945,1.03129074315515,1.0,1.0,False,-0.0
82,N,I,0,0.0,3,0.003731343283582,-0.3731343283582089,0.0,1.0,1.0,False,-0.0
82,P,I,0,0.0,3,0.003731343283582,-0.3731343283582089,0.0,1.0,1.0,False,-0.0
82,Q,I,0,0.0,10,0.0124378109452736,-1.2437810945273633,0.0,1.0,1.0,False,-0.0
82,R,I,0,0.0,8,0.0099502487562189,-0.9950248756218906,0.0,1.0,1.0,False,-0.0
82,T,I,0,0.0,7,0.0087064676616915,-0.8706467661691543,0.0,1.0,1.0,False,-0.0
82,W,I,0,0.0,5,0.0062189054726368,-0.6218905472636816,0.0,1.0,1.0,False,-0.0
82,Y,I,0,0.0,13,0.0161691542288557,-1.616915422885572,0.0,1.0,1.0,False,-0.0
83,C,A,0,0.0,1,0.0012437810945273,-0.1243781094527363,0.0,1.0,1.0,False,-0.0
83,F,A,0,0.0,9,0.0111940298507462,-1.1194029850746268,0.0,1.0,1.0,False,-0.0
83,K,A,5,0.0833333333333333,71,0.0883084577114427,-0.4975124378109458,0.93854033290653,1.0,1.0,False,-0.0
83,L,A,1,0.0166666666666666,16,0.0199004975124378,-0.3233830845771144,0.8347457627118644,1.0,1.0,False,-0.0
83,M,A,0,0.0,6,0.0074626865671641,-0.7462686567164178,0.0,1.0,1.0,False,-0.0
83,V,A,0,0.0,9,0.0111940298507462,-1.1194029850746268,0.0,1.0,1.0,False,-0.0
83,W,A,0,0.0,1,0.0012437810945273,-0.1243781094527363,0.0,1.0,1.0,False,-0.0
84,C,A,0,0.0,6,0.0074626865671641,-0.7462686567164178,0.0,1.0,1.0,False,-0.0
84,D,A,0,0.0,10,0.0124378109452736,-1.2437810945273633,0.0,1.0,1.0,False,-0.0
84,K,A,2,0.0333333333333333,28,0.0348258706467661,-0.1492537313432837,0.955665024630542,1.0,1.0,False,-0.0
84,M,A,1,0.0166666666666666,21,0.0261194029850746,-0.945273631840796,0.6319612590799032,1.0,1.0,False,-0.0
84,P,A,0,0.0,2,0.0024875621890547,-0.2487562189054726,0.0,1.0,1.0,False,-0.0
84,S,A,1,0.0166666666666666,15,0.0186567164179104,-0.1990049751243779,0.8915254237288136,1.0,1.0,False,-0.0
84,T,A,1,0.0166666666666666,20,0.0248756218905472,-0.8208955223880599,0.6644067796610169,1.0,1.0,False,-0.0
85,D,C,0,0.0,12,0.0149253731343283,-1.4925373134328357,0.0,1.0,1.0,False,-0.0
85,E,C,0,0.0,10,0.0124378109452736,-1.2437810945273633,0.0,1.0,1.0,False,-0.0
85,F,C,1,0.0166666666666666,15,0.0186567164179104,-0.1990049751243779,0.8915254237288136,1.0,1.0,False,-0.0
85,H,C,0,0.0,4,0.0049751243781094,-0.4975124378109453,0.0,1.0,1.0,False,-0.0
85,N,C,0,0.0,13,0.0161691542288557,-1.616915422885572,0.0,1.0,1.0,False,-0.0
85,P,C,0,0.0,10,0.0124378109452736,-1.2437810945273633,0.0,1.0,1.0,False,-0.0
85,Q,C,0,0.0,8,0.0099502487562189,-0.9950248756218906,0.0,1.0,1.0,False,-0.0
85,S,C,2,0.0333333333333333,34,0.0422885572139303,-0.8955223880597017,0.7809330628803245,1.0,1.0,False,-0.0
85,W,C,0,0.0,3,0.003731343283582,-0.3731343283582089,0.0,1.0,1.0,False,-0.0
86,C,G,0,0.0,2,0.0024875621890547,-0.2487562189054726,0.0,1.0,1.0,False,-0.0
86,E,G,6,0.1,81,0.1007462686567164,-0.0746268656716411,0.9917695473251028,1.0,1.0,False,-0.0
86,F,G,0,0.0,5,0.0062189054726368,-0.6218905472636816,0.0,1.0,1.0,False,-0.0
86,H,G,1,0.0166666666666666,19,0.0236318407960199,-0.6965174129353234,0.7002676181980375,1.0,1.0,False,-0.0
86,L,G,1,0.0166666666666666,16,0.0199004975124378,-0.3233830845771144,0.8347457627118644,1.0,1.0,False,-0.0
86,M,G,0,0.0,2,0.0024875621890547,-0.2487562189054726,0.0,1.0,1.0,False,-0.0
86,N,G,2,0.0333333333333333,27,0.0335820895522388,-0.0248756218905472,0.992337164750958,1.0,1.0,False,-0.0
86,P,G,1,0.0166666666666666,14,0.017412935323383,-0.0746268656716418,0.9564164648910412,1.0,1.0,False,-0.0
86,T,G,1,0.0166666666666666,25,0.031094527363184,-1.4427860696517414,0.528135593220339,1.0,1.0,False,-0.0
86,W,G,0,0.0,2,0.0024875621890547,-0.2487562189054726,0.0,1.0,1.0,False,-0.0
86,Y,G,0,0.0,7,0.0087064676616915,-0.8706467661691543,0.0,1.0,1.0,False,-0.0
87,C,D,0,0.0,1,0.0012437810945273,-0.1243781094527363,0.0,1.0,1.0,False,-0.0
87,M,D,0,0.0,3,0.003731343283582,-0.3731343283582089,0.0,1.0,1.0,False,-0.0
87,P,D,0,0.0,11,0.0136815920398009,-1.3681592039800996,0.0,1.0,1.0,False,-0.0
87,Q,D,1,0.0166666666666666,20,0.0248756218905472,-0.8208955223880599,0.6644067796610169,1.0,1.0,False,-0.0
87,R,D,1,0.0166666666666666,17,0.0211442786069651,-0.4477611940298509,0.7846460618145563,1.0,1.0,False,-0.0
87,V,D,0,0.0,3,0.003731343283582,-0.3731343283582089,0.0,1.0,1.0,False,-0.0
87,Y,D,0,0.0,4,0.0049751243781094,-0.4975124378109453,0.0,1.0,1.0,False,-0.0
88,D,V,1,0.0166666666666666,16,0.0199004975124378,-0.3233830845771144,0.8347457627118644,1.0,1.0,False,-0.0
88,F,V,0,0.0,6,0.0074626865671641,-0.7462686567164178,0.0,1.0,1.0,False,-0.0
88,H,V,0,0.0,6,0.0074626865671641,-0.7462686567164178,0.0,1.0,1.0,False,-0.0
88,M,V,0,0.0,6,0.0074626865671641,-0.7462686567164178,0.0,1.0,1.0,False,-0.0
88,V,V,2,0.0333333333333333,27,0.0335820895522388,-0.0248756218905472,0.992337164750958,1.0,1.0,False,-0.0
89,F,P,0,0.0,1,0.0012437810945273,-0.1243781094527363,0.0,1.0,1.0,False,-0.0
89,G,P,3,0.05,47,0.058457711442786,-0.8457711442786064,0.8477043673012318,1.0,1.0,False,-0.0
89,I,P,0,0.0,2,0.0024875621890547,-0.2487562189054726,0.0,1.0,1.0,False,-0.0
89,M,P,0,0.0,2,0.0024875621890547,-0.2487562189054726,0.0,1.0,1.0,False,-0.0
89,T,P,2,0.0333333333333333,27,0.0335820895522388,-0.0248756218905472,0.992337164750958,1.0,1.0,False,-0.0
89,V,P,0,0.0,6,0.0074626865671641,-0.7462686567164178,0.0,1.0,1.0,False,-0.0
89,Y,P,0,0.0,2,0.0024875621890547,-0.2487562189054726,0.0,1.0,1.0,False,-0.0
90,F,E,0,0.0,1,0.0012437810945273,-0.1243781094527363,0.0,1.0,1.0,False,-0.0
90,G,E,0,0.0,2,0.0024875621890547,-0.2487562189054726,0.0,1.0,1.0,False,-0.0
90,I,E,0,0.0,8,0.0099502487562189,-0.9950248756218906,0.0,1.0,1.0,False,-0.0
90,L,E,0,0.0,6,0.0074626865671641,-0.7462686567164178,0.0,1.0,1.0,False,-0.0
90,M,E,0,0.0,1,0.0012437810945273,-0.1243781094527363,0.0,1.0,1.0,False,-0.0
90,P,E,2,0.0333333333333333,29,0.0360696517412935,-0.2736318407960202,0.9215219976218788,1.0,1.0,False,-0.0
90,R,E,3,0.05,49,0.0609452736318407,-1.0945273631840793,0.8109559613319012,1.0,1.0,False,-0.0
90,W,E,0,0.0,2,0.0024875621890547,-0.2487562189054726,0.0,1.0,1.0,False,-0.0
90,Y,E,0,0.0,3,0.003731343283582,-0.3731343283582089,0.0,1.0,1.0,False,-0.0
91,E,I,0,0.0,4,0.0049751243781094,-0.4975124378109453,0.0,1.0,1.0,False,-0.0
91,K,I,0,0.0,1,0.0012437810945273,-0.1243781094527363,0.0,1.0,1.0,False,-0.0
91,M,I,0,0.0,8,0.0099502487562189,-0.9950248756218906,0.0,1.0,1.0,False,-0.0
91,N,I,0,0.0,3,0.003731343283582,-0.3731343283582089,0.0,1.0,1.0,False,-0.0
91,Q,I,0,0.0,1,0.0012437810945273,-0.1243781094527363,0.0,1.0,1.0,False,-0.0
91,R,I,0,0.0,1,0.0012437810945273,-0.1243781094527363,0.0,1.0,1.0,False,-0.0
91,S,I,0,0.0,3,0.003731343283582,-0.3731343283582089,0.0,1.0,1.0,False,-0.0
91,W,I,0,0.0,2,0.0024875621890547,-0.2487562189054726,0.0,1.0,1.0,False,-0.0
91,Y,I,0,0.0,6,0.0074626865671641,-0.7462686567164178,0.0,1.0,1.0,False,-0.0
92,D,M,0,0.0,2,0.0024875621890547,-0.2487562189054726,0.0,1.0,1.0,False,-0.0
92,L,M,0,0.0,5,0.0062189054726368,-0.6218905472636816,0.0,1.0,1.0,False,-0.0
92,Q,M,0,0.0,1,0.0012437810945273,-0.1243781094527363,0.0,1.0,1.0,False,-0.0
92,R,M,0,0.0,1,0.0012437810945273,-0.1243781094527363,0.0,1.0,1.0,False,-0.0
92,V,M,2,0.0333333333333333,26,0.0323383084577114,0.0995024875621891,1.0318302387267904,1.0,1.0,False,-0.0
93,A,V,0,0.0,7,0.0087064676616915,-0.8706467661691543,0.0,1.0,1.0,False,-0.0
93,D,V,0,0.0,2,0.0024875621890547,-0.2487562189054726,0.0,1.0,1.0,False,-0.0
93,G,V,0,0.0,4,0.0049751243781094,-0.4975124378109453,0.0,1.0,1.0,False,-0.0
93,M,V,0,0.0,5,0.0062189054726368,-0.6218905472636816,0.0,1.0,1.0,False,-0.0
93,T,V,0,0.0,3,0.003731343283582,-0.3731343283582089,0.0,1.0,1.0,False,-0.0
93,Y,V,0,0.0,1,0.0012437810945273,-0.1243781094527363,0.0,1.0,1.0,False,-0.0
94,D,I,0,0.0,1,0.0012437810945273,-0.1243781094527363,0.0,1.0,1.0,False,-0.0
94,L,I,2,0.0333333333333333,27,0.0335820895522388,-0.0248756218905472,0.992337164750958,1.0,1.0,False,-0.0
94,T,I,0,0.0,10,0.0124378109452736,-1.2437810945273633,0.0,1.0,1.0,False,-0.0
95,Q,G,0,0.0,1,0.0012437810945273,-0.1243781094527363,0.0,1.0,1.0,False,-0.0
95,S,G,0,0.0,1,0.0012437810945273,-0.1243781094527363,0.0,1.0,1.0,False,-0.0
95,V,G,0,0.0,1,0.0012437810945273,-0.1243781094527363,0.0,1.0,1.0,False,-0.0
96,G,G,60,1.0,799,0.9937810945273632,0.6218905472636815,inf,1.0,1.0,False,-0.0
96,H,G,0,0.0,1,0.0012437810945273,-0.1243781094527363,0.0,1.0,1.0,False,-0.0
97,D,G,0,0.0,7,0.0087064676616915,-0.8706467661691543,0.0,1.0,1.0,False,-0.0
97,H,G,0,0.0,4,0.0049751243781094,-0.4975124378109453,0.0,1.0,1.0,False,-0.0
97,K,G,2,0.0333333333333333,33,0.0410447761194029,-0.7711442786069653,0.8056426332288401,1.0,1.0,False,-0.0
97,L,G,0,0.0,3,0.003731343283582,-0.3731343283582089,0.0,1.0,1.0,False,-0.0
97,M,G,0,0.0,3,0.003731343283582,-0.3731343283582089,0.0,1.0,1.0,False,-0.0
97,N,G,0,0.0,1,0.0012437810945273,-0.1243781094527363,0.0,1.0,1.0,False,-0.0
97,Q,G,1,0.0166666666666666,15,0.0186567164179104,-0.1990049751243779,0.8915254237288136,1.0,1.0,False,-0.0
97,S,G,4,0.0666666666666666,52,0.0646766169154228,0.1990049751243783,1.032967032967033,1.0,1.0,False,-0.0
97,T,G,0,0.0,13,0.0161691542288557,-1.616915422885572,0.0,1.0,1.0,False,-0.0
97,V,G,1,0.0166666666666666,17,0.0211442786069651,-0.4477611940298509,0.7846460618145563,1.0,1.0,False,-0.0
98,C,R,0,0.0,2,0.0024875621890547,-0.2487562189054726,0.0,1.0,1.0,False,-0.0
98,F,R,0,0.0,4,0.0049751243781094,-0.4975124378109453,0.0,1.0,1.0,False,-0.0
98,G,R,2,0.0333333333333333,31,0.0385572139303482,-0.5223880597014924,0.8598442714126807,1.0,1.0,False,-0.0
98,H,R,0,0.0,10,0.0124378109452736,-1.2437810945273633,0.0,1.0,1.0,False,-0.0
98,I,R,0,0.0,3,0.003731343283582,-0.3731343283582089,0.0,1.0,1.0,False,-0.0
98,L,R,0,0.0,2,0.0024875621890547,-0.2487562189054726,0.0,1.0,1.0,False,-0.0
98,M,R,0,0.0,12,0.0149253731343283,-1.4925373134328357,0.0,1.0,1.0,False,-0.0
98,N,R,1,0.0166666666666666,25,0.031094527363184,-1.4427860696517414,0.528135593220339,1.0,1.0,False,-0.0
98,P,R,0,0.0,4,0.0049751243781094,-0.4975124378109453,0.0,1.0,1.0,False,-0.0
98,V,R,0,0.0,7,0.0087064676616915,-0.8706467661691543,0.0,1.0,1.0,False,-0.0
98,W,R,0,0.0,1,0.0012437810945273,-0.1243781094527363,0.0,1.0,1.0,False,-0.0
98,Y,R,0,0.0,6,0.0074626865671641,-0.7462686567164178,0.0,1.0,1.0,False,-0.0
99,F,V,0,0.0,2,0.0024875621890547,-0.2487562189054726,0.0,1.0,1.0,False,-0.0
99,G,V,0,0.0,1,0.0012437810945273,-0.1243781094527363,0.0,1.0,1.0,False,-0.0
99,K,V,0,0.0,1,0.0012437810945273,-0.1243781094527363,0.0,1.0,1.0,False,-0.0
99,M,V,0,0.0,3,0.003731343283582,-0.3731343283582089,0.0,1.0,1.0,False,-0.0
99,P,V,0,0.0,2,0.0024875621890547,-0.2487562189054726,0.0,1.0,1.0,False,-0.0
99,W,V,0,0.0,1,0.0012437810945273,-0.1243781094527363,0.0,1.0,1.0,False,-0.0
100,A,Y,0,0.0,6,0.0074626865671641,-0.7462686567164178,0.0,1.0,1.0,False,-0.0
100,H,Y,0,0.0,1,0.0012437810945273,-0.1243781094527363,0.0,1.0,1.0,False,-0.0
100,I,Y,0,0.0,5,0.0062189054726368,-0.6218905472636816,0.0,1.0,1.0,False,-0.0
100,N,Y,0,0.0,5,0.0062189054726368,-0.6218905472636816,0.0,1.0,1.0,False,-0.0
100,V,Y,0,0.0,6,0.0074626865671641,-0.7462686567164178,0.0,1.0,1.0,False,-0.0
100,W,Y,0,0.0,8,0.0099502487562189,-0.9950248756218906,0.0,1.0,1.0,False,-0.0
101,C,E,0,0.0,1,0.0012437810945273,-0.1243781094527363,0.0,1.0,1.0,False,-0.0
101,F,E,0,0.0,1,0.0012437810945273,-0.1243781094527363,0.0,1.0,1.0,False,-0.0
101,G,E,0,0.0,11,0.0136815920398009,-1.3681592039800996,0.0,1.0,1.0,False,-0.0
101,L,E,0,0.0,9,0.0111940298507462,-1.1194029850746268,0.0,1.0,1.0,False,-0.0
101,M,E,0,0.0,1,0.0012437810945273,-0.1243781094527363,0.0,1.0,1.0,False,-0.0
102,A,Q,10,0.1666666666666666,133,0.1654228855721393,0.1243781094527357,1.0090225563909774,1.0,1.0,False,-0.0
102,C,Q,0,0.0,1,0.0012437810945273,-0.1243781094527363,0.0,1.0,1.0,False,-0.0
102,D,Q,1,0.0166666666666666,18,0.0223880597014925,-0.572139303482587,0.7401129943502824,1.0,1.0,False,-0.0
102,F,Q,0,0.0,2,0.0024875621890547,-0.2487562189054726,0.0,1.0,1.0,False,-0.0
102,G,Q,0,0.0,2,0.0024875621890547,-0.2487562189054726,0.0,1.0,1.0,False,-0.0
102,H,Q,0,0.0,9,0.0111940298507462,-1.1194029850746268,0.0,1.0,1.0,False,-0.0
102,K,Q,0,0.0,13,0.0161691542288557,-1.616915422885572,0.0,1.0,1.0,False,-0.0
102,R,Q,1,0.0166666666666666,13,0.0161691542288557,0.0497512437810945,1.03129074315515,1.0,1.0,False,-0.0
102,V,Q,0,0.0,3,0.003731343283582,-0.3731343283582089,0.0,1.0,1.0,False,-0.0
102,Y,Q,0,0.0,10,0.0124378109452736,-1.2437810945273633,0.0,1.0,1.0,False,-0.0
103,E,F,0,0.0,1,0.0012437810945273,-0.1243781094527363,0.0,1.0,1.0,False,-0.0
103,G,F,1,0.0166666666666666,21,0.0261194029850746,-0.945273631840796,0.6319612590799032,1.0,1.0,False,-0.0
103,Q,F,0,0.0,1,0.0012437810945273,-0.1243781094527363,0.0,1.0,1.0,False,-0.0
103,W,F,0,0.0,6,0.0074626865671641,-0.7462686567164178,0.0,1.0,1.0,False,-0.0
103,Y,F,0,0.0,10,0.0124378109452736,-1.2437810945273633,0.0,1.0,1.0,False,-0.0
104,C,L,0,0.0,1,0.0012437810945273,-0.1243781094527363,0.0,1.0,1.0,False,-0.0
104,E,L,0,0.0,11,0.0136815920398009,-1.3681592039800996,0.0,1.0,1.0,False,-0.0
104,G,L,0,0.0,1,0.0012437810945273,-0.1243781094527363,0.0,1.0,1.0,False,-0.0
104,H,L,0,0.0,2,0.0024875621890547,-0.2487562189054726,0.0,1.0,1.0,False,-0.0
104,N,L,0,0.0,2,0.0024875621890547,-0.2487562189054726,0.0,1.0,1.0,False,-0.0
104,Q,L,0,0.0,6,0.0074626865671641,-0.7462686567164178,0.0,1.0,1.0,False,-0.0
104,R,L,0,0.0,1,0.0012437810945273,-0.1243781094527363,0.0,1.0,1.0,False,-0.0
104,S,L,0,0.0,1,0.0012437810945273,-0.1243781094527363,0.0,1.0,1.0,False,-0.0
104,V,L,0,0.0,11,0.0136815920398009,-1.3681592039800996,0.0,1.0,1.0,False,-0.0
104,Y,L,0,0.0,10,0.0124378109452736,-1.2437810945273633,0.0,1.0,1.0,False,-0.0
105,H,P,0,0.0,10,0.0124378109452736,-1.2437810945273633,0.0,1.0,1.0,False,-0.0
105,I,P,0,0.0,1,0.0012437810945273,-0.1243781094527363,0.0,1.0,1.0,False,-0.0
105,Q,P,1,0.0166666666666666,14,0.017412935323383,-0.0746268656716418,0.9564164648910412,1.0,1.0,False,-0.0
105,R,P,0,0.0,9,0.0111940298507462,-1.1194029850746268,0.0,1.0,1.0,False,-0.0
105,T,P,0,0.0,11,0.0136815920398009,-1.3681592039800996,0.0,1.0,1.0,False,-0.0
105,V,P,0,0.0,1,0.0012437810945273,-0.1243781094527363,0.0,1.0,1.0,False,-0.0
106,C,K,0,0.0,4,0.0049751243781094,-0.4975124378109453,0.0,1.0,1.0,False,-0.0
106,N,K,0,0.0,8,0.0099502487562189,-0.9950248756218906,0.0,1.0,1.0,False,-0.0
106,V,K,2,0.0333333333333333,34,0.0422885572139303,-0.8955223880597017,0.7809330628803245,1.0,1.0,False,-0.0
106,W,K,0,0.0,10,0.0124378109452736,-1.2437810945273633,0.0,1.0,1.0,False,-0.0
107,E,A,0,0.0,2,0.0024875621890547,-0.2487562189054726,0.0,1.0,1.0,False,-0.0
107,F,A,0,0.0,5,0.0062189054726368,-0.6218905472636816,0.0,1.0,1.0,False,-0.0
107,G,A,0,0.0,4,0.0049751243781094,-0.4975124378109453,0.0,1.0,1.0,False,-0.0
107,I,A,2,0.0333333333333333,34,0.0422885572139303,-0.8955223880597017,0.7809330628803245,1.0,1.0,False,-0.0
107,P,A,0,0.0,5,0.0062189054726368,-0.6218905472636816,0.0,1.0,1.0,False,-0.0
107,Q,A,0,0.0,2,0.0024875621890547,-0.2487562189054726,0.0,1.0,1.0,False,-0.0
107,R,A,0,0.0,1,0.0012437810945273,-0.1243781094527363,0.0,1.0,1.0,False,-0.0
107,W,A,0,0.0,3,0.003731343283582,-0.3731343283582089,0.0,1.0,1.0,False,-0.0
107,Y,A,0,0.0,2,0.0024875621890547,-0.2487562189054726,0.0,1.0,1.0,False,-0.0
108,A,Q,0,0.0,9,0.0111940298507462,-1.1194029850746268,0.0,1.0,1.0,False,-0.0
108,D,Q,33,0.55,445,0.5534825870646766,-0.3482587064676523,0.9860174781523096,1.0,1.0,False,-0.0
108,L,Q,0,0.0,1,0.0012437810945273,-0.1243781094527363,0.0,1.0,1.0,False,-0.0
108,P,Q,0,0.0,1,0.0012437810945273,-0.1243781094527363,0.0,1.0,1.0,False,-0.0
108,T,Q,5,0.0833333333333333,75,0.0932835820895522,-0.9950248756218916,0.8836363636363637,1.0,1.0,False,-0.0
108,V,Q,0,0.0,1,0.0012437810945273,-0.1243781094527363,0.0,1.0,1.0,False,-0.0
108,W,Q,0,0.0,1,0.0012437810945273,-0.1243781094527363,0.0,1.0,1.0,False,-0.0
109,C,K,0,0.0,4,0.0049751243781094,-0.4975124378109453,0.0,1.0,1.0,False,-0.0
109,D,K,1,0.0166666666666666,16,0.0199004975124378,-0.3233830845771144,0.8347457627118644,1.0,1.0,False,-0.0
109,E,K,9,0.15,118,0.1467661691542288,0.323383084577114,1.0259222333000997,1.0,1.0,False,-0.0
109,F,K,0,0.0,9,0.0111940298507462,-1.1194029850746268,0.0,1.0,1.0,False,-0.0
109,K,K,9,0.15,119,0.1480099502487562,0.1990049751243783,1.0158180919426594,1.0,1.0,False,-0.0
109,M,K,0,0.0,8,0.0099502487562189,-0.9950248756218906,0.0,1.0,1.0,False,-0.0
109,N,K,0,0.0,7,0.0087064676616915,-0.8706467661691543,0.0,1.0,1.0,False,-0.0
109,Q,K,2,0.0333333333333333,33,0.0410447761194029,-0.7711442786069653,0.8056426332288401,1.0,1.0,False,-0.0
109,S,K,0,0.0,7,0.0087064676616915,-0.8706467661691543,0.0,1.0,1.0,False,-0.0
109,V,K,3,0.05,39,0.0485074626865671,0.1492537313432837,1.0323886639676114,1.0,1.0,False,-0.0
109,W,K,0,0.0,2,0.0024875621890547,-0.2487562189054726,0.0,1.0,1.0,False,-0.0
109,Y,K,0,0.0,13,0.0161691542288557,-1.616915422885572,0.0,1.0,1.0,False,-0.0
110,C,L,0,0.0,11,0.0136815920398009,-1.3681592039800996,0.0,1.0,1.0,False,-0.0
110,E,L,0,0.0,1,0.0012437810945273,-0.1243781094527363,0.0,1.0,1.0,False,-0.0
110,G,L,0,0.0,2,0.0024875621890547,-0.2487562189054726,0.0,1.0,1.0,False,-0.0
110,H,L,0,0.0,1,0.0012437810945273,-0.1243781094527363,0.0,1.0,1.0,False,-0.0
110,K,L,0,0.0,3,0.003731343283582,-0.3731343283582089,0.0,1.0,1.0,False,-0.0
110,N,L,0,0.0,2,0.0024875621890547,-0.2487562189054726,0.0,1.0,1.0,False,-0.0
110,P,L,0,0.0,6,0.0074626865671641,-0.7462686567164178,0.0,1.0,1.0,False,-0.0
110,Q,L,0,0.0,4,0.0049751243781094,-0.4975124378109453,0.0,1.0,1.0,False,-0.0
110,R,L,0,0.0,1,0.0012437810945273,-0.1243781094527363,0.0,1.0,1.0,False,-0.0
110,W,L,0,0.0,3,0.003731343283582,-0.3731343283582089,0.0,1.0,1.0,False,-0.0
110,Y,L,0,0.0,3,0.003731343283582,-0.3731343283582089,0.0,1.0,1.0,False,-0.0
111,A,Y,0,0.0,1,0.0012437810945273,-0.1243781094527363,0.0,1.0,1.0,False,-0.0
111,C,Y,0,0.0,5,0.0062189054726368,-0.6218905472636816,0.0,1.0,1.0,False,-0.0
111,D,Y,0,0.0,13,0.0161691542288557,-1.616915422885572,0.0,1.0,1.0,False,-0.0
111,E,Y,4,0.0666666666666666,62,0.0771144278606965,-1.0447761194029848,0.8548387096774194,1.0,1.0,False,-0.0
111,G,Y,0,0.0,1,0.0012437810945273,-0.1243781094527363,0.0,1.0,1.0,False,-0.0
111,K,Y,0,0.0,3,0.003731343283582,-0.3731343283582089,0.0,1.0,1.0,False,-0.0
111,M,Y,0,0.0,4,0.0049751243781094,-0.4975124378109453,0.0,1.0,1.0,False,-0.0
111,N,Y,0,0.0,2,0.0024875621890547,-0.2487562189054726,0.0,1.0,1.0,False,-0.0
111,Q,Y,0,0.0,3,0.003731343283582,-0.3731343283582089,0.0,1.0,1.0,False,-0.0
111,R,Y,0,0.0,12,0.0149253731343283,-1.4925373134328357,0.0,1.0,1.0,False,-0.0
111,S,Y,0,0.0,11,0.0136815920398009,-1.3681592039800996,0.0,1.0,1.0,False,-0.0
111,T,Y,0,0.0,4,0.0049751243781094,-0.4975124378109453,0.0,1.0,1.0,False,-0.0
111,W,Y,1,0.0166666666666666,15,0.0186567164179104,-0.1990049751243779,0.8915254237288136,1.0,1.0,False,-0.0
112,A,L,0,0.0,11,0.0136815920398009,-1.3681592039800996,0.0,1.0,1.0,False,-0.0
112,F,L,0,0.0,6,0.0074626865671641,-0.7462686567164178,0.0,1.0,1.0,False,-0.0
112,K,L,0,0.0,7,0.0087064676616915,-0.8706467661691543,0.0,1.0,1.0,False,-0.0
112,Q,L,0,0.0,6,0.0074626865671641,-0.7462686567164178,0.0,1.0,1.0,False,-0.0
112,R,L,1,0.0166666666666666,24,0.0298507462686567,-1.3184079601990049,0.5508474576271186,1.0,1.0,False,-0.0
112,Y,L,0,0.0,2,0.0024875621890547,-0.2487562189054726,0.0,1.0,1.0,False,-0.0
113,A,T,0,0.0,4,0.0049751243781094,-0.4975124378109453,0.0,1.0,1.0,False,-0.0
113,C,T,0,0.0,1,0.0012437810945273,-0.1243781094527363,0.0,1.0,1.0,False,-0.0
113,D,T,0,0.0,4,0.0049751243781094,-0.4975124378109453,0.0,1.0,1.0,False,-0.0
113,E,T,0,0.0,2,0.0024875621890547,-0.2487562189054726,0.0,1.0,1.0,False,-0.0
113,I,T,0,0.0,1,0.0012437810945273,-0.1243781094527363,0.0,1.0,1.0,False,-0.0
113,K,T,0,0.0,1,0.0012437810945273,-0.1243781094527363,0.0,1.0,1.0,False,-0.0
113,L,T,0,0.0,1,0.0012437810945273,-0.1243781094527363,0.0,1.0,1.0,False,-0.0
113,N,T,0,0.0,7,0.0087064676616915,-0.8706467661691543,0.0,1.0,1.0,False,-0.0
113,P,T,0,0.0,3,0.003731343283582,-0.3731343283582089,0.0,1.0,1.0,False,-0.0
113,V,T,0,0.0,3,0.003731343283582,-0.3731343283582089,0.0,1.0,1.0,False,-0.0
113,Y,T,0,0.0,1,0.0012437810945273,-0.1243781094527363,0.0,1.0,1.0,False,-0.0
114,A,H,0,0.0,3,0.003731343283582,-0.3731343283582089,0.0,1.0,1.0,False,-0.0
114,C,H,0,0.0,2,0.0024875621890547,-0.2487562189054726,0.0,1.0,1.0,False,-0.0
114,M,H,0,0.0,6,0.0074626865671641,-0.7462686567164178,0.0,1.0,1.0,False,-0.0
114,N,H,0,0.0,3,0.003731343283582,-0.3731343283582089,0.0,1.0,1.0,False,-0.0
114,P,H,0,0.0,4,0.0049751243781094,-0.4975124378109453,0.0,1.0,1.0,False,-0.0
114,V,H,5,0.0833333333333333,67,0.0833333333333333,0.0,1.0,1.0,1.0,False,-0.0
115,A,I,0,0.0,3,0.003731343283582,-0.3731343283582089,0.0,1.0,1.0,False,-0.0
115,C,I,0,0.0,1,0.0012437810945273,-0.1243781094527363,0.0,1.0,1.0,False,-0.0
115,H,I,0,0.0,2,0.0024875621890547,-0.2487562189054726,0.0,1.0,1.0,False,-0.0
115,N,I,0,0.0,4,0.0049751243781094,-0.4975124378109453,0.0,1.0,1.0,False,-0.0
115,T,I,0,0.0,4,0.0049751243781094,-0.4975124378109453,0.0,1.0,1.0,False,-0.0
115,Y,I,0,0.0,4,0.0049751243781094,-0.4975124378109453,0.0,1.0,1.0,False,-0.0
116,C,D,0,0.0,2,0.0024875621890547,-0.2487562189054726,0.0,1.0,1.0,False,-0.0
116,D,D,20,0.3333333333333333,265,0.3296019900497512,0.3731343283582045,1.0169811320754718,1.0,1.0,False,-0.0
116,F,D,1,0.0166666666666666,15,0.0186567164179104,-0.1990049751243779,0.8915254237288136,1.0,1.0,False,-0.0
116,I,D,0,0.0,3,0.003731343283582,-0.3731343283582089,0.0,1.0,1.0,False,-0.0
116,L,D,1,0.0166666666666666,15,0.0186567164179104,-0.1990049751243779,0.8915254237288136,1.0,1.0,False,-0.0
116,M,D,0,0.0,3,0.003731343283582,-0.3731343283582089,0.0,1.0,1.0,False,-0.0
116,P,D,1,0.0166666666666666,15,0.0186567164179104,-0.1990049751243779,0.8915254237288136,1.0,1.0,False,-0.0
116,R,D,0,0.0,9,0.0111940298507462,-1.1194029850746268,0.0,1.0,1.0,False,-0.0
116,T,D,0,0.0,2,0.0024875621890547,-0.2487562189054726,0.0,1.0,1.0,False,-0.0
116,W,D,0,0.0,5,0.0062189054726368,-0.6218905472636816,0.0,1.0,1.0,False,-0.0
116,Y,D,1,0.0166666666666666,19,0.0236318407960199,-0.6965174129353234,0.7002676181980375,1.0,1.0,False,-0.0
117,C,A,0,0.0,11,0.0136815920398009,-1.3681592039800996,0.0,1.0,1.0,False,-0.0
117,D,A,1,0.0166666666666666,26,0.0323383084577114,-1.5671641791044777,0.5071707953063885,1.0,1.0,False,-0.0
117,F,A,0,0.0,8,0.0099502487562189,-0.9950248756218906,0.0,1.0,1.0,False,-0.0
117,H,A,3,0.05,52,0.0646766169154228,-1.467661691542288,0.7611336032388664,1.0,1.0,False,-0.0
117,Y,A,1,0.0166666666666666,14,0.017412935323383,-0.0746268656716418,0.9564164648910412,1.0,1.0,False,-0.0
118,C,E,0,0.0,7,0.0087064676616915,-0.8706467661691543,0.0,1.0,1.0,False,-0.0
118,F,E,0,0.0,5,0.0062189054726368,-0.6218905472636816,0.0,1.0,1.0,False,-0.0
118,G,E,0,0.0,6,0.0074626865671641,-0.7462686567164178,0.0,1.0,1.0,False,-0.0
118,I,E,0,0.0,13,0.0161691542288557,-1.616915422885572,0.0,1.0,1.0,False,-0.0
118,K,E,2,0.0333333333333333,32,0.0398009950248756,-0.6467661691542288,0.8318965517241379,1.0,1.0,False,-0.0
118,L,E,0,0.0,10,0.0124378109452736,-1.2437810945273633,0.0,1.0,1.0,False,-0.0
118,M,E,0,0.0,6,0.0074626865671641,-0.7462686567164178,0.0,1.0,1.0,False,-0.0
118,W,E,0,0.0,1,0.0012437810945273,-0.1243781094527363,0.0,1.0,1.0,False,-0.0
119,C,V,0,0.0,1,0.0012437810945273,-0.1243781094527363,0.0,1.0,1.0,False,-0.0
119,D,V,0,0.0,2,0.0024875621890547,-0.2487562189054726,0.0,1.0,1.0,False,-0.0
119,E,V,0,0.0,7,0.0087064676616915,-0.8706467661691543,0.0,1.0,1.0,False,-0.0
119,G,V,0,0.0,9,0.0111940298507462,-1.1194029850746268,0.0,1.0,1.0,False,-0.0
119,H,V,1,0.0166666666666666,14,0.017412935323383,-0.0746268656716418,0.9564164648910412,1.0,1.0,False,-0.0
119,K,V,0,0.0,5,0.0062189054726368,-0.6218905472636816,0.0,1.0,1.0,False,-0.0
119,M,V,0,0.0,5,0.0062189054726368,-0.6218905472636816,0.0,1.0,1.0,False,-0.0
119,N,V,0,0.0,4,0.0049751243781094,-0.4975124378109453,0.0,1.0,1.0,False,-0.0
119,Q,V,0,0.0,1,0.0012437810945273,-0.1243781094527363,0.0,1.0,1.0,False,-0.0
119,S,V,0,0.0,4,0.0049751243781094,-0.4975124378109453,0.0,1.0,1.0,False,-0.0
120,C,E,0,0.0,3,0.003731343283582,-0.3731343283582089,0.0,1.0,1.0,False,-0.0
120,F,E,0,0.0,3,0.003731343283582,-0.3731343283582089,0.0,1.0,1.0,False,-0.0
120,I,E,0,0.0,10,0.0124378109452736,-1.2437810945273633,0.0,1.0,1.0,False,-0.0
120,L,E,0,0.0,3,0.003731343283582,-0.3731343283582089,0.0,1.0,1.0,False,-0.0
120,M,E,0,0.0,2,0.0024875621890547,-0.2487562189054726,0.0,1.0,1.0,False,-0.0
120,W,E,0,0.0,1,0.0012437810945273,-0.1243781094527363,0.0,1.0,1.0,False,-0.0
121,D,G,0,0.0,4,0.0049751243781094,-0.4975124378109453,0.0,1.0,1.0,False,-0.0
121,E,G,0,0.0,2,0.0024875621890547,-0.2487562189054726,0.0,1.0,1.0,False,-0.0
121,H,G,0,0.0,4,0.0049751243781094,-0.4975124378109453,0.0,1.0,1.0,False,-0.0
121,K,G,0,0.0,2,0.0024875621890547,-0.2487562189054726,0.0,1.0,1.0,False,-0.0
121,N,G,0,0.0,4,0.0049751243781094,-0.4975124378109453,0.0,1.0,1.0,False,-0.0
121,P,G,0,0.0,3,0.003731343283582,-0.3731343283582089,0.0,1.0,1.0,False,-0.0
121,R,G,0,0.0,4,0.0049751243781094,-0.4975124378109453,0.0,1.0,1.0,False,-0.0
121,T,G,0,0.0,2,0.0024875621890547,-0.2487562189054726,0.0,1.0,1.0,False,-0.0
121,W,G,0,0.0,1,0.0012437810945273,-0.1243781094527363,0.0,1.0,1.0,False,-0.0
121,Y,G,0,0.0,2,0.0024875621890547,-0.2487562189054726,0.0,1.0,1.0,False,-0.0
122,A,D,0,0.0,11,0.0136815920398009,-1.3681592039800996,0.0,1.0,1.0,False,-0.0
122,C,D,0,0.0,1,0.0012437810945273,-0.1243781094527363,0.0,1.0,1.0,False,-0.0
122,E,D,1,0.0166666666666666,17,0.0211442786069651,-0.4477611940298509,0.7846460618145563,1.0,1.0,False,-0.0
122,G,D,0,0.0,10,0.0124378109452736,-1.2437810945273633,0.0,1.0,1.0,False,-0.0
122,K,D,0,0.0,1,0.0012437810945273,-0.1243781094527363,0.0,1.0,1.0,False,-0.0
122,L,D,0,0.0,2,0.0024875621890547,-0.2487562189054726,0.0,1.0,1.0,False,-0.0
122,P,D,0,0.0,10,0.0124378109452736,-1.2437810945273633,0.0,1.0,1.0,False,-0.0
122,Q,D,0,0.0,2,0.0024875621890547,-0.2487562189054726,0.0,1.0,1.0,False,-0.0
122,R,D,0,0.0,1,0.0012437810945273,-0.1243781094527363,0.0,1.0,1.0,False,-0.0
122,S,D,0,0.0,7,0.0087064676616915,-0.8706467661691543,0.0,1.0,1.0,False,-0.0
122,T,D,0,0.0,11,0.0136815920398009,-1.3681592039800996,0.0,1.0,1.0,False,-0.0
122,W,D,0,0.0,1,0.0012437810945273,-0.1243781094527363,0.0,1.0,1.0,False,-0.0
122,Y,D,0,0.0,2,0.0024875621890547,-0.2487562189054726,0.0,1.0,1.0,False,-0.0
123,A,T,12,0.2,163,0.2027363184079602,-0.2736318407960181,0.9831288343558282,1.0,1.0,False,-0.0
123,C,T,0,0.0,8,0.0099502487562189,-0.9950248756218906,0.0,1.0,1.0,False,-0.0
123,D,T,0,0.0,5,0.0062189054726368,-0.6218905472636816,0.0,1.0,1.0,False,-0.0
123,E,T,0,0.0,1,0.0012437810945273,-0.1243781094527363,0.0,1.0,1.0,False,-0.0
123,F,T,0,0.0,2,0.0024875621890547,-0.2487562189054726,0.0,1.0,1.0,False,-0.0
123,G,T,0,0.0,3,0.003731343283582,-0.3731343283582089,0.0,1.0,1.0,False,-0.0
123,H,T,0,0.0,1,0.0012437810945273,-0.1243781094527363,0.0,1.0,1.0,False,-0.0
123,K,T,0,0.0,12,0.0149253731343283,-1.4925373134328357,0.0,1.0,1.0,False,-0.0
123,L,T,0,0.0,7,0.0087064676616915,-0.8706467661691543,0.0,1.0,1.0,False,-0.0
123,M,T,0,0.0,1,0.0012437810945273,-0.1243781094527363,0.0,1.0,1.0,False,-0.0
123,N,T,0,0.0,1,0.0012437810945273,-0.1243781094527363,0.0,1.0,1.0,False,-0.0
123,P,T,0,0.0,1,0.0012437810945273,-0.1243781094527363,0.0,1.0,1.0,False,-0.0
123,Q,T,0,0.0,2,0.0024875621890547,-0.2487562189054726,0.0,1.0,1.0,False,-0.0
124,A,H,0,0.0,6,0.0074626865671641,-0.7462686567164178,0.0,1.0,1.0,False,-0.0
124,C,H,0,0.0,7,0.0087064676616915,-0.8706467661691543,0.0,1.0,1.0,False,-0.0
124,D,H,0,0.0,1,0.0012437810945273,-0.1243781094527363,0.0,1.0,1.0,False,-0.0
124,K,H,2,0.0333333333333333,30,0.0373134328358208,-0.3980099502487559,0.8896551724137931,1.0,1.0,False,-0.0
124,M,H,0,0.0,3,0.003731343283582,-0.3731343283582089,0.0,1.0,1.0,False,-0.0
124,P,H,0,0.0,1,0.0012437810945273,-0.1243781094527363,0.0,1.0,1.0,False,-0.0
124,S,H,1,0.0166666666666666,17,0.0211442786069651,-0.4477611940298509,0.7846460618145563,1.0,1.0,False,-0.0
124,V,H,1,0.0166666666666666,26,0.0323383084577114,-1.5671641791044777,0.5071707953063885,1.0,1.0,False,-0.0
125,C,F,0,0.0,2,0.0024875621890547,-0.2487562189054726,0.0,1.0,1.0,False,-0.0
125,E,F,0,0.0,1,0.0012437810945273,-0.1243781094527363,0.0,1.0,1.0,False,-0.0
125,H,F,0,0.0,1,0.0012437810945273,-0.1243781094527363,0.0,1.0,1.0,False,-0.0
125,I,F,2,0.0333333333333333,27,0.0335820895522388,-0.0248756218905472,0.992337164750958,1.0,1.0,False,-0.0
125,K,F,0,0.0,1,0.0012437810945273,-0.1243781094527363,0.0,1.0,1.0,False,-0.0
125,N,F,0,0.0,1,0.0012437810945273,-0.1243781094527363,0.0,1.0,1.0,False,-0.0
125,R,F,0,0.0,1,0.0012437810945273,-0.1243781094527363,0.0,1.0,1.0,False,-0.0
125,S,F,0,0.0,3,0.003731343283582,-0.3731343283582089,0.0,1.0,1.0,False,-0.0
125,T,F,0,0.0,1,0.0012437810945273,-0.1243781094527363,0.0,1.0,1.0,False,-0.0
125,W,F,0,0.0,1,0.0012437810945273,-0.1243781094527363,0.0,1.0,1.0,False,-0.0
126,C,P,0,0.0,2,0.0024875621890547,-0.2487562189054726,0.0,1.0,1.0,False,-0.0
126,G,P,0,0.0,3,0.003731343283582,-0.3731343283582089,0.0,1.0,1.0,False,-0.0
126,H,P,0,0.0,3,0.003731343283582,-0.3731343283582089,0.0,1.0,1.0,False,-0.0
126,I,P,0,0.0,7,0.0087064676616915,-0.8706467661691543,0.0,1.0,1.0,False,-0.0
126,K,P,0,0.0,6,0.0074626865671641,-0.7462686567164178,0.0,1.0,1.0,False,-0.0
126,N,P,0,0.0,12,0.0149253731343283,-1.4925373134328357,0.0,1.0,1.0,False,-0.0
126,R,P,0,0.0,3,0.003731343283582,-0.3731343283582089,0.0,1.0,1.0,False,-0.0
126,T,P,0,0.0,5,0.0062189054726368,-0.6218905472636816,0.0,1.0,1.0,False,-0.0
126,V,P,0,0.0,7,0.0087064676616915,-0.8706467661691543,0.0,1.0,1.0,False,-0.0
127,C,D,0,0.0,1,0.0012437810945273,-0.1243781094527363,0.0,1.0,1.0,False,-0.0
127,L,D,1,0.0166666666666666,21,0.0261194029850746,-0.945273631840796,0.6319612590799032,1.0,1.0,False,-0.0
127,P,D,4,0.0666666666666666,55,0.0684079601990049,-0.1741293532338303,0.9727272727272728,1.0,1.0,False,-0.0
127,R,D,1,0.0166666666666666,17,0.0211442786069651,-0.4477611940298509,0.7846460618145563,1.0,1.0,False,-0.0
128,A,Y,0,0.0,2,0.0024875621890547,-0.2487562189054726,0.0,1.0,1.0,False,-0.0
128,D,Y,0,0.0,9,0.0111940298507462,-1.1194029850746268,0.0,1.0,1.0,False,-0.0
128,G,Y,0,0.0,3,0.003731343283582,-0.3731343283582089,0.0,1.0,1.0,False,-0.0
128,H,Y,0,0.0,2,0.0024875621890547,-0.2487562189054726,0.0,1.0,1.0,False,-0.0
128,K,Y,0,0.0,1,0.0012437810945273,-0.1243781094527363,0.0,1.0,1.0,False,-0.0
128,R,Y,0,0.0,3,0.003731343283582,-0.3731343283582089,0.0,1.0,1.0,False,-0.0
128,T,Y,0,0.0,3,0.003731343283582,-0.3731343283582089,0.0,1.0,1.0,False,-0.0
129,C,E,0,0.0,1,0.0012437810945273,-0.1243781094527363,0.0,1.0,1.0,False,-0.0
129,F,E,0,0.0,4,0.0049751243781094,-0.4975124378109453,0.0,1.0,1.0,False,-0.0
129,H,E,0,0.0,10,0.0124378109452736,-1.2437810945273633,0.0,1.0,1.0,False,-0.0
129,I,E,0,0.0,4,0.0049751243781094,-0.4975124378109453,0.0,1.0,1.0,False,-0.0
129,R,E,0,0.0,6,0.0074626865671641,-0.7462686567164178,0.0,1.0,1.0,False,-0.0
129,W,E,0,0.0,6,0.0074626865671641,-0.7462686567164178,0.0,1.0,1.0,False,-0.0
129,Y,E,0,0.0,1,0.0012437810945273,-0.1243781094527363,0.0,1.0,1.0,False,-0.0
130,E,P,3,0.05,45,0.0559701492537313,-0.5970149253731343,0.887719298245614,1.0,1.0,False,-0.0
130,H,P,0,0.0,5,0.0062189054726368,-0.6218905472636816,0.0,1.0,1.0,False,-0.0
130,Q,P,0,0.0,8,0.0099502487562189,-0.9950248756218906,0.0,1.0,1.0,False,-0.0
131,C,D,0,0.0,1,0.0012437810945273,-0.1243781094527363,0.0,1.0,1.0,False,-0.0
131,F,D,0,0.0,5,0.0062189054726368,-0.6218905472636816,0.0,1.0,1.0,False,-0.0
131,I,D,0,0.0,1,0.0012437810945273,-0.1243781094527363,0.0,1.0,1.0,False,-0.0
131,L,D,1,0.0166666666666666,17,0.0211442786069651,-0.4477611940298509,0.7846460618145563,1.0,1.0,False,-0.0
131,M,D,0,0.0,8,0.0099502487562189,-0.9950248756218906,0.0,1.0,1.0,False,-0.0
131,Q,D,1,0.0166666666666666,23,0.0286069651741293,-1.1940298507462688,0.5755342667649226,1.0,1.0,False,-0.0
131,Y,D,0,0.0,5,0.0062189054726368,-0.6218905472636816,0.0,1.0,1.0,False,-0.0
132,A,D,2,0.0333333333333333,34,0.0422885572139303,-0.8955223880597017,0.7809330628803245,1.0,1.0,False,-0.0
132,E,D,14,0.2333333333333333,196,0.2437810945273631,-1.0447761194029848,0.9440993788819876,1.0,1.0,False,-0.0
132,H,D,0,0.0,11,0.0136815920398009,-1.3681592039800996,0.0,1.0,1.0,False,-0.0
132,L,D,1,0.0166666666666666,18,0.0223880597014925,-0.572139303482587,0.7401129943502824,1.0,1.0,False,-0.0
132,M,D,0,0.0,3,0.003731343283582,-0.3731343283582089,0.0,1.0,1.0,False,-0.0
132,S,D,1,0.0166666666666666,23,0.0286069651741293,-1.1940298507462688,0.5755342667649226,1.0,1.0,False,-0.0
132,Y,D,0,0.0,1,0.0012437810945273,-0.1243781094527363,0.0,1.0,1.0,False,-0.0
133,A,W,0,0.0,2,0.0024875621890547,-0.2487562189054726,0.0,1.0,1.0,False,-0.0
133,C,W,0,0.0,1,0.0012437810945273,-0.1243781094527363,0.0,1.0,1.0,False,-0.0
133,E,W,0,0.0,2,0.0024875621890547,-0.2487562189054726,0.0,1.0,1.0,False,-0.0
133,G,W,0,0.0,2,0.0024875621890547,-0.2487562189054726,0.0,1.0,1.0,False,-0.0
133,L,W,0,0.0,8,0.0099502487562189,-0.9950248756218906,0.0,1.0,1.0,False,-0.0
133,M,W,0,0.0,1,0.0012437810945273,-0.1243781094527363,0.0,1.0,1.0,False,-0.0
133,N,W,0,0.0,1,0.0012437810945273,-0.1243781094527363,0.0,1.0,1.0,False,-0.0
133,P,W,0,0.0,5,0.0062189054726368,-0.6218905472636816,0.0,1.0,1.0,False,-0.0
133,R,W,0,0.0,1,0.0012437810945273,-0.1243781094527363,0.0,1.0,1.0,False,-0.0
133,T,W,0,0.0,3,0.003731343283582,-0.3731343283582089,0.0,1.0,1.0,False,-0.0
134,C,E,0,0.0,3,0.003731343283582,-0.3731343283582089,0.0,1.0,1.0,False,-0.0
134,D,E,2,0.0333333333333333,27,0.0335820895522388,-0.0248756218905472,0.992337164750958,1.0,1.0,False,-0.0
134,G,E,0,0.0,1,0.0012437810945273,-0.1243781094527363,0.0,1.0,1.0,False,-0.0
134,M,E,0,0.0,3,0.003731343283582,-0.3731343283582089,0.0,1.0,1.0,False,-0.0
134,P,E,0,0.0,2,0.0024875621890547,-0.2487562189054726,0.0,1.0,1.0,False,-0.0
134,S,E,2,0.0333333333333333,35,0.0435323383084577,-1.0199004975124382,0.7576354679802956,1.0,1.0,False,-0.0
135,A,S,1,0.0166666666666666,15,0.0186567164179104,-0.1990049751243779,0.8915254237288136,1.0,1.0,False,-0.0
135,D,S,0,0.0,1,0.0012437810945273,-0.1243781094527363,0.0,1.0,1.0,False,-0.0
135,F,S,0,0.0,2,0.0024875621890547,-0.2487562189054726,0.0,1.0,1.0,False,-0.0
135,G,S,0,0.0,1,0.0012437810945273,-0.1243781094527363,0.0,1.0,1.0,False,-0.0
135,N,S,0,0.0,1,0.0012437810945273,-0.1243781094527363,0.0,1.0,1.0,False,-0.0
135,W,S,0,0.0,1,0.0012437810945273,-0.1243781094527363,0.0,1.0,1.0,False,-0.0
136,D,V,0,0.0,10,0.0124378109452736,-1.2437810945273633,0.0,1.0,1.0,False,-0.0
136,G,V,0,0.0,1,0.0012437810945273,-0.1243781094527363,0.0,1.0,1.0,False,-0.0
136,H,V,0,0.0,8,0.0099502487562189,-0.9950248756218906,0.0,1.0,1.0,False,-0.0
136,K,V,1,0.0166666666666666,22,0.0273631840796019,-1.0696517412935325,0.6024653312788906,1.0,1.0,False,-0.0
136,L,V,3,0.05,50,0.0621890547263681,-1.2189054726368158,0.7936842105263158,1.0,1.0,False,-0.0
136,M,V,0,0.0,8,0.0099502487562189,-0.9950248756218906,0.0,1.0,1.0,False,-0.0
136,N,V,0,0.0,6,0.0074626865671641,-0.7462686567164178,0.0,1.0,1.0,False,-0.0
136,P,V,0,0.0,2,0.0024875621890547,-0.2487562189054726,0.0,1.0,1.0,False,-0.0
136,Q,V,0,0.0,9,0.0111940298507462,-1.1194029850746268,0.0,1.0,1.0,False,-0.0
136,R,V,0,0.0,10,0.0124378109452736,-1.2437810945273633,0.0,1.0,1.0,False,-0.0
136,T,V,8,0.1333333333333333,110,0.1368159203980099,-0.3482587064676606,0.9706293706293706,1.0,1.0,False,-0.0
136,W,V,0,0.0,1,0.0012437810945273,-0.1243781094527363,0.0,1.0,1.0,False,-0.0
136,Y,V,0,0.0,4,0.0049751243781094,-0.4975124378109453,0.0,1.0,1.0,False,-0.0
137,D,F,2,0.0333333333333333,33,0.0410447761194029,-0.7711442786069653,0.8056426332288401,1.0,1.0,False,-0.0
137,H,F,0,0.0,8,0.0099502487562189,-0.9950248756218906,0.0,1.0,1.0,False,-0.0
137,I,F,0,0.0,10,0.0124378109452736,-1.2437810945273633,0.0,1.0,1.0,False,-0.0
137,M,F,0,0.0,2,0.0024875621890547,-0.2487562189054726,0.0,1.0,1.0,False,-0.0
137,P,F,0,0.0,5,0.0062189054726368,-0.6218905472636816,0.0,1.0,1.0,False,-0.0
137,Q,F,2,0.0333333333333333,27,0.0335820895522388,-0.0248756218905472,0.992337164750958,1.0,1.0,False,-0.0
137,T,F,1,0.0166666666666666,20,0.0248756218905472,-0.8208955223880599,0.6644067796610169,1.0,1.0,False,-0.0
137,V,F,1,0.0166666666666666,13,0.0161691542288557,0.0497512437810945,1.03129074315515,1.0,1.0,False,-0.0
137,Y,F,1,0.0166666666666666,17,0.0211442786069651,-0.4477611940298509,0.7846460618145563,1.0,1.0,False,-0.0
138,C,S,0,0.0,7,0.0087064676616915,-0.8706467661691543,0.0,1.0,1.0,False,-0.0
138,D,S,0,0.0,11,0.0136815920398009,-1.3681592039800996,0.0,1.0,1.0,False,-0.0
138,F,S,0,0.0,8,0.0099502487562189,-0.9950248756218906,0.0,1.0,1.0,False,-0.0
138,M,S,0,0.0,3,0.003731343283582,-0.3731343283582089,0.0,1.0,1.0,False,-0.0
138,N,S,1,0.0166666666666666,15,0.0186567164179104,-0.1990049751243779,0.8915254237288136,1.0,1.0,False,-0.0
138,P,S,0,0.0,7,0.0087064676616915,-0.8706467661691543,0.0,1.0,1.0,False,-0.0
138,S,S,5,0.0833333333333333,70,0.0870646766169154,-0.37313432835821,0.9532467532467532,1.0,1.0,False,-0.0
138,W,S,0,0.0,1,0.0012437810945273,-0.1243781094527363,0.0,1.0,1.0,False,-0.0
138,Y,S,0,0.0,3,0.003731343283582,-0.3731343283582089,0.0,1.0,1.0,False,-0.0
139,A,E,1,0.0166666666666666,16,0.0199004975124378,-0.3233830845771144,0.8347457627118644,1.0,1.0,False,-0.0
139,C,E,0,0.0,1,0.0012437810945273,-0.1243781094527363,0.0,1.0,1.0,False,-0.0
139,F,E,0,0.0,5,0.0062189054726368,-0.6218905472636816,0.0,1.0,1.0,False,-0.0
139,G,E,0,0.0,12,0.0149253731343283,-1.4925373134328357,0.0,1.0,1.0,False,-0.0
139,H,E,0,0.0,5,0.0062189054726368,-0.6218905472636816,0.0,1.0,1.0,False,-0.0
139,M,E,0,0.0,3,0.003731343283582,-0.3731343283582089,0.0,1.0,1.0,False,-0.0
139,N,E,0,0.0,6,0.0074626865671641,-0.7462686567164178,0.0,1.0,1.0,False,-0.0
139,P,E,0,0.0,8,0.0099502487562189,-0.9950248756218906,0.0,1.0,1.0,False,-0.0
139,V,E,1,0.0166666666666666,24,0.0298507462686567,-1.3184079601990049,0.5508474576271186,1.0,1.0,False,-0.0
139,W,E,0,0.0,2,0.0024875621890547,-0.2487562189054726,0.0,1.0,1.0,False,-0.0
139,Y,E,0,0.0,2,0.0024875621890547,-0.2487562189054726,0.0,1.0,1.0,False,-0.0
140,G,F,0,0.0,10,0.0124378109452736,-1.2437810945273633,0.0,1.0,1.0,False,-0.0
140,I,F,1,0.0166666666666666,16,0.0199004975124378,-0.3233830845771144,0.8347457627118644,1.0,1.0,False,-0.0
140,L,F,0,0.0,7,0.0087064676616915,-0.8706467661691543,0.0,1.0,1.0,False,-0.0
140,M,F,0,0.0,11,0.0136815920398009,-1.3681592039800996,0.0,1.0,1.0,False,-0.0
140,N,F,0,0.0,12,0.0149253731343283,-1.4925373134328357,0.0,1.0,1.0,False,-0.0
140,W,F,0,0.0,2,0.0024875621890547,-0.2487562189054726,0.0,1.0,1.0,False,-0.0
140,Y,F,1,0.0166666666666666,17,0.0211442786069651,-0.4477611940298509,0.7846460618145563,1.0,1.0,False,-0.0
141,C,H,0,0.0,3,0.003731343283582,-0.3731343283582089,0.0,1.0,1.0,False,-0.0
141,D,H,0,0.0,3,0.003731343283582,-0.3731343283582089,0.0,1.0,1.0,False,-0.0
141,E,H,0,0.0,5,0.0062189054726368,-0.6218905472636816,0.0,1.0,1.0,False,-0.0
141,G,H,4,0.0666666666666666,56,0.0696517412935323,-0.2985074626865674,0.9540816326530612,1.0,1.0,False,-0.0
141,I,H,0,0.0,13,0.0161691542288557,-1.616915422885572,0.0,1.0,1.0,False,-0.0
141,K,H,0,0.0,10,0.0124378109452736,-1.2437810945273633,0.0,1.0,1.0,False,-0.0
141,L,H,0,0.0,8,0.0099502487562189,-0.9950248756218906,0.0,1.0,1.0,False,-0.0
141,M,H,0,0.0,4,0.0049751243781094,-0.4975124378109453,0.0,1.0,1.0,False,-0.0
141,N,H,0,0.0,2,0.0024875621890547,-0.2487562189054726,0.0,1.0,1.0,False,-0.0
141,P,H,0,0.0,5,0.0062189054726368,-0.6218905472636816,0.0,1.0,1.0,False,-0.0
141,R,H,1,0.0166666666666666,25,0.031094527363184,-1.4427860696517414,0.528135593220339,1.0,1.0,False,-0.0
141,S,H,0,0.0,9,0.0111940298507462,-1.1194029850746268,0.0,1.0,1.0,False,-0.0
141,T,H,0,0.0,5,0.0062189054726368,-0.6218905472636816,0.0,1.0,1.0,False,-0.0
141,V,H,1,0.0166666666666666,20,0.0248756218905472,-0.8208955223880599,0.6644067796610169,1.0,1.0,False,-0.0
141,W,H,0,0.0,3,0.003731343283582,-0.3731343283582089,0.0,1.0,1.0,False,-0.0
142,D,D,2,0.0333333333333333,28,0.0348258706467661,-0.1492537313432837,0.955665024630542,1.0,1.0,False,-0.0
142,G,D,1,0.0166666666666666,16,0.0199004975124378,-0.3233830845771144,0.8347457627118644,1.0,1.0,False,-0.0
142,L,D,1,0.0166666666666666,18,0.0223880597014925,-0.572139303482587,0.7401129943502824,1.0,1.0,False,-0.0
142,N,D,0,0.0,8,0.0099502487562189,-0.9950248756218906,0.0,1.0,1.0,False,-0.0
142,W,D,0,0.0,1,0.0012437810945273,-0.1243781094527363,0.0,1.0,1.0,False,-0.0
142,Y,D,0,0.0,3,0.003731343283582,-0.3731343283582089,0.0,1.0,1.0,False,-0.0
143,C,A,0,0.0,1,0.0012437810945273,-0.1243781094527363,0.0,1.0,1.0,False,-0.0
143,E,A,1,0.0166666666666666,20,0.0248756218905472,-0.8208955223880599,0.6644067796610169,1.0,1.0,False,-0.0
143,F,A,0,0.0,5,0.0062189054726368,-0.6218905472636816,0.0,1.0,1.0,False,-0.0
143,H,A,1,0.0166666666666666,16,0.0199004975124378,-0.3233830845771144,0.8347457627118644,1.0,1.0,False,-0.0
143,L,A,1,0.0166666666666666,19,0.0236318407960199,-0.6965174129353234,0.7002676181980375,1.0,1.0,False,-0.0
143,M,A,0,0.0,4,0.0049751243781094,-0.4975124378109453,0.0,1.0,1.0,False,-0.0
143,N,A,0,0.0,6,0.0074626865671641,-0.7462686567164178,0.0,1.0,1.0,False,-0.0
143,Q,A,1,0.0166666666666666,25,0.031094527363184,-1.4427860696517414,0.528135593220339,1.0,1.0,False,-0.0
143,S,A,2,0.0333333333333333,35,0.0435323383084577,-1.0199004975124382,0.7576354679802956,1.0,1.0,False,-0.0
143,Y,A,0,0.0,4,0.0049751243781094,-0.4975124378109453,0.0,1.0,1.0,False,-0.0
144,C,D,0,0.0,4,0.0049751243781094,-0.4975124378109453,0.0,1.0,1.0,False,-0.0
144,F,D,0,0.0,10,0.0124378109452736,-1.2437810945273633,0.0,1.0,1.0,False,-0.0
144,L,D,0,0.0,11,0.0136815920398009,-1.3681592039800996,0.0,1.0,1.0,False,-0.0
144,M,D,0,0.0,3,0.003731343283582,-0.3731343283582089,0.0,1.0,1.0,False,-0.0
144,N,D,2,0.0333333333333333,38,0.0472636815920398,-1.3930348258706469,0.6950998185117967,1.0,1.0,False,-0.0
144,P,D,0,0.0,6,0.0074626865671641,-0.7462686567164178,0.0,1.0,1.0,False,-0.0
144,Q,D,1,0.0166666666666666,23,0.0286069651741293,-1.1940298507462688,0.5755342667649226,1.0,1.0,False,-0.0
144,T,D,2,0.0333333333333333,33,0.0410447761194029,-0.7711442786069653,0.8056426332288401,1.0,1.0,False,-0.0
145,D,A,6,0.1,87,0.1082089552238805,-0.8208955223880585,0.9157088122605364,1.0,1.0,False,-0.0
145,F,A,0,0.0,2,0.0024875621890547,-0.2487562189054726,0.0,1.0,1.0,False,-0.0
145,G,A,2,0.0333333333333333,28,0.0348258706467661,-0.1492537313432837,0.955665024630542,1.0,1.0,False,-0.0
145,L,A,0,0.0,5,0.0062189054726368,-0.6218905472636816,0.0,1.0,1.0,False,-0.0
145,M,A,0,0.0,1,0.0012437810945273,-0.1243781094527363,0.0,1.0,1.0,False,-0.0
145,R,A,0,0.0,6,0.0074626865671641,-0.7462686567164178,0.0,1.0,1.0,False,-0.0
145,W,A,0,0.0,1,0.0012437810945273,-0.1243781094527363,0.0,1.0,1.0,False,-0.0
145,Y,A,0,0.0,2,0.0024875621890547,-0.2487562189054726,0.0,1.0,1.0,False,-0.0
146,C,Q,0,0.0,1,0.0012437810945273,-0.1243781094527363,0.0,1.0,1.0,False,-0.0
146,E,Q,5,0.0833333333333333,68,0.0845771144278607,-0.1243781094527371,0.983957219251337,1.0,1.0,False,-0.0
146,F,Q,0,0.0,9,0.0111940298507462,-1.1194029850746268,0.0,1.0,1.0,False,-0.0
146,H,Q,0,0.0,10,0.0124378109452736,-1.2437810945273633,0.0,1.0,1.0,False,-0.0
146,L,Q,0,0.0,3,0.003731343283582,-0.3731343283582089,0.0,1.0,1.0,False,-0.0
146,P,Q,1,0.0166666666666666,14,0.017412935323383,-0.0746268656716418,0.9564164648910412,1.0,1.0,False,-0.0
146,V,Q,1,0.0166666666666666,13,0.0161691542288557,0.0497512437810945,1.03129074315515,1.0,1.0,False,-0.0
146,W,Q,0,0.0,3,0.003731343283582,-0.3731343283582089,0.0,1.0,1.0,False,-0.0
146,Y,Q,0,0.0,13,0.0161691542288557,-1.616915422885572,0.0,1.0,1.0,False,-0.0
147,C,N,0,0.0,2,0.0024875621890547,-0.2487562189054726,0.0,1.0,1.0,False,-0.0
147,F,N,0,0.0,1,0.0012437810945273,-0.1243781094527363,0.0,1.0,1.0,False,-0.0
147,I,N,0,0.0,5,0.0062189054726368,-0.6218905472636816,0.0,1.0,1.0,False,-0.0
147,L,N,0,0.0,4,0.0049751243781094,-0.4975124378109453,0.0,1.0,1.0,False,-0.0
147,P,N,0,0.0,6,0.0074626865671641,-0.7462686567164178,0.0,1.0,1.0,False,-0.0
147,Q,N,1,0.0166666666666666,13,0.0161691542288557,0.0497512437810945,1.03129074315515,1.0,1.0,False,-0.0
147,R,N,1,0.0166666666666666,15,0.0186567164179104,-0.1990049751243779,0.8915254237288136,1.0,1.0,False,-0.0
147,Y,N,0,0.0,3,0.003731343283582,-0.3731343283582089,0.0,1.0,1.0,False,-0.0
148,C,S,0,0.0,2,0.0024875621890547,-0.2487562189054726,0.0,1.0,1.0,False,-0.0
148,M,S,0,0.0,2,0.0024875621890547,-0.2487562189054726,0.0,1.0,1.0,False,-0.0
148,R,S,1,0.0166666666666666,23,0.0286069651741293,-1.1940298507462688,0.5755342667649226,1.0,1.0,False,-0.0
148,Y,S,0,0.0,13,0.0161691542288557,-1.616915422885572,0.0,1.0,1.0,False,-0.0
149,C,H,0,0.0,5,0.0062189054726368,-0.6218905472636816,0.0,1.0,1.0,False,-0.0
149,D,H,0,0.0,9,0.0111940298507462,-1.1194029850746268,0.0,1.0,1.0,False,-0.0
149,K,H,0,0.0,8,0.0099502487562189,-0.9950248756218906,0.0,1.0,1.0,False,-0.0
149,M,H,0,0.0,7,0.0087064676616915,-0.8706467661691543,0.0,1.0,1.0,False,-0.0
149,N,H,0,0.0,9,0.0111940298507462,-1.1194029850746268,0.0,1.0,1.0,False,-0.0
149,Q,H,0,0.0,6,0.0074626865671641,-0.7462686567164178,0.0,1.0,1.0,False,-0.0
149,R,H,0,0.0,4,0.0049751243781094,-0.4975124378109453,0.0,1.0,1.0,False,-0.0
149,S,H,0,0.0,9,0.0111940298507462,-1.1194029850746268,0.0,1.0,1.0,False,-0.0
149,T,H,1,0.0166666666666666,16,0.0199004975124378,-0.3233830845771144,0.8347457627118644,1.0,1.0,False,-0.0
149,W,H,0,0.0,11,0.0136815920398009,-1.3681592039800996,0.0,1.0,1.0,False,-0.0
150,C,S,0,0.0,6,0.0074626865671641,-0.7462686567164178,0.0,1.0,1.0,False,-0.0
150,E,S,3,0.05,41,0.0509950248756218,-0.0995024875621884,0.9794608472400512,1.0,1.0,False,-0.0
150,F,S,0,0.0,2,0.0024875621890547,-0.2487562189054726,0.0,1.0,1.0,False,-0.0
150,I,S,0,0.0,2,0.0024875621890547,-0.2487562189054726,0.0,1.0,1.0,False,-0.0
150,K,S,3,0.05,40,0.0497512437810945,0.0248756218905472,1.0052631578947369,1.0,1.0,False,-0.0
150,M,S,0,0.0,3,0.003731343283582,-0.3731343283582089,0.0,1.0,1.0,False,-0.0
150,S,S,4,0.0666666666666666,55,0.0684079601990049,-0.1741293532338303,0.9727272727272728,1.0,1.0,False,-0.0
150,V,S,0,0.0,3,0.003731343283582,-0.3731343283582089,0.0,1.0,1.0,False,-0.0
150,Y,S,0,0.0,7,0.0087064676616915,-0.8706467661691543,0.0,1.0,1.0,False,-0.0
151,A,Y,0,0.0,10,0.0124378109452736,-1.2437810945273633,0.0,1.0,1.0,False,-0.0
151,C,Y,1,0.0166666666666666,14,0.017412935323383,-0.0746268656716418,0.9564164648910412,1.0,1.0,False,-0.0
151,D,Y,0,0.0,5,0.0062189054726368,-0.6218905472636816,0.0,1.0,1.0,False,-0.0
151,E,Y,0,0.0,6,0.0074626865671641,-0.7462686567164178,0.0,1.0,1.0,False,-0.0
151,G,Y,0,0.0,1,0.0012437810945273,-0.1243781094527363,0.0,1.0,1.0,False,-0.0
151,K,Y,0,0.0,3,0.003731343283582,-0.3731343283582089,0.0,1.0,1.0,False,-0.0
151,L,Y,3,0.05,46,0.0572139303482587,-0.7213930348258707,0.8672768878718535,1.0,1.0,False,-0.0
151,N,Y,0,0.0,6,0.0074626865671641,-0.7462686567164178,0.0,1.0,1.0,False,-0.0
151,P,Y,0,0.0,1,0.0012437810945273,-0.1243781094527363,0.0,1.0,1.0,False,-0.0
151,Q,Y,0,0.0,2,0.0024875621890547,-0.2487562189054726,0.0,1.0,1.0,False,-0.0
151,S,Y,0,0.0,6,0.0074626865671641,-0.7462686567164178,0.0,1.0,1.0,False,-0.0
151,T,Y,0,0.0,11,0.0136815920398009,-1.3681592039800996,0.0,1.0,1.0,False,-0.0
151,V,Y,1,0.0166666666666666,19,0.0236318407960199,-0.6965174129353234,0.7002676181980375,1.0,1.0,False,-0.0
152,G,C,0,0.0,1,0.0012437810945273,-0.1243781094527363,0.0,1.0,1.0,False,-0.0
152,H,C,1,0.0166666666666666,16,0.0199004975124378,-0.3233830845771144,0.8347457627118644,1.0,1.0,False,-0.0
152,I,C,1,0.0166666666666666,18,0.0223880597014925,-0.572139303482587,0.7401129943502824,1.0,1.0,False,-0.0
152,K,C,2,0.0333333333333333,30,0.0373134328358208,-0.3980099502487559,0.8896551724137931,1.0,1.0,False,-0.0
152,L,C,0,0.0,9,0.0111940298507462,-1.1194029850746268,0.0,1.0,1.0,False,-0.0
152,M,C,0,0.0,2,0.0024875621890547,-0.2487562189054726,0.0,1.0,1.0,False,-0.0
152,N,C,1,0.0166666666666666,18,0.0223880597014925,-0.572139303482587,0.7401129943502824,1.0,1.0,False,-0.0
152,Q,C,2,0.0333333333333333,33,0.0410447761194029,-0.7711442786069653,0.8056426332288401,1.0,1.0,False,-0.0
152,V,C,1,0.0166666666666666,26,0.0323383084577114,-1.5671641791044777,0.5071707953063885,1.0,1.0,False,-0.0
152,W,C,0,0.0,5,0.0062189054726368,-0.6218905472636816,0.0,1.0,1.0,False,-0.0
153,A,F,0,0.0,4,0.0049751243781094,-0.4975124378109453,0.0,1.0,1.0,False,-0.0
153,D,F,0,0.0,1,0.0012437810945273,-0.1243781094527363,0.0,1.0,1.0,False,-0.0
153,G,F,0,0.0,3,0.003731343283582,-0.3731343283582089,0.0,1.0,1.0,False,-0.0
153,H,F,0,0.0,12,0.0149253731343283,-1.4925373134328357,0.0,1.0,1.0,False,-0.0
153,I,F,5,0.0833333333333333,72,0.0895522388059701,-0.6218905472636815,0.9242424242424242,1.0,1.0,False,-0.0
153,M,F,0,0.0,12,0.0149253731343283,-1.4925373134328357,0.0,1.0,1.0,False,-0.0
153,P,F,0,0.0,2,0.0024875621890547,-0.2487562189054726,0.0,1.0,1.0,False,-0.0
153,S,F,0,0.0,1,0.0012437810945273,-0.1243781094527363,0.0,1.0,1.0,False,-0.0
153,T,F,0,0.0,9,0.0111940298507462,-1.1194029850746268,0.0,1.0,1.0,False,-0.0
153,V,F,3,0.05,46,0.0572139303482587,-0.7213930348258707,0.8672768878718535,1.0,1.0,False,-0.0
153,W,F,0,0.0,12,0.0149253731343283,-1.4925373134328357,0.0,1.0,1.0,False,-0.0
154,F,E,1,0.0166666666666666,18,0.0223880597014925,-0.572139303482587,0.7401129943502824,1.0,1.0,False,-0.0
154,G,E,0,0.0,2,0.0024875621890547,-0.2487562189054726,0.0,1.0,1.0,False,-0.0
154,M,E,0,0.0,12,0.0149253731343283,-1.4925373134328357,0.0,1.0,1.0,False,-0.0
154,P,E,0,0.0,2,0.0024875621890547,-0.2487562189054726,0.0,1.0,1.0,False,-0.0
154,W,E,0,0.0,1,0.0012437810945273,-0.1243781094527363,0.0,1.0,1.0,False,-0.0
154,Y,E,1,0.0166666666666666,21,0.0261194029850746,-0.945273631840796,0.6319612590799032,1.0,1.0,False,-0.0
155,C,I,0,0.0,8,0.0099502487562189,-0.9950248756218906,0.0,1.0,1.0,False,-0.0
155,F,I,0,0.0,7,0.0087064676616915,-0.8706467661691543,0.0,1.0,1.0,False,-0.0
155,G,I,0,0.0,1,0.0012437810945273,-0.1243781094527363,0.0,1.0,1.0,False,-0.0
155,L,I,2,0.0333333333333333,31,0.0385572139303482,-0.5223880597014924,0.8598442714126807,1.0,1.0,False,-0.0
155,M,I,0,0.0,6,0.0074626865671641,-0.7462686567164178,0.0,1.0,1.0,False,-0.0
155,N,I,0,0.0,11,0.0136815920398009,-1.3681592039800996,0.0,1.0,1.0,False,-0.0
155,P,I,0,0.0,3,0.003731343283582,-0.3731343283582089,0.0,1.0,1.0,False,-0.0
155,W,I,0,0.0,7,0.0087064676616915,-0.8706467661691543,0.0,1.0,1.0,False,-0.0
155,Y,I,0,0.0,6,0.0074626865671641,-0.7462686567164178,0.0,1.0,1.0,False,-0.0
156,A,L,0,0.0,6,0.0074626865671641,-0.7462686567164178,0.0,1.0,1.0,False,-0.0
156,E,L,0,0.0,1,0.0012437810945273,-0.1243781094527363,0.0,1.0,1.0,False,-0.0
156,H,L,0,0.0,7,0.0087064676616915,-0.8706467661691543,0.0,1.0,1.0,False,-0.0
156,I,L,0,0.0,5,0.0062189054726368,-0.6218905472636816,0.0,1.0,1.0,False,-0.0
156,K,L,0,0.0,4,0.0049751243781094,-0.4975124378109453,0.0,1.0,1.0,False,-0.0
156,M,L,0,0.0,4,0.0049751243781094,-0.4975124378109453,0.0,1.0,1.0,False,-0.0
156,N,L,0,0.0,4,0.0049751243781094,-0.4975124378109453,0.0,1.0,1.0,False,-0.0
156,P,L,0,0.0,1,0.0012437810945273,-0.1243781094527363,0.0,1.0,1.0,False,-0.0
156,Q,L,0,0.0,2,0.0024875621890547,-0.2487562189054726,0.0,1.0,1.0,False,-0.0
156,S,L,0,0.0,1,0.0012437810945273,-0.1243781094527363,0.0,1.0,1.0,False,-0.0
157,C,E,0,0.0,2,0.0024875621890547,-0.2487562189054726,0.0,1.0,1.0,False,-0.0
157,F,E,0,0.0,1,0.0012437810945273,-0.1243781094527363,0.0,1.0,1.0,False,-0.0
157,G,E,0,0.0,5,0.0062189054726368,-0.6218905472636816,0.0,1.0,1.0,False,-0.0
157,M,E,0,0.0,4,0.0049751243781094,-0.4975124378109453,0.0,1.0,1.0,False,-0.0
157,N,E,0,0.0,11,0.0136815920398009,-1.3681592039800996,0.0,1.0,1.0,False,-0.0
157,P,E,0,0.0,1,0.0012437810945273,-0.1243781094527363,0.0,1.0,1.0,False,-0.0
157,R,E,7,0.1166666666666666,100,0.1243781094527363,-0.7711442786069653,0.929811320754717,1.0,1.0,False,-0.0
158,A,R,0,0.0,5,0.0062189054726368,-0.6218905472636816,0.0,1.0,1.0,False,-0.0
158,C,R,0,0.0,1,0.0012437810945273,-0.1243781094527363,0.0,1.0,1.0,False,-0.0
158,H,R,0,0.0,3,0.003731343283582,-0.3731343283582089,0.0,1.0,1.0,False,-0.0
158,I,R,0,0.0,1,0.0012437810945273,-0.1243781094527363,0.0,1.0,1.0,False,-0.0
158,L,R,0,0.0,6,0.0074626865671641,-0.7462686567164178,0.0,1.0,1.0,False,-0.0
158,P,R,0,0.0,12,0.0149253731343283,-1.4925373134328357,0.0,1.0,1.0,False,-0.0
158,Q,R,0,0.0,8,0.0099502487562189,-0.9950248756218906,0.0,1.0,1.0,False,-0.0
158,T,R,0,0.0,4,0.0049751243781094,-0.4975124378109453,0.0,1.0,1.0,False,-0.0
158,V,R,0,0.0,3,0.003731343283582,-0.3731343283582089,0.0,1.0,1.0,False,-0.0
159,C,R,0,0.0,9,0.0111940298507462,-1.1194029850746268,0.0,1.0,1.0,False,-0.0
159,E,R,1,0.0166666666666666,17,0.0211442786069651,-0.4477611940298509,0.7846460618145563,1.0,1.0,False,-0.0
159,F,R,0,0.0,5,0.0062189054726368,-0.6218905472636816,0.0,1.0,1.0,False,-0.0
159,H,R,0,0.0,9,0.0111940298507462,-1.1194029850746268,0.0,1.0,1.0,False,-0.0
159,M,R,0,0.0,10,0.0124378109452736,-1.2437810945273633,0.0,1.0,1.0,False,-0.0
159,N,R,1,0.0166666666666666,17,0.0211442786069651,-0.4477611940298509,0.7846460618145563,1.0,1.0,False,-0.0
159,S,R,1,0.0166666666666666,26,0.0323383084577114,-1.5671641791044777,0.5071707953063885,1.0,1.0,False,-0.0
159,T,R,1,0.0166666666666666,23,0.0286069651741293,-1.1940298507462688,0.5755342667649226,1.0,1.0,False,-0.0
159,Y,R,0,0.0,5,0.0062189054726368,-0.6218905472636816,0.0,1.0,1.0,False,-0.0
