IDalign,aa20,aa28,fitness_0,fitness_0_058,fitness_0_5,fitness_1,fitness_10,fitness_50,fitness_200
NP_065309,I,Q,0.0,0.0,0.0,0.0,0.0,0.0,0.0
NP_217279,I,Q,0.0,-1.0,0.9797523162001008,0.5975768423120857,0.6706262325958214,0.3648454406205634,-1.0
NP_220129,L,L,0.0,0.0,0.0,0.0,0.0,0.0,0.0
NP_224954,L,L,0.0,0.0,1.2162226777073346,0.0,0.0,0.0,0.0
NP_229441,V,R,0.0,0.0,0.0,0.0,0.0,0.0,0.0
NP_230094,M,F,0.0,-1.3444402820043255,-5.408397210737004,-6.790169759215846,-9.922591869880105,-7.244092634252038,-9.922591869880105
NP_239975,I,L,0.0,0.0,0.0,0.0,0.0,0.0,0.0
NP_249041,L,L,0.0,0.0,0.0,0.0,0.0,0.0,0.0
NP_267306,M,Q,0.0,0.2339335423022794,0.6734554448125163,0.8376435906801802,2.1136036043054025,3.375364683544661,3.019829923353693
NP_269082,L,L,0.0,0.0684081398089695,-0.9072148818578918,-1.590616774982859,-6.022268829889392,-5.536805616438579,-8.300479115668505
NP_302063,M,L,0.0,-0.792481250360578,0.0,-0.1731505397521151,-0.6180547726742678,-2.204209528792316,-2.377443751081734
NP_359022,L,L,0.0,-0.0310787401873273,-0.7902687011337264,-1.3926561933425132,-6.617300250239369,-5.3713683947311175,-9.35974956032233
NP_390064,L,L,0.0,-1.4916761209003369,-5.041517825583667,-6.066089190457772,-7.672425341971495,-6.287103016965629,-8.23146819708221
NP_414590,M,L,0.0,0.0,0.0,0.0,0.0,0.0,0.0
NP_459092,M,L,0.0,0.0,0.0,0.0,0.0,0.0,0.0
NP_465398,M,L,0.0,-3.1896793402519643,-5.526368353111465,-8.226892527748078,-7.427241702647318,-7.180675133088036,-8.226892527748078
NP_569370,I,Q,0.0,1.5647301856555578,1.3380233717663412,1.2388773774112531,2.1358401842055192,3.3177841362204483,1.5911248735148835
NP_569589,L,L,0.0,-3.624581237165517,-6.714245517666122,-6.087462841250339,-6.714245517666122,-5.434537451490266,-6.066089190457772
NP_600072,M,L,0.0,0.0,-0.0527637291588272,-0.2403088302713856,-1.1823094908653702,-1.3354033361027562,-1.584962500721156
NP_636179,L,L,0.0,0.3162396591552987,0.7131496614025608,0.8448113057854059,0.3193525392808016,-1.0529647370092745,-6.442611903897412
NP_719188,M,L,0.0,-3.0324521258999075,-4.522197059679227,-4.425874520708029,-4.642701109431124,-4.392317422778761,-4.462499895484839
NP_721345,L,L,0.0,0.1443589673099108,-0.1306625167807831,-0.4787410273606003,-4.069947215831697,-4.874960620162626,-8.544807997114052
NP_747233,M,F,0.0,0.0840568740104172,0.1880850095198027,0.0213732127501398,-2.893253226255084,-4.169396510002136,-8.467605550082997
NP_764674,L,L,0.0,-1.4139145026916813,-4.149357669956888,-4.730498013381324,-5.144220158641721,-4.675740608557227,-5.303665156874805
NP_773150,I,M,0.0,0.0,0.0,0.0,0.0,0.4176785625939485,0.0
NP_775043,I,Q,0.0,0.2336552218453693,0.7681467801191637,1.21255147298867,2.737649437451225,4.810847656004932,7.23228135016163
NP_803570,L,L,0.0,0.0,-0.6667783435293115,-1.1971637381545892,-2.543417942925198,-2.5338766844778218,-3.0
NP_815294,L,L,0.0,0.0,-1.0,-1.0,-1.0,-0.937723522766067,-1.584962500721156
NP_820968,L,L,0.0,-3.978676986137158,-6.179874780161165,-6.179874780161165,-6.649212202928032,-6.209321624687949,-6.864066550153108
NP_831957,L,L,0.0,0.3240196128837134,0.447214336760116,0.5618809240397002,-1.2516588484763052,-3.8015297199756217,-5.942085259554218
NP_944205,L,M,0.0,0.0379660265517363,-0.9127668665372934,-1.7656868965372243,-5.9283196275531775,-5.523561956057013,-7.366560636829525
NP_951629,I,L,0.0,0.0,0.0,0.0,0.0,0.0,0.0
WP_000162304,L,L,0.0,0.1185178429873143,-0.4006336426793098,-0.9750729830181796,-5.891475965499379,-5.633545972450576,-9.57553924683453
WP_000162306,L,L,0.0,0.1173453213721362,-0.4017088236707451,-0.9479607413679928,-5.687921428733652,-5.642662007006112,-8.703903573444663
WP_000162307,L,L,0.0,0.0546131931290556,-0.5181362666934675,-1.1383813843300477,-5.492226062034778,-5.710771134351194,-9.333155350310616
WP_000162308,L,L,0.0,0.0911915740976629,-0.4346459153076729,-0.9922805801989932,-5.406486147208737,-5.442412947124294,-9.032615530447709
WP_000162309,L,L,0.0,0.0691277462218398,-0.5224174583749654,-1.0750466509191927,-5.8019845871472375,-5.663069063488306,-9.266786540694902
WP_000162310,L,L,0.0,0.3331466582083551,0.9386942584226574,1.1261271893054443,1.2937476567924922,-1.5092090784394243,-8.055437426685423
WP_000162311,L,L,0.0,-0.148005719939178,-1.0042643474085704,-1.8426501688545471,-7.0910909904104855,-6.009397573958771,-9.57742882803575
WP_000162312,L,L,0.0,0.0550276076245328,-0.7442617306993204,-1.412481099441318,-6.490561407685854,-5.854091038589766,-9.3470504994086
WP_000162313,L,L,0.0,-0.4843606217729803,-2.1544829926420537,-3.074577887404976,-7.64492968920548,-6.840095126965099,-9.682994583681683
WP_000162314,L,L,0.0,-0.0008569137753213,-1.3774422822711316,-2.1488504133349893,-5.638309756318748,-5.065769480586562,-7.81592956364139
WP_000162437,L,L,0.0,0.4024214317566255,0.9298792975700668,1.1948532406553376,2.0267134263937727,0.9995548557526864,-4.844332328680189
WP_000162445,L,L,0.0,-0.6219927434245496,-0.9014358612580984,-1.354775125330456,-4.279229651409448,-5.490013085312821,-6.700172898267347
WP_000162448,L,L,0.0,0.2759664311813159,0.7022875650358253,0.6936069037181642,-1.135762295422865,-3.7103048753451406,-8.507688548341076
WP_000162449,L,L,0.0,-0.3904742123928661,0.5916790928658431,0.8322532361914643,1.4419322432409487,-0.72906767387774,-7.357552004618084
WP_000162450,L,L,0.0,0.3422654338280964,0.8749322781244038,1.1787281730470678,1.5342107565592824,-0.4817253521703968,-7.205944630876344
WP_000162451,L,L,0.0,-0.0059175304710743,-0.8523638847148503,-1.6349583215403931,-6.9427664200562,-5.895352769139173,-9.235333113877928
WP_000162453,L,L,0.0,0.332540845190616,0.7993730055333597,0.9619483636111354,0.4426429702626908,-2.486747072190928,-8.189824558880018
WP_000162454,L,L,0.0,0.2562658735466354,0.1954334117839762,0.1631776449854425,-3.3394229957150903,-3.961150251976089,-6.994342343386083
WP_000162456,L,L,0.0,0.1257173311016188,-0.0142747757324377,-0.3203861362432487,-4.166886322668561,-5.1554927241235005,-8.665335917185176
WP_000162457,L,L,0.0,0.0751307752468237,-0.3248113348336492,-0.7767965785489208,-5.048530159159498,-5.427396450623286,-9.361808809591862
WP_000162462,L,L,0.0,0.2263097773149671,-0.0208089697913447,-0.3110305574442371,-4.6073285918282405,-5.184208031980036,-8.559965657782662
WP_000162470,L,L,0.0,0.301318196177653,0.0163129648419229,-0.1039063907536137,-4.491877253397996,-5.122723567152612,-8.16535342158393
WP_000162471,L,L,0.0,0.3723203785760471,1.0056950159615194,1.3247738745311892,1.8426355511187091,0.6246662054058127,-5.194798928486652
WP_000162477,L,L,0.0,0.0473106421003883,-0.2007886459348142,-0.4184212753814122,-4.263147892618118,-4.864560302815036,-10.328674927327947
WP_000162478,L,L,0.0,0.0472605138002464,-0.8903908089489789,-1.4108358779051846,-5.643856189774724,-5.643856189774724,-6.94251450533924
WP_000162482,L,L,0.0,-0.0408188611521911,-2.149019872923437,-3.4890474492896213,-7.888401659288893,-6.200304037292815,-8.297885070376783
WP_000162484,L,L,0.0,0.3313916867443529,-1.2970778398796128,-1.9078085566379568,-6.346784303514248,-7.357552004618084,-7.357552004618084
WP_000162485,L,L,0.0,-0.077194385945118,-1.0132737370270313,-1.667982991118688,-6.834518492680973,-5.944404897617732,-9.51654619377756
WP_000162486,L,L,0.0,0.0912133495665781,-0.3529384323752449,-0.7883352171969982,-5.638223274826939,-6.093360017369648,-12.799079209029006
WP_000162494,L,L,0.0,-0.9246352820845996,-1.807822694243848,-2.264137192009005,-6.856025570103041,-8.45532722030456,-6.077760161786785
WP_000162495,L,L,0.0,0.0,0.0,0.0,-0.7725668327052979,-1.7766896159500618,-2.584962500721156
WP_000162499,L,L,0.0,-0.3060108263986647,-2.013008290357038,-3.24026763555488,-9.01018616194224,-6.822758527001222,-9.518547308053527
WP_000162500,L,L,0.0,0.1959247480596362,-0.3649176088629087,-0.8649061448248183,-5.494248900829026,-5.423423066432841,-10.68503717455346
WP_000162501,L,L,0.0,0.196347891799351,0.1075801221037613,-0.1582193940542158,-4.11597127517858,-5.021722665856107,-9.21316713176086
WP_000162502,L,L,0.0,0.0999530234759245,-0.2199861769085718,-0.6553463295502295,-4.8392634316235545,-5.222096169351768,-9.296916206879288
WP_000162503,L,L,0.0,0.0321714125089576,-0.6660035335530807,-1.0991100418544328,-5.8185243894860985,-5.1182379583520135,-8.206301461811703
WP_000162504,L,L,0.0,0.049772852835038,-0.5864575735390818,-1.1220938198061736,-5.996496229605389,-5.563711299344769,-8.590488750621466
WP_000175741,L,L,0.0,-1.3823513816248605,-4.110647960262553,-5.4174510208840765,-7.685275597137171,-6.382502439605044,-8.286281561037782
WP_000175742,L,L,0.0,-1.110226149653282,-4.111642298434639,-5.232713064649968,-7.661668144640085,-6.570079591172959,-8.016808287686555
WP_000175745,L,L,0.0,-1.8911488641295544,-3.4594316186372973,-3.584962500721156,-3.906890595608519,-3.490096158728432,-4.087462841250339
WP_000175752,L,L,0.0,-1.0444582312501556,-3.805468097610728,-4.599487623392578,-6.392317422778761,-5.649032197081063,-6.954196310386875
WP_000175753,L,L,0.0,-0.8503864951477098,-3.52647875386147,-4.525711049133634,-7.724981855325597,-6.688725001183973,-9.108524456778168
WP_000312547,L,L,0.0,0.0,0.0,-1.0,-1.0,-0.937723522766067,-1.0
WP_000312550,L,L,0.0,0.0,0.0,0.0,0.0,0.0,0.0
WP_000312552,L,L,0.0,-0.8408172232385054,-2.9482082697268104,-4.248990376308445,-5.247927513443585,-4.807354922057604,-5.247927513443585
WP_000312553,L,L,0.0,-0.5940627240516796,-3.289169336739271,-4.360055880516881,-6.388627657595961,-5.307721582203538,-6.515505953718852
WP_000587144,L,L,0.0,0.0,0.0,0.0,0.0,0.0,0.0
WP_000624373,M,L,0.0,0.0,0.0,0.0,0.0,0.0,0.0
WP_000624381,M,L,0.0,0.0,0.0,0.0,0.0,0.0,0.0
WP_000624383,M,L,0.0,0.0,0.0,0.0,0.0,0.0,0.0
WP_000624384,M,L,0.0,-4.066594797221754,-5.723167876182517,-6.018726421475726,-6.169925001442312,-5.832890014164741,-6.3750394313469245
WP_000637196,L,L,0.0,0.430323648003581,0.4499032965615184,1.083847420215104,1.1252969299754731,-2.5481119430606967,-5.832890014164741
WP_000637198,L,L,0.0,0.0,0.0,0.0,0.0,0.0,0.0
WP_000637199,L,L,0.0,0.2977561171049974,0.7777943009440147,0.9006500394172328,0.33713395346376,-3.3222322221556144,-6.872074037990109
WP_000637203,L,L,0.0,0.2998450675400561,0.9482403222310828,1.1495546523471112,1.9054762629259896,0.5438729753238345,-7.434531813359113
WP_000637204,L,L,0.0,0.3509791893652085,0.9031644297487188,1.1433946384753195,1.7652988281097333,-0.6413491815693444,-7.721099188707185
WP_000637207,L,L,0.0,0.0,0.0,0.0,0.0,0.0,0.0
WP_000637208,L,L,0.0,0.0,0.0,0.0,-1.0,-1.164642874812103,-1.584962500721156
WP_000637209,L,L,0.0,0.3440811583892618,0.9032863700609736,1.2090047034867748,1.980491988273096,0.1510718597086562,-7.794415866350106
WP_000637210,L,L,0.0,0.1442264023925865,0.065311874914502,0.0,-3.007125084107096,-3.239476191601325,-4.247927513443585
WP_000637211,L,L,0.0,0.3223330513470142,0.9385822147498092,1.1769007090202397,1.993344955153976,0.445516550248108,-6.845725277228598
WP_000637212,L,L,0.0,-1.3597113674790005,1.400196837403851,0.6084041022237825,-0.7861828837611782,-2.5552098030993866,-4.843250263591609
WP_000637213,L,L,0.0,0.1403346325691417,0.0,0.3548011938923967,-1.584962500721156,-2.290789856270396,-2.584962500721156
WP_000637214,L,L,0.0,0.3462411218391332,0.911632113917526,1.178156185433156,2.2102248703127763,1.0729252510975629,-5.949618992676439
WP_000637215,L,L,0.0,0.2510232276641035,0.2438847063358649,0.3389806347108628,-1.9815899919999576,-3.6662130795884913,-5.807354922057604
WP_000637216,L,L,0.0,0.3453159416116502,0.6886471470377993,0.7566168054234064,0.0697601438591188,-3.2490314883623093,-6.569855608330948
WP_000637217,L,L,0.0,0.2322867832100077,-0.063617897611802,-0.1993350288444841,-2.0,-2.0,-2.0
WP_000637218,L,L,0.0,0.089696126608803,0.0,0.0,-1.0,-1.0,-1.0
WP_000637219,L,L,0.0,0.2552858350657172,0.8062142221703024,0.9924816402836488,1.1554891007907655,-1.5483476073437394,-6.977279923499917
WP_000781809,L,L,0.0,-4.099650384206782,-6.108653087997231,-6.121007012287604,-6.706483843221728,-5.876890589431508,-7.199672344836364
WP_000781810,L,L,0.0,-4.178636986406904,-5.954196310386875,-6.1301141037937565,-6.64208294705117,-5.507499198965464,-6.807354922057604
WP_000781811,L,L,0.0,-4.501033186567326,-5.182218297342245,-5.245926548164837,-5.507010235157468,-4.968156976255697,-5.906690193462364
WP_000973544,M,F,0.0,-0.6524667051438984,-3.328607176659702,-4.670988761424649,-8.053530113570897,-6.809607190823922,-9.1569131659054
WP_001035150,L,L,0.0,0.1188490193455962,-0.0867445555214452,-0.4491424510421122,-3.8615420609754914,-5.010806465556348,-9.394462694610317
WP_001393556,M,L,0.0,0.0,0.0,0.0,0.0,0.0,0.0
WP_001408245,M,L,0.0,0.0,0.0,0.0,0.0,0.0,0.0
WP_001487721,M,L,0.0,0.0,0.0,0.0,0.0,0.0,0.0
WP_001489286,M,L,0.0,0.0,0.0,0.0,0.0,0.0,0.0
WP_001566069,M,L,0.0,0.0,0.0,0.0,0.0,0.0,0.0
WP_001584570,M,L,0.0,0.0,0.0,0.0,0.0,0.0,0.0
WP_001718077,L,L,0.0,-1.584962500721156,-0.3687398230138214,-1.584962500721156,-0.5741947996173207,-1.584962500721156,-1.584962500721156
WP_001863392,L,L,0.0,0.3276515479414854,0.8222342333443109,0.9647952701466328,-0.1376855072911791,-3.261665915583156,-8.700439718141093
WP_001864547,L,L,0.0,0.5996369198755289,0.8540260863192888,1.13043022844991,0.7410693696967412,-2.273376515609689,-8.508232167044408
WP_001980312,L,L,0.0,0.4184700147872657,0.7072100695751562,1.0977874258939655,0.7242114092111454,-2.823002713302299,-8.189824558880018
WP_002012617,L,L,0.0,1.3698398712722506,0.8697859994962416,0.2215433228047816,-6.022367813028454,-3.602048187119401,-6.022367813028454
WP_002031690,L,L,0.0,0.0,0.0,0.0,-1.584962500721156,-1.332585595992806,-1.584962500721156
WP_002065185,L,L,0.0,0.3899215237006004,0.8873062929168203,1.0272187538271602,1.3910005559986105,-0.6166858902972026,-7.483815777264256
WP_002114723,L,L,0.0,-0.3553105869908961,-2.3251118982644865,-3.535033210842509,-6.564151976095662,-6.204286194094636,-7.513088798444613
WP_002118976,L,L,0.0,0.0,0.0,0.0,0.0,0.0,0.0
WP_002136083,L,L,0.0,0.0,0.0,0.0,-2.2836567859611634,-1.9943664182676897,-3.807354922057604
WP_002200642,L,L,0.0,0.0,0.0,0.0,0.0,0.0,0.0
WP_002205327,L,L,0.0,0.3707378891908028,1.0208231737975275,1.3561926088532612,2.552969367069595,2.391255279930842,-2.759110733183316
WP_002210497,M,L,0.0,0.0,0.0,0.0,0.0,0.0,0.0
WP_002216373,M,F,0.0,0.4005257945522436,0.8534668935413059,1.0522702135501485,0.9703999547582196,-0.4421571530223493,-6.372444447628151
WP_002233495,M,F,0.0,0.0586906059322456,0.498269271167695,0.5026491094547922,-0.9474453945897424,-2.5333708075861097,-6.9978335718003954
WP_002256361,M,F,0.0,0.3202421980644221,0.7413755065329095,0.9177654919418056,0.4796425968704518,-1.0746756532397228,-6.9978174725477125
WP_002296121,L,M,0.0,-0.4981027346651776,-1.0,-1.3693065016103332,-1.9914050219501152,-0.6693499090547113,-2.584962500721156
WP_002306927,L,L,0.0,0.0,0.0,0.0,0.0,0.0,0.0
WP_002308859,L,M,0.0,0.0,0.0,0.0,0.0,0.0,0.0
WP_002309578,L,L,0.0,0.0,0.0,0.0,0.0,0.0,0.0
WP_002313876,L,L,0.0,0.0,0.0,0.0,0.0,0.0,0.0
WP_002314787,L,M,0.0,0.0,0.0,0.0,0.0,0.0,0.0
WP_002329360,L,M,0.0,0.0,0.0,0.0,0.0,0.0,0.0
WP_002357568,L,L,0.0,0.0,0.0,0.0,0.0,0.0,0.0
WP_002365665,L,L,0.0,0.0,0.0,0.0,0.0,0.0,0.0
WP_002384507,L,L,0.0,0.0,0.0,0.0,0.0,0.0,0.0
WP_002386810,L,L,0.0,0.0,0.0,0.0,0.0,0.0,0.0
WP_002434338,M,L,0.0,0.0,0.0,0.0,0.0,0.0,-1.0
WP_002451172,L,L,0.0,-1.1338788513083813,-4.065565394086935,-5.129085231533023,-7.114409345247941,-5.152017498764739,-7.436337440135302
WP_002455337,L,L,0.0,-0.7200519764964408,-2.9891257343652047,-3.850798848236911,-5.770592012420824,-5.247927513443585,-6.245442357967879
WP_002459164,L,L,0.0,0.0,0.0,0.0,0.0,0.0,0.0
WP_002464119,M,L,0.0,0.0,0.0,0.0,0.0,0.0,0.0
WP_002465218,L,L,0.0,-0.8759734014564762,-3.127228172855839,-3.5838140532072167,-4.693270143400911,-4.077746362061751,-4.906890595608519
WP_002470989,L,L,0.0,-0.4815209697850102,0.1081113388536673,-0.404501165556032,-0.3613132223429212,0.3337072020035969,-1.292481250360578
WP_002480941,L,L,0.0,-0.5910361444417562,-3.1536752457866006,-4.002671024417831,-5.727920454563199,-5.727920454563199,-5.727920454563199
WP_002483287,L,L,0.0,0.0,0.0,0.0,0.0,0.0,0.0
WP_002511149,L,L,0.0,2.1325360824580675,0.0,0.0,0.0,0.0,0.0
WP_002514670,M,F,0.0,-1.0,-2.442290490524756,-2.584962500721156,-2.807354922057604,-2.321928094887362,-2.992787615606384
WP_002516137,M,F,0.0,0.0,0.0,0.0,0.0,0.0,0.0
WP_002522165,M,F,0.0,0.0,0.0,0.0,0.0,0.0,0.0
WP_002528547,M,F,0.0,0.0,0.0,0.0,0.0,0.0,0.0
WP_002569854,P,R,0.0,0.0,0.0,0.0,0.0,0.0,0.0
WP_002569855,L,M,0.0,0.2557909379979111,0.5872658250353595,0.7619963232474216,-0.0175109439420069,-1.0913919996298258,-6.439933931956534
WP_002578253,L,M,0.0,0.1625347215475034,0.0982081635900158,0.4509264879315591,-0.9838784363418482,-2.3337275558953845,-8.566054038171092
WP_002578254,P,R,0.0,0.0,0.0,0.0,0.0,0.0,0.0
WP_002583107,L,L,0.0,0.2360699656337566,0.4013919747976864,0.2324507970560114,-1.0156164217621877,-2.767221563074468,-6.3791886009692895
WP_002587016,L,M,0.0,0.1019557167749241,-0.5184694850890565,-0.9748349096647216,-4.02338224113349,-4.707625027339731,-7.988684686772165
WP_002596555,L,L,0.0,0.2254821676563967,0.0724563728609304,-0.0108816506153397,-3.3843956293024444,-4.60179829727864,-7.276124405274237
WP_002602832,L,M,0.0,-0.2120430183708572,-1.6372169668564869,-2.62706221897625,-5.958869915499875,-5.579680374090946,-8.0
WP_002602834,L,Q,0.0,0.0,0.0,0.0,0.0,0.0,0.0
WP_002635775,L,L,0.0,0.0,0.0,0.0,0.0,0.0,0.0
WP_002641668,I,F,0.0,0.0,0.0,0.0,0.0,1.062276477233933,0.0
WP_002650194,M,L,0.0,0.0,0.0,0.0,0.0,0.0,0.0
WP_002664533,M,L,0.0,-4.476053466365238,-6.629283016944966,-6.852617045998397,-7.4177538319594545,-6.282212050907248,-7.737201543287325
WP_002670343,L,F,0.0,0.3376663842743159,0.7207663932253396,0.913850124324016,1.1947547186932912,-0.387035296148551,-6.087462841250339
WP_002687527,M,L,0.0,0.0,0.0,0.0,0.0,0.0,0.0
WP_002698981,L,M,0.0,0.0,0.0,0.0,0.0,0.0,0.0
WP_002811844,L,L,0.0,0.4014077672155682,0.9308010737072848,1.1907326330874592,1.7517101618797235,1.661804623670255,-1.7177482204157029
WP_002817137,L,L,0.0,-0.1668614205404019,-1.7146559796071994,-2.5816783986393768,-5.0490301966485465,-4.809184538334005,-6.664631751885488
WP_002820451,L,L,0.0,-0.3081755396550782,-2.1978306595178694,-2.983978917018161,-5.054275843890922,-4.551927383667957,-5.714180086352146
WP_002839715,M,M,0.0,0.4147698961950379,1.0187198013477818,1.452083649704388,2.7176201269098943,3.54162112050519,1.1091466270806754
WP_002841202,M,M,0.0,0.3328667763005857,0.6475381863373393,0.5553613378114051,-1.5503262201737271,-3.839993990642224,-8.195028596841718
WP_002885904,M,L,0.0,0.0,0.0,0.0,-1.625065127052022,-2.321928094887362,-2.321928094887362
WP_002888320,M,L,0.0,0.0,0.0,0.0,0.0,0.0,0.0
WP_002889081,M,L,0.0,0.2997828381111183,0.7285965899414886,0.7737740620121043,-0.3751678818005679,-2.650169510869323,-8.037139182617262
WP_002897636,M,L,0.0,0.3801610402047739,1.0586104513370795,1.3606495667804896,2.6566592641874784,1.969057679776082,-5.369483013766399
WP_002904437,M,L,0.0,0.217216646031189,0.8067167633231191,0.9309058553769178,1.1673130601728596,-1.469150393863386,-8.224701030603672
WP_002906638,M,L,0.0,0.2556251888149505,0.8028575994346872,0.9746434419604711,1.7124975849519513,-0.0076686427491496,-7.559083172050508
WP_002909821,M,L,0.0,0.3850392175750032,1.000555765922719,1.3222162744863226,2.7156668703166646,2.129480372130881,-5.8542015776901
WP_002917312,M,L,0.0,0.3675326444909448,1.061958854279336,1.25120160232877,2.5697102200146915,1.118249138617884,-6.793167162224192
WP_002921373,M,L,0.0,0.2733528420649076,0.2373035120136766,0.2416263395093976,-0.3161399088894843,-3.164642874812103,-5.584962500721156
WP_002924855,M,L,0.0,0.3678675828267908,0.7489953241997744,1.0208566554092755,1.5313449537637993,0.0108640722889292,-7.087462841250339
WP_002930343,M,L,0.0,0.3441174497350019,1.0035423330640416,1.3405556246175756,2.7369251311690634,2.610337661981662,-3.476756737352595
WP_002931755,L,L,0.0,-1.792481250360578,-2.584962500721156,-2.584962500721156,-2.584962500721156,-2.584962500721156,-2.584962500721156
WP_002933845,M,L,0.0,0.3296588896074626,1.022401642672247,1.2688011069508365,2.483840442157323,1.135541171548109,-6.706484444821016
WP_002934971,L,L,0.0,-0.7721414323505167,-2.916173598047754,-3.9942718240390778,-7.707784300796392,-6.7072625278146605,-9.744825018585052
WP_002946474,M,L,0.0,0.0,0.0,0.0,0.0,0.0,0.0
WP_002950147,M,L,0.0,0.0,-1.0,-0.8980856884987709,-1.584962500721156,-1.584962500721156,-1.584962500721156
WP_002983619,L,L,0.0,0.0,0.0,0.0,0.0,0.0,0.0
WP_002984955,L,L,0.0,0.1080454192097981,-0.3623074762587159,-0.7035275676759198,-4.289761397720993,-5.083047438581266,-8.919647583899975
WP_002990062,I,F,0.0,0.2945139312630953,0.6931643286191864,0.7611461566713782,0.5657089663131787,-0.1906076167203449,-4.46780708391619
WP_003002249,M,F,0.0,0.0,-0.2397324743003279,-0.9561057304732778,-0.5,-0.5,-1.0
WP_003007444,M,L,0.0,0.3227871223159084,0.6607187123819998,0.8871032138213959,-0.9079281422061882,-3.520274997971818,-8.457486291449687
WP_003011321,M,L,0.0,0.3060079067303878,0.5634305764616299,0.571797211290682,-1.4746289681246507,-3.8970911302437408,-7.848592391612257
WP_003012456,M,F,0.0,-0.5473957916452132,-2.4546968311408044,-3.5030972223375967,-6.805380349848922,-6.081106586413327,-8.560331568744868
WP_003016297,M,L,0.0,0.3671854233420397,0.9138572821062674,1.233162625115881,0.8538604221916319,-1.2858592100247197,-7.638682479328536
WP_003027976,L,L,0.0,-1.056084596197632,-4.377326436837637,-5.389677693592139,-8.18205806332314,-6.948186835598639,-8.523561956057012
WP_003032260,L,L,0.0,-0.6224350032702901,-3.0738671965389583,-4.231565946998351,-8.118799520111565,-6.736465877381515,-9.044394119358454
WP_003035097,L,L,0.0,-1.0643366693222358,-4.073847896788525,-5.060327830970993,-9.014371861174672,-7.237611059662973,-9.91737207947684
WP_003040947,I,L,0.0,0.0,0.0,0.0,0.0,0.0,-1.0
WP_003054187,L,L,0.0,0.0,-0.8316348120716683,-1.5280024538537451,-6.702857893256207,-5.847574811476148,-8.647440482375156
WP_003057335,L,L,0.0,0.0,0.0,0.0,0.0,0.0,0.0
WP_003065197,L,L,0.0,0.3122732869088285,0.7866564240497773,0.892501759083915,0.6382313077012789,-1.866951342989976,-8.129283016944967
WP_003072921,L,L,0.0,-0.795189521220812,-3.2774913305297355,-4.297417237554686,-7.18791359328595,-6.46666113498959,-8.546765522115745
WP_003088134,L,L,0.0,0.3482340253039195,0.3758755909674196,0.0046374377392108,-2.2544546294784347,-4.11495940095357,-8.674811295702778
WP_003093756,M,L,0.0,0.1975405563460097,-0.4437455810293005,-0.99521519857772,-5.879453580642132,-5.1872175324516405,-7.2384047393250786
WP_003126959,L,L,0.0,0.0,0.0,0.0,0.0,0.0,0.0
WP_003137297,L,L,0.0,0.0,0.0,0.0,0.0,0.0,0.0
WP_003140871,L,L,0.0,-1.6517593074597758,-2.903677461028802,-2.903677461028802,-3.084962500721156,-2.7661289704145853,-3.321928094887362
WP_003146014,I,M,0.0,0.0,0.0,0.0,0.0,0.0,0.0
WP_003148742,L,M,0.0,-0.1372770653261863,-1.070799789832475,-1.324669476245191,-3.4594316186372973,-3.321928094887362,-4.169925001442312
WP_003167212,L,L,0.0,0.0552625367766217,-2.1992435832039368,-1.635028086832719,-2.807354922057604,-2.2762166834406377,-2.807354922057604
WP_003197378,L,L,0.0,0.3640407053214023,0.787873780898126,0.9716939537134603,0.98159047072469,-2.4450621095895206,-7.971543553950772
WP_003215564,M,L,0.0,-3.641879998575952,-4.425874520708029,-4.413260179117099,-4.906890595608519,-4.429424962823443,-5.0
WP_003218222,L,L,0.0,-0.9851455090972654,-3.575294336358516,-4.711400881852221,-6.860069859324176,-5.996308541072983,-7.309756320614964
WP_003250718,L,L,0.0,-4.853844869498948,-6.080456482617812,-5.993273007863288,-6.634480988019334,-5.3449025587056616,-7.112603718471751
WP_003268911,L,L,0.0,-3.5194199738143404,-5.42470255047388,-5.539075403867326,-6.097993649014255,-5.654528337488092,-6.473960906268121
WP_003286769,M,L,0.0,-1.8984884276933096,-3.169925001442312,-3.169925001442312,-3.321928094887362,-3.120043349217706,-3.321928094887362
WP_003321978,M,L,0.0,-3.5042223524064218,-7.070711974737204,-7.312802336251816,-8.909089767827574,-7.340870809493707,-9.58229834869383
WP_003325705,L,L,0.0,-0.6926584402213916,-3.052964833217522,-4.281494764310113,-6.832890014164741,-5.819901353357428,-7.636624620543649
WP_003335971,L,L,0.0,-2.321286191346272,-5.418568222370302,-6.118890583401158,-6.94251450533924,-5.709527642115546,-7.330916878114617
WP_003340589,L,L,0.0,-1.4418699420560284,-4.713706598498234,-5.804988217426092,-7.280763312068244,-6.346778184034756,-7.577250846932383
WP_003354931,L,L,0.0,-4.43731952587288,-5.441604455206949,-5.392317422778761,-5.643856189774724,-5.240790307084805,-6.108524456778169
WP_003375568,L,L,0.0,0.0,0.0,0.0,0.0,0.0,0.0
WP_003397230,L,L,0.0,0.0,0.0,0.0,0.0,0.0,0.0
WP_003441833,L,L,0.0,0.1361488536961337,-0.6306170172278307,-0.996164857900932,-3.900039675911431,-4.3846062401955965,-6.950150393124083
WP_003468692,M,L,0.0,0.1179146711133816,-0.0328497691415607,-0.6724425919601593,-2.783410327723516,-3.016512657066949,-4.2849278041654735
WP_003474891,M,L,0.0,0.2425037995310219,-0.0509912237597833,-0.2989001015104995,-2.344171054638716,-2.972635681523906,-5.713656422067482
WP_003479843,M,L,0.0,0.0854312091242417,0.1106467515992726,-0.3121957804372295,-2.830057167505504,-3.863146979110244,-8.311676419628732
WP_003498667,M,Q,0.0,0.0,0.0,0.0,0.0,0.0,-0.3702768516460306
WP_003560383,L,M,0.0,0.0,0.0,0.0,-1.0,-1.0,-1.584962500721156
WP_003565377,L,L,0.0,0.0,0.0,0.0,0.0,0.0,0.0
WP_003570293,L,L,0.0,0.0,0.0,0.0,0.0,0.0,0.0
WP_003575033,L,L,0.0,0.0,0.0,0.0,0.0,0.0,0.0
WP_003593445,M,L,0.0,0.2096622088838122,0.3157192327324254,0.2115040589173331,-0.3142891818878066,-1.0,-4.12568765686081
WP_003607688,I,M,0.0,0.2878069636810281,1.1160783995654686,1.0639158130040336,1.6680481184801934,1.3210935533206687,-1.810617491226779
WP_003633095,L,L,0.0,-3.2668231010386504,-6.718057457513862,-7.395168192048361,-9.3633236236281,-6.947440185524977,-9.3633236236281
WP_003640578,L,M,0.0,0.0,0.0,0.0,0.0,0.0,0.0
WP_003649012,L,L,0.0,0.0,0.0,0.0,0.0,0.0,0.0
WP_003654807,L,L,0.0,-0.2732385075276404,-1.753599318103948,-2.7562028050663576,-7.076815597050831,-6.192477435055106,-8.845490050944376
WP_003660945,L,L,0.0,-0.7476331870561765,0.0,0.0,0.0,-0.4587740483569811,-1.292481250360578
WP_003666061,I,M,0.0,0.2087560353628905,0.0331889679378241,-0.2653103081760664,-2.4473356473307986,-3.2816923007726144,-7.906840500291269
WP_003674233,I,M,0.0,0.3402373990396388,0.0,-0.2450255466775157,-1.415467518405329,-2.501841702663289,-3.169925001442312
WP_003679735,L,L,0.0,-0.9337319587709664,-1.066693936209291,-1.660964047443681,-1.1555801968917634,-1.1298258088267146,-1.660964047443681
WP_003683166,M,L,0.0,-1.1468096187575805,-3.9207184910332864,-4.896681115239174,-7.400247750233406,-6.553281470222442,-7.592282726223078
WP_003686654,M,F,0.0,0.1022764498122548,0.9311008649608344,1.2821048056562256,2.5953355297470075,3.0020387469648604,1.0598958496474022
WP_003690263,L,L,0.0,0.0,0.0,0.0,0.0,0.0,0.0
WP_003693897,L,L,0.0,-0.996229057558486,-3.717482491181298,-4.073070794947402,-6.9682063077652,-6.017328069646703,-7.473590158317117
WP_003700097,L,L,0.0,-0.0093384221482397,-1.0882526035062514,-1.0410654816632718,-3.1609640474436813,-2.629825808826715,-2.5297879063282727
WP_003703789,L,L,0.0,0.0,-0.8718359727562399,-1.5778273639134115,-4.857980995127572,-4.247927513443585,-5.426264754702098
WP_003706162,L,L,0.0,-0.0665474117371287,-1.5190076363961276,-2.884484787160206,-5.963703806474516,-5.315896807190043,-5.963703806474516
WP_003707890,L,L,0.0,-3.0,-0.6867169530434816,-0.6553463295502295,-3.0,-3.0,-3.0
WP_003710023,L,L,0.0,0.0,0.0,0.0,-1.0,-0.522686023487223,-1.0
WP_003711822,L,L,0.0,0.6528449385766821,-1.22310622575301,-1.5309729752157422,-3.504290813132802,-3.81007160510806,-5.174917045728623
WP_003714029,M,F,0.0,0.1879335741866263,0.510814484234901,0.6474681566742877,-0.3960444869567912,-1.952043786485767,-9.015909871215351
WP_003717025,L,L,0.0,0.0,0.0,0.0,0.0,0.0,0.0
WP_003734428,M,L,0.0,-2.632418914990732,-6.664769332934895,-5.844504648293928,-8.531381460516313,-8.531381460516313,-8.531381460516313
WP_003747727,M,F,0.0,0.3442882381519547,0.8322172498553799,0.946466035261003,1.398524288800239,0.8247930289063294,-4.570315275350486
WP_003748519,M,L,0.0,-2.4030484546002144,-5.783777322292665,-6.400180167049775,-8.262094845370179,-6.631624783915104,-8.751544059089099
WP_003752146,M,F,0.0,0.8087500663881881,0.512284400476128,0.1819618093135586,-0.3057156940496845,-1.8457193375131604,-6.20945336562895
WP_003758501,M,L,0.0,-3.991016020267124,-6.059901727566903,-6.303780748177103,-6.672425341971495,-6.056664595489575,-6.906890595608519
WP_003762131,M,F,0.0,0.2537501267045208,0.3746324738798616,0.2906565018915374,-1.2889346003935742,-3.74207816641936,-8.005624549193879
WP_003769360,M,L,0.0,0.0,0.0,0.0,0.0,0.0,0.0
WP_003770175,M,F,0.0,-2.0,-2.0,-0.7613385787830742,-0.9892322988961646,-2.0,-2.0
WP_003773894,M,L,0.0,0.2928176177705612,0.3416347652279947,0.2007118638018017,-1.913867128302603,-3.6739699297404176,-8.111114440567764
WP_003776922,L,L,0.0,0.0,0.0,0.0,0.0,0.0,0.0
WP_003779699,M,F,0.0,0.3479522274167639,0.757341113955107,0.8710899842075444,0.7945536903075423,-0.9209700430415872,-6.956940708173514
WP_003781984,M,F,0.0,0.0963018358053258,-0.9173933261424864,-0.9220352840265778,-1.6776659644763892,-2.2279167365210286,-4.165458439057309
WP_003785622,I,F,0.0,0.0,0.0,0.0,0.0,0.0,0.0
WP_003795223,I,F,0.0,0.2504342974271392,0.4507283470743237,0.353486701360862,-0.7746194615364059,-2.0225457980311368,-7.933542823308418
WP_003803908,L,L,0.0,-0.3640595023944835,-1.4553159673059444,-1.584962500721156,-2.1011380679395724,-1.634616522047465,-2.321928094887362
WP_003862388,M,L,0.0,0.0,0.0,0.0,0.0,0.0,0.0
WP_003863886,M,L,0.0,0.2884783773303381,0.999121377536964,1.2786602020282132,2.27265014098674,1.9954672284655743,-2.744687904612785
WP_003924348,L,L,0.0,0.0,0.0,-0.5,-0.5,0.0,-1.0
WP_003937743,I,M,0.0,0.0,0.0,0.0,0.0,0.0,0.0
WP_003946393,I,M,0.0,0.0,0.0,0.0,0.0,0.0,0.0
WP_004025489,I,L,0.0,0.0724181360874502,-0.4887852506047982,-0.7598561196368383,-2.579578650169238,-2.6197380958006624,-3.5221970596792267
WP_004025610,L,L,0.0,-0.0946960062146473,-0.6195466447993049,-0.2537547880175401,-0.5,-1.1298258088267146,-1.292481250360578
WP_004026355,L,L,0.0,0.0,0.0,0.0,0.0,0.0,0.0
WP_004028614,L,L,0.0,-0.3641701446391039,-1.767535825820044,-2.5887777936718344,-5.191043357628908,-4.4008086221914775,-6.258232290399386
WP_004043660,L,K,0.0,0.0,0.0,0.0,0.0,0.0,0.0
WP_004045007,L,L,0.0,0.0,0.0,0.0,-1.0,-1.0,-2.0
WP_004047871,L,L,0.0,-0.8734159056498092,-3.249975281675046,-3.321928094887362,-4.039179780386103,-3.3272568454400844,-4.247927513443585
WP_004057195,L,K,0.0,-0.008218363063678,-0.0666939362092911,-0.3616785097456563,-0.7853116756203962,-1.5387451060611137,-2.0
WP_004064107,L,L,0.0,0.0,0.0,0.0,0.0,0.0,0.0
WP_004079202,M,M,0.0,0.2007358409563822,0.9673458554996468,0.6998725622009654,1.4701760011700309,1.440514783679463,-1.9377803352712024
WP_004085867,L,L,0.0,0.0,0.0,0.0,0.0,0.0,0.0
WP_004104442,I,K,0.0,0.0,0.0,0.0,0.0,0.0,0.0
WP_004115905,M,L,0.0,0.7044948215461537,1.1803163688267388,1.3663553995010216,2.2419798079750497,2.645883580537736,-0.561104831813589
WP_004138800,M,L,0.0,-0.1955397436882986,-2.5002780263799647,-3.757185797465419,-7.906890595608519,-6.563364505517087,-9.169925001442312
WP_004164229,I,L,0.0,0.0,0.0,0.0,0.7147026313097529,0.1753384570203757,0.0
WP_004165921,I,M,0.0,0.3674545613696942,0.627358732337397,0.7757291798371755,1.606370165372181,2.479119970442868,-0.1992907560328696
WP_004166957,M,M,0.0,0.391838433807762,0.9959619677600492,1.3003390355963873,2.147904137514045,1.427634317553368,-4.754887502163468
WP_004177012,L,L,0.0,0.0,0.0,0.0,0.0,0.0,0.0
WP_004182957,M,L,0.0,0.2890272296443097,0.4550522613536349,0.3789578094064412,-1.8663901989818064,-3.8740174284249305,-7.950687921809211
WP_004187031,M,L,0.0,0.3849187625617976,0.9912413654853092,1.3217684837830683,2.5441376100949817,0.0060309576182842,-7.741451234907649
WP_004212367,L,L,0.0,-0.2416495767767967,-1.9459897524656449,-2.1615974985752606,-3.664541150890394,-3.321928094887362,-3.906890595608519
WP_004223430,L,M,0.0,0.0,0.0,0.0,0.0,0.0,0.0
WP_004232047,L,L,0.0,0.309831835992103,0.7053560290370182,0.7817696687744764,-0.5098055845546288,-3.340724212456456,-9.16546476173746
WP_004245545,M,L,0.0,-2.39189339004271,-4.128693921346326,-4.084799651819604,-4.614409345247941,-4.279299230469922,-4.779210356634332
WP_004252176,L,L,0.0,0.3450252588600762,0.9653179830312676,1.2866238269650108,2.2138474997728377,0.8082728847710947,-5.390585723361055
WP_004262326,L,L,0.0,0.1518346012766027,-0.2001295610292892,-0.5309404561026128,-4.624039710466484,-5.431771730574987,-8.344295907915816
WP_004270296,L,L,0.0,0.0,0.0,0.0,0.0,0.0,0.0
WP_004286630,L,L,0.0,-0.382392493701889,-2.049668829909365,-3.110540146706913,-6.792301343188728,-6.257902257522678,-8.811493445639933
WP_004288595,L,L,0.0,0.3195227747924569,0.5831935614738732,0.5711515353807375,-0.6589572093860667,-2.688557002298099,-8.43113467526851
WP_004297954,L,L,0.0,0.425391187667282,0.5892745732085931,0.6711121087178018,-1.488064497951946,-4.0279152484180125,-8.118941072723507
WP_004311692,L,L,0.0,0.3326669826424808,0.7309820352340619,0.829838082009891,0.2876008084869195,-1.4597328992826988,-7.674775107061898
WP_004315768,L,L,0.0,0.2673775661853845,0.3175526065869514,0.1245424426693908,-2.7392807355232485,-4.762596703413212,-8.330916878114618
WP_004321824,L,L,0.0,0.31252955743612,0.7900100082190509,0.8334983169308385,0.3459862625398546,-2.183869357895152,-6.624630813299921
WP_004336126,L,L,0.0,0.3461333532573518,0.7817449449238119,0.8131871981668937,0.021429240963311,-1.7840762881311845,-7.141853077159198
WP_004354535,M,L,0.0,0.0589449631556657,-0.6397755124766871,-1.1973936161527077,-5.2327007776222185,-5.247927513443585,-8.696967526234287
WP_004357589,M,L,0.0,-0.122071102377111,-1.086937468796831,-1.8271327167370264,-5.858046023213362,-4.967410685618432,-7.115748111228146
WP_004359715,V,L,0.0,0.3356378482318956,0.4769350161294055,0.5738821407025885,-1.2886240456033562,-3.469883492804719,-7.484319511361248
WP_004362212,M,L,0.0,0.2315721302668212,0.5729135396014953,0.5442283766196656,-1.155338621702262,-3.4317049478241684,-6.597205679952556
WP_004366090,M,L,0.0,0.3598151980378556,0.6140948860167281,1.2361911802356582,1.09395156220193,-0.8395494332479911,-5.832890014164741
WP_004368566,L,L,0.0,0.2632257923301706,0.2461089370917175,0.1363809335758867,-1.8269952698935503,-3.848450107290142,-8.269646466069247
WP_004371455,L,L,0.0,0.0,0.0,-0.4627012516078337,-2.321928094887362,-2.321928094887362,-2.321928094887362
WP_004375525,L,L,0.0,-0.4922301913121591,-2.343146902917932,-4.536217799368939,-5.928990497563786,-5.129283016944966,-6.00152005754202
WP_004382106,M,L,0.0,0.0508015159726955,-0.7685053123736489,-1.3209190608764594,-4.979432011470341,-4.902441204323754,-6.807354922057604
WP_004386239,M,L,0.0,0.0,0.0,0.0,0.0,0.0,0.0
WP_004392428,M,L,0.0,0.0,0.0,0.0,0.0,0.0,0.0
WP_004396075,M,F,0.0,-1.957503687315545,-6.208908125570321,-7.076459288068311,-7.424287020657141,-6.71616325330108,-7.424287020657141
WP_004435037,L,L,0.0,-2.1796585069358034,-2.660964047443681,-2.8714045854002843,-3.035670638796094,-2.3595416181453635,-3.2297158093186487
WP_004437119,L,L,0.0,0.0,0.0,0.0,0.0,0.0,0.0
WP_004442738,M,L,0.0,0.3705879601669188,0.9999009583131268,1.3079957377125178,2.4346846546180174,2.3865890380741845,-1.1426484542323043
WP_004443350,L,L,0.0,0.2819140814082037,-0.3320824845697148,-0.5146226033586263,-3.728329302845856,-4.4409629902814585,-5.616809838379851
WP_004456775,M,L,0.0,0.2208912442492954,-0.0126833734638425,-0.4203817787226382,-2.787021494553605,-3.919862654544452,-7.027895407282952
WP_004467510,M,F,0.0,0.437427196377806,0.8640656007047847,1.0061511164774126,0.5371311226681383,-0.5263955908905613,-5.882742352635974
WP_004547470,L,L,0.0,-5.619020916773643,-6.560193934389201,-6.321477111740166,-6.906439612461322,-5.98951378661827,-7.060442921393895
WP_004561476,L,M,0.0,0.0,0.0,0.0,0.0,0.0,0.0
WP_004570408,L,L,0.0,0.0,-0.0549708975894658,-0.4097726200227725,-1.0,-0.3760896645272502,-1.0
WP_004585598,L,L,0.0,0.3027596504675447,0.8837099755420024,1.2023980972846695,1.941365762448477,0.7460890527081432,-4.593202385581448
WP_004603017,L,M,0.0,0.0772004196789328,-0.659079066530845,-1.1982524030770438,-4.620021624031805,-5.1509716443259554,-9.594694790215517
WP_004614090,L,M,0.0,0.0348358981320693,-0.7083531661590889,-1.2934297250240174,-4.912835559138708,-5.100769920769732,-8.717676423066395
WP_004617034,M,F,0.0,-0.122080896636334,0.7283205462353624,0.7154390480273287,1.8277545246851303,2.3468376722728115,0.5846252055636283
WP_004629118,L,L,0.0,-3.423289638448259,-5.90929108874043,-5.90929108874043,-5.90929108874043,-5.119738095800662,-5.90929108874043
WP_004632046,I,M,0.0,0.1675533316315083,-0.6599929992824403,-1.0336235906047104,-3.6123538876233217,-3.147716621086955,-4.357122758833062
WP_004636328,L,L,0.0,-1.584962500721156,-1.584962500721156,-1.5632625413424983,-2.0,-1.584962500721156,-2.0
WP_004637828,L,L,0.0,-0.5899841761700451,-3.1879205895518883,-3.7377920482245983,-4.864967045766139,-3.825984520216095,-5.033441729751491
WP_004647417,L,L,0.0,-0.1536581028578529,-2.463117212611236,-3.2849005348400877,-4.906890595608519,-4.523561956057013,-5.357552004618084
WP_004658932,L,L,0.0,-0.4016280905861773,-2.9533658582528384,-3.848801420033413,-5.20945336562895,-5.087462841250339,-5.672425341971495
WP_004668576,L,L,0.0,0.0,0.0,0.0,0.0,0.0,0.0
WP_004680534,L,L,0.0,-0.537118395915178,-2.0,-2.321928094887362,-2.321928094887362,-2.321928094887362,-2.321928094887362
WP_004696896,L,L,0.0,0.3650651582476354,-0.3854635530911472,-1.545832052429585,-5.388519862730796,-5.478544374755046,-7.6975662191929075
WP_004698840,L,L,0.0,-2.412243923124766,-3.0913012124511745,-3.406107835484917,-3.5540287409396814,-4.353679566040441,-4.353679566040441
WP_004702785,M,L,0.0,0.0,0.0,-0.5,-0.5,-0.5,-0.5
WP_004721562,M,L,0.0,-2.043991415892945,-2.807354922057604,-3.321928094887362,-3.0,-3.0,-3.4594316186372973
WP_004726482,L,L,0.0,0.2794192260079375,0.3903548203779499,0.2976616622921515,-2.218681698159798,-3.75622411669308,-8.51672644960221
WP_004729503,L,L,0.0,0.0,0.0,0.0,0.0,0.0,0.0
WP_004742552,M,F,0.0,-0.5519587200573619,-2.554068030662598,-3.2452574637850464,-4.247927513443585,-3.971022523619856,-4.672147953957908
WP_004753875,L,L,0.0,0.114317972828259,-0.8917324437285428,-0.3646728973227837,-2.3019710715056867,-2.2762166834406377,-2.807354922057604
WP_004756163,L,L,0.0,0.0,0.0,0.0,0.0,0.0,0.0
WP_004762151,L,L,0.0,-0.0190232096718068,-1.3819721090846202,-2.2245162077127887,-6.34187807418958,-5.537262215900395,-6.948355407863057
WP_004774297,L,L,0.0,-0.4613464912189045,-2.807354922057604,-3.1789082856072426,-3.807354922057604,-4.321928094887363,-5.169925001442312
WP_004794794,L,L,0.0,-0.4707920720048086,-2.825549181377016,-3.677714142578684,-6.303780748177103,-5.357552004618084,-6.7149276412691
WP_004797168,L,L,0.0,0.0,0.0,0.0,0.0,0.0,0.0
WP_004799309,L,L,0.0,-3.2639092738879247,-4.523561956057013,-4.523561956057013,-4.857980995127572,-4.190566591120378,-5.20945336562895
WP_004800116,L,L,0.0,0.0,0.0,0.0,0.0,0.0,0.0
WP_004807669,M,F,0.0,0.5183677034994032,-0.4940718751010857,-0.4627012516078337,-2.807354922057604,-2.807354922057604,-2.807354922057604
WP_004813248,L,L,0.0,0.0,-1.6991267745441263,-2.197946295873618,-3.584962500721156,-3.321928094887362,-3.807354922057604
WP_004817960,L,L,0.0,0.2595820901861247,0.4243660050642699,0.4399193083467207,-0.2941609910534422,-0.9724433107986564,-5.288819394154535
WP_004818861,L,L,0.0,0.1963247482598298,0.264923552801898,0.1023506900294819,-2.889198715231153,-4.282289270257269,-8.46352437327118
WP_004821027,M,L,0.0,0.0448480633044015,0.0,0.0,-0.1529032656146052,-0.5,-1.0
WP_004826920,M,L,0.0,0.0,-1.0,-1.584962500721156,-2.584962500721156,-2.4490745088047907,-2.807354922057604
WP_004830208,L,L,0.0,0.2353318477498325,0.1540813994999208,-0.0748467686025327,-3.51050353016771,-4.614403976166463,-8.998584226232957
WP_004832905,L,M,0.0,0.0656775735492867,-0.6266773688000615,-1.7844736313252416,-4.425874520708029,-4.395867864894175,-4.954196310386875
WP_004834671,M,L,0.0,0.1405148082794109,-1.792568452792021,-2.61398819051181,-5.436824664343716,-7.715800652301425,-8.778077129535358
WP_004836669,M,L,0.0,0.0480602660614177,-0.7460980675133486,-1.3358068137955188,-4.525173058645001,-4.727744173095103,-7.366322214245816
WP_004838134,L,L,0.0,-0.101722391064432,-1.373942285181597,-2.0548191254012647,-4.848519139297828,-4.990088599335401,-7.333832988488543
WP_004846132,L,M,0.0,-0.0221215719623346,-0.5748542349991084,-1.4026530371461288,-3.660881949012868,-3.69013760061089,-5.129283016944966
WP_004852952,L,Q,0.0,0.1704074984875481,0.3010688668578236,0.2102529868070526,-0.8661664465865035,-1.950274599844464,-6.247927513443585
WP_004855114,L,L,0.0,0.1574552369731021,-0.2534803180506988,-0.7380240172678048,-4.875123782490844,-5.273307411652722,-8.57169160699491
WP_004855820,M,L,0.0,-2.2848311098010514,-3.902718718958943,-4.806224185556258,-5.978551020781143,-4.626945588161785,-5.978551020781143
WP_004876733,L,L,0.0,0.0,0.0,0.0,0.0,0.0,0.0
WP_004890475,L,L,0.0,-5.417516216911251,-6.415223059783171,-7.022367813028454,-7.409390936137702,-6.20945336562895,-7.409390936137702
WP_004895238,L,L,0.0,0.0,0.0,0.0,0.0,0.0,0.0
WP_004897156,L,L,0.0,0.0,0.0,0.0,0.0,0.0,0.0
WP_004903240,L,L,0.0,-0.3767011601467813,-1.0201392340135504,-1.9534452978042596,-1.9534452978042596,-1.9534452978042596,-1.9534452978042596
WP_004907189,L,L,0.0,0.3110241220109673,0.6609342237347677,0.6685511225901566,0.6301950465478514,0.0032457425711811,-4.322789778318357
WP_004908621,M,L,0.0,0.0,0.0,0.0,0.0,0.0,0.0
WP_004916485,L,L,0.0,-0.3532387031298336,-2.247132559503483,-3.298894663189305,-6.754887502163468,-6.016139354574829,-8.090392764532915
WP_004918315,L,L,0.0,-0.7055064913404845,-3.125523931560849,-4.259402299273664,-8.134426320220927,-5.930737337562887,-8.134426320220927
WP_004920127,L,L,0.0,-0.3263289503517574,-2.1112826451603426,-3.220589343322809,-6.925854981941297,-6.583328937692448,-8.846743478749662
WP_004955442,M,L,0.0,-2.922593221674189,-4.523561956057013,-5.087462841250339,-5.614709844115208,-5.333829965382013,-5.857980995127572
WP_004957782,L,L,0.0,-0.3823001904741216,-1.6252022169931988,-2.920429722194846,-6.553226309360845,-6.512520034999052,-7.877365475619616
WP_004958883,L,L,0.0,0.0,0.0,0.0,0.0,0.0,0.0
WP_004968047,L,K,0.0,0.0,0.0,0.0,0.0,0.0,0.0
WP_004974792,L,L,0.0,-0.3288481095418074,-1.9858592153673875,-2.8623750730947792,-7.196794346882454,-6.066089190457772,-8.409390936137703
WP_004979012,L,L,0.0,-0.2683936814346959,-3.2768738134716084,-3.586083667113116,-4.919969636459051,-4.263322933555693,-5.930737337562887
WP_004993976,L,L,0.0,-0.1620280840375354,-1.4867241437184768,-2.432170448099836,-6.569034836382577,-6.156086504678941,-8.57742882803575
WP_004994850,L,L,0.0,0.0,0.0,0.0,0.0,0.0,0.0
WP_004996932,M,F,0.0,0.0,0.0,0.0,0.0,0.0,0.0
WP_005015479,L,L,0.0,0.1739433529468286,0.6022849007051354,0.5798592407613645,-3.181975564915323,-4.4285131863224745,-8.59245703726808
WP_005023315,L,L,0.0,0.0,-1.232001235727402,-1.3463010795042305,-1.7965872209537688,-1.584962500721156,-2.0
WP_005033778,L,L,0.0,0.3069321214395879,0.3927468957851303,0.2232107121668707,-2.544598870140085,-3.934999434135389,-8.296860301436446
WP_005051336,L,L,0.0,0.0,-0.3211234110364462,-0.6201544151356928,-1.584962500721156,-0.0071137844809308,-1.1613051092451694
WP_005061314,L,L,0.0,0.0,0.0,0.0,0.0,0.0,0.0
WP_005083623,L,L,0.0,0.0,0.0,0.0,0.0,0.0,0.0
WP_005095538,L,L,0.0,0.0783889932219459,-1.2631917383967264,-2.05226455112648,-5.245926548164837,-4.129825808826714,-5.482892142331044
WP_005148739,I,L,0.0,0.0,0.0,-0.0320363813103128,-1.0,-1.0,-1.0
WP_005155171,L,L,0.0,-0.6038787998754716,-2.51890722505874,-3.2020322786381152,-3.8571227588330617,-3.584962500721156,-4.0
WP_005162425,L,L,0.0,-0.4743759798571378,-2.731246846962556,-3.7273146926818335,-6.145668035063297,-5.601475157788105,-7.294591483519676
WP_005166996,M,L,0.0,-2.4011005763626816,-5.535348274550142,-5.584962500721156,-6.357552004618084,-5.584962500721156,-6.569855608330948
WP_005172777,L,L,0.0,0.0,0.0,0.0,0.0,0.0,0.0
WP_005180205,L,L,0.0,-1.091341523554421,-1.0,-0.7725548064149121,-1.584962500721156,-1.584962500721156,-1.584962500721156
WP_005195010,L,L,0.0,-0.2590571112231268,-1.0308763781727808,-1.584962500721156,-2.160964047443681,-2.160964047443681,-2.160964047443681
WP_005197432,I,M,0.0,0.0,0.6834593215277751,1.4047018849114754,1.293739563776512,1.1102317339751837,-0.8634887626852472
WP_005200258,L,L,0.0,0.0,0.0,0.0,0.0,0.0,0.0
WP_005210232,L,L,0.0,0.0,0.0,0.0,0.0,0.0,0.0
WP_005210368,L,L,0.0,0.0,0.0,0.0,0.0,0.0,0.0
WP_005220873,L,L,0.0,0.0,0.0,0.0,-1.0,-0.937723522766067,-1.0
WP_005222856,L,L,0.0,0.0,0.0,0.0,0.0,0.0,0.0
WP_005229592,L,L,0.0,-0.3151931629378719,0.0039881297213288,-1.0067814529593533,-2.350219859070546,-1.8190816204535796,-2.350219859070546
WP_005236875,L,L,0.0,0.0,0.0,0.0,0.0,0.0,0.0
WP_005239838,L,L,0.0,0.0201389215267702,-1.584962500721156,-3.4594316186372973,-3.4594316186372973,-3.4594316186372973,-3.4594316186372973
WP_005251635,I,M,0.0,0.0,0.0,0.0,0.0,0.0,0.0
WP_005254207,I,M,0.0,0.0,0.0,-1.584962500721156,-0.5741947996173207,0.0,-0.322610218490339
WP_005255307,L,L,0.0,-0.626849442171505,-3.0213278159099426,-3.4594316186372973,-3.906890595608519,-3.69615871138938,-4.357122758833062
WP_005261760,L,L,0.0,0.5448480633044015,0.0,0.0,0.0,0.0,0.0
WP_005267485,L,L,0.0,0.0,-1.0,-1.0067814529593535,-1.584962500721156,-1.584962500721156,-1.584962500721156
WP_005280603,L,L,0.0,0.0,0.0,0.0,0.0,0.0,0.0
WP_005291404,M,L,0.0,0.13579399295774,-0.2986768378993409,-0.8981923154996112,-3.8021552791479536,-2.988639961749958,-4.632073478452874
WP_005315240,L,L,0.0,0.0,0.0,0.0,0.0,0.0,0.0
WP_005346156,L,M,0.0,0.2296909263978923,-0.6475342330297593,-0.4928876277816734,-3.440344249586542,-3.4594316186372973,-3.4594316186372973
WP_005357877,L,L,0.0,0.0700533922653479,0.6484349354272965,0.6710842368248358,1.5943565579799586,0.7507971302618213,-3.4594316186372973
WP_005364041,L,M,0.0,0.0,-0.8915862978041975,-1.5590194408935267,-5.313383563336325,-5.308271020343193,-7.539158811108031
WP_005369321,M,L,0.0,-0.2657615927736887,-1.7911535054144103,-2.784629346495196,-5.022197059679227,-4.643856189774724,-5.539075403867326
WP_005369895,M,F,0.0,-0.2298912276968892,-2.287481588099433,-3.583382996490874,-7.430796966656493,-6.417570473768178,-8.49076134376218
WP_005379345,L,L,0.0,0.0179026839925846,-0.747612114460317,-1.4352022496263288,-5.4808599603648025,-5.220448165964271,-8.388961850081088
WP_005379666,M,F,0.0,0.0468971938883306,-1.6554619251146925,-3.029407185865331,-8.313412845514906,-6.411656369277912,-9.324180546618742
WP_005382259,L,L,0.0,-0.1095800697183282,-1.873317916710365,-2.606133786302628,-4.554262228389085,-4.247927513443585,-5.169368191286958
WP_005385658,L,L,0.0,0.050844933322832,-0.6607727397129395,-1.4632828647280205,-3.986966995711023,-4.091904516819858,-5.740899715832876
WP_005392293,M,F,0.0,-0.2446210671824609,-1.9257135554596212,-3.0152462158633107,-6.9333094278352485,-6.233452403973555,-8.353146825498083
WP_005395774,M,L,0.0,-0.4250060242655129,-1.584962500721156,-1.316585956515144,-1.584962500721156,-1.584962500721156,-1.9534452978042591
WP_005398549,M,L,0.0,-0.5576142530123418,-2.70526782375123,-3.7933084552883622,-7.672197236276149,-6.6765249926517045,-9.461234130729888
WP_005400837,L,L,0.0,2.153488275314956,1.3132830469565184,0.2386614212169258,-1.0,0.062276477233933,-1.0
WP_005427260,L,M,0.0,0.297025818194923,0.554451983769654,0.5894360542215829,-0.7001430481463995,-1.960553107506372,-7.185207886248964
WP_005430428,M,F,0.0,-0.0300211945769044,-0.9250978708554936,-1.6712585641233089,-6.594976736486535,-5.914632343858165,-7.968663919306429
WP_005433217,M,F,0.0,0.1231757541982228,0.0239476264418216,0.1573808326474006,-2.867405033854533,-4.036019911218225,-7.23601990427354
WP_005437380,M,F,0.0,-0.7293214364800646,-2.833950399500673,-2.7918104085145576,-6.1791258667324565,-7.986837473662292,-7.986837473662292
WP_005450473,M,F,0.0,0.0277529220075063,-0.6970222280616376,-1.4176419119657204,-5.842873849285986,-5.4378406400670105,-8.098032082960527
WP_005468577,L,L,0.0,-0.0613969995017269,-1.425619610156656,-2.0486100484415912,-4.937446993649277,-4.522302517151505,-5.426264754702098
WP_005488479,I,L,0.0,0.0,-0.2538741918723626,-0.8873540899021379,-1.5141362778501508,-1.203822896656464,-1.584962500721156
WP_005490994,M,L,0.0,0.0,0.0,0.0,0.0,0.0,0.0
WP_005496975,M,F,0.0,-0.2628896379814023,-1.8810435567448405,-2.7782126229972217,-7.451038926249812,-6.660609444155668,-10.90976265030232
WP_005504083,M,F,0.0,0.4277781191693748,-1.0792154396490945,-1.7506162514867132,-5.528103397164935,-5.268048514129229,-8.546894459887637
WP_005514888,I,M,0.0,0.0752502654472078,0.2335334994658486,-0.2664423984011419,-0.2857662598459658,-0.482194880810594,-5.554588851677638
WP_005532998,I,L,0.0,-0.1946891131859747,-1.2964097455279395,-1.2821440787631244,-0.9282836697459816,-0.4443483434390014,-1.59853966820324
WP_005538969,L,K,0.0,0.0,0.0,0.0,0.0,0.0,0.0
WP_005544483,M,L,0.0,-3.0,-3.0,-3.076828000780917,-3.240817617402062,-4.282111013299319,-4.425874520708029
WP_005549928,M,M,0.0,-1.8120578879637592,-5.164370877540951,-6.249437432080659,-7.749327060863576,-6.558829798582053,-7.921469779642567
WP_005555536,M,L,0.0,0.0,0.0,0.0,0.0,0.0,0.0
WP_005558437,M,L,0.0,-2.307396929049613,-5.423795677829656,-6.40771683423488,-8.167415964059,-7.185131857500155,-9.42080981352514
WP_005562395,I,M,0.0,0.5448480633044015,0.0,0.0,0.0,2.219021844437861,0.0
WP_005576873,M,L,0.0,-0.5,-0.5,-0.5,-0.5,-0.5,-0.5
WP_005577110,M,L,0.0,0.0,0.0,0.0,0.0,0.0,0.0
WP_005581834,L,L,0.0,-1.584962500721156,-1.584962500721156,-1.584962500721156,-1.584962500721156,-1.584962500721156,-1.584962500721156
WP_005593154,M,F,0.0,-0.2473433193003065,-2.1972667393463823,-3.334044292189151,-5.965738116943395,-5.400859307911199,-6.643784051415702
WP_005605215,L,L,0.0,-0.2557034817201407,-2.15527363987403,-3.0563320622752888,-6.277742511198866,-5.730081246422776,-7.982396045357856
WP_005612722,L,M,0.0,0.2400181264522043,0.166654318001024,-0.0756851281788169,-2.284025464873197,-3.4080989405262505,-8.467138705894161
WP_005622496,M,L,0.0,-3.410011409850888,-7.120194140098995,-7.497329330756948,-8.510370690703443,-7.674491651461224,-8.686208117515447
WP_005632134,I,L,0.0,0.0,-0.2915840224162505,-0.876482724050859,-2.054831844578513,-2.321928094887362,-3.0
WP_005635192,M,L,0.0,-5.075156810725176,-7.386578272836278,-7.442943495848728,-8.294620748891626,-6.906890595608519,-8.434628227636725
WP_005640098,I,L,0.0,-0.3347473486773342,-0.8645899427917598,-1.3412101668031138,-6.801768954415145,-6.534275548424908,-9.221587121264806
WP_005647059,M,L,0.0,-2.15047927177356,-5.111823611184448,-6.280477148116966,-8.212875655312928,-7.091884467434127,-9.661778097771988
WP_005648179,L,M,0.0,0.2412055006363234,0.2324085724804394,0.0005768828852739,-1.800886279960833,-2.6823224848229863,-5.98756572846067
WP_005686414,L,L,0.0,0.0,0.0,0.0,0.0,0.0,0.0
WP_005689288,L,L,0.0,0.0,0.0,0.0,0.0,0.0,0.0
WP_005701333,M,L,0.0,-3.321928094887362,-3.584962500721156,-3.584962500721156,-3.847213294023737,-3.584962500721156,-3.906890595608519
WP_005707354,M,L,0.0,-5.077673020472523,-7.558564381893839,-6.6293566200796095,-8.774787059601174,-7.854019916056324,-8.774787059601174
WP_005708598,M,L,0.0,-2.0516425563368834,-4.930104519081024,-6.102405738862133,-7.991622485609573,-6.574940874889451,-8.571203128911833
WP_005720293,L,L,0.0,0.0,0.0,0.0,0.0,0.0,0.0
WP_005722894,L,L,0.0,0.0,0.0,0.0,0.0,0.0,0.0
WP_005724625,L,L,0.0,-2.0,-2.0,-2.0,-2.0,-2.0,-2.0
WP_005742812,L,L,0.0,-0.6145375804298832,-2.794658638029275,-3.9027029958168384,-5.941321524680921,-5.200233211690708,-6.1598948497139805
WP_005752358,M,L,0.0,-4.012789850797732,-6.753520659589767,-7.824906396276555,-10.477309335397322,-8.184453549337455,-11.27696016049808
WP_005758378,M,L,0.0,-4.0,-6.840900625685347,-7.049862327151935,-7.962893108365083,-7.090206924279238,-8.197214599629305
WP_005765106,M,L,0.0,-4.762288684112946,-7.092747462105432,-7.188143662190125,-7.632451077273011,-6.776226109893684,-7.810138555272774
WP_005773221,M,L,0.0,-0.5107022244249144,-2.8689622019313514,-3.6553451307954807,-6.149747119504682,-5.523561956057013,-7.383704292474052
WP_005781249,L,Q,0.0,0.7033594732901238,2.3594694887578016,1.2386614212169258,1.2502269947138611,2.044647023921444,1.9989766936138027
WP_005790642,L,L,0.0,0.1420301845263489,0.2686791079453412,0.3030760405761104,-1.378361298960074,-2.868508743342112,-7.415635801253283
WP_005796665,M,M,0.0,0.4127759616969344,0.0834595921840737,-0.126844732075317,-4.033363906438751,-4.739364834496275,-7.31734881314586
WP_005797943,L,L,0.0,0.2631249526327752,-0.036224001637461,-0.3530512827858758,-3.689396211264372,-4.110866033509462,-5.247427792245599
WP_005806818,L,L,0.0,0.0,0.0,0.0,0.0,0.0,0.0
WP_005808285,L,L,0.0,0.0,0.0,0.0,0.0,0.0,0.0
WP_005817400,L,L,0.0,0.0,0.0,0.0,0.0,-1.0,-1.0
WP_005823311,M,L,0.0,-4.171155108336499,-6.461683056274654,-6.918863237274595,-7.584962500721156,-6.6293566200796095,-7.876516946564999
WP_005827102,L,L,0.0,0.0,-0.703072428340759,-1.2860867527331776,-4.397333179096387,-4.101648889549363,-5.189689183535631
WP_005831629,M,L,0.0,0.3115688471827793,0.7701110940528393,0.928492103779524,1.113114665966899,-0.46183535767058,-6.803183292537357
WP_005838503,L,L,0.0,0.0627552547418588,-0.6095552601713816,-1.1749952190214978,-4.817771431132887,-5.18131888471068,-8.918775626175115
WP_005845866,L,L,0.0,0.3025742377347082,0.6002963595349726,0.626137548694345,-1.2119795773726896,-3.760492381400997,-9.108524456778168
WP_005858889,L,M,0.0,0.0251639700429251,-0.4097608608661049,-0.9098792866265936,-4.412752735472941,-4.756059478784838,-7.995872209159411
WP_005878541,L,L,0.0,0.0,0.0,0.0,0.0,0.0,0.0
WP_005917048,I,M,0.0,0.1557976241146952,0.5074861880754815,0.5367530884120244,1.1011064889474182,1.7787715273946336,-1.986001722300516
WP_005921080,L,L,0.0,0.3529535447030589,0.9194490213170976,1.2400129541281115,1.320960782116254,0.7150033524557236,-3.285777844237049
WP_005933374,L,L,0.0,0.2530361611660723,0.1452766756680485,-0.0320703625301064,-3.1585311666165703,-4.65029208467818,-7.918863237274595
WP_005935635,L,L,0.0,0.2727607840356238,0.737855152217266,0.7741408003142052,-0.2888060618502823,-2.781176533378966,-9.262873075149976
WP_005946395,L,M,0.0,-0.435684712177848,-1.808512969856332,-2.34897113198962,-3.5221970596792267,-3.7869411887155433,-4.0
WP_005956098,Q,L,0.0,0.4727480580704766,0.8149257613447745,0.8675746830821076,1.5907245453459002,1.1658275251850805,-2.992789426886433
WP_005958646,M,L,0.0,0.0,0.0,0.0,0.0,0.0,0.0
WP_005998635,L,L,0.0,0.1766753148938207,0.1686021994781299,0.0409183327060755,-2.3845032573988902,-3.610155844633684,-7.888743248898259
WP_006015200,L,F,0.0,0.0,0.0,0.0,0.0,0.0,0.0
WP_006036807,I,M,0.0,0.2558648241366885,0.0824589162546605,-0.2603061198966774,-3.0023738007759864,-4.098277940648678,-8.31741261376487
WP_006044971,M,L,0.0,0.2831758558425754,0.7252540592902132,0.705653809948668,-0.2523122518770417,-3.201349426818889,-7.956816238231345
WP_006052840,L,L,0.0,-4.028539628580848,-8.654636028527968,-8.654636028527968,-8.654636028527968,-8.654636028527968,-8.654636028527968
WP_006060602,M,L,0.0,0.0,-1.4542536370784598,-1.3498702244543417,-2.160964047443681,-1.4325412964765976,-2.160964047443681
WP_006074836,M,F,0.0,0.0,-1.584962500721156,-1.584962500721156,-1.584962500721156,-1.584962500721156,-1.584962500721156
WP_006085830,M,L,0.0,-2.580112035619643,-2.8278413358420664,-4.259257538830652,-4.146393530586343,-5.740899715832876,-5.740899715832876
WP_006145153,L,L,0.0,0.0530735539476463,-0.74657440855716,-1.3106765065895711,-6.845490050944375,-5.930436729883441,-8.668884984266247
WP_006148032,L,L,0.0,0.1109685659535468,-0.2553787968954797,-0.7446943458558373,-5.433048619510869,-5.330654993982257,-9.098032082960527
WP_006151574,L,L,0.0,0.5422998631351739,1.052542098410635,1.1414485972047057,1.4441938435058703,-0.6399087717074825,-8.6740234296292
WP_006154666,L,L,0.0,0.1145547712016412,0.0112145202741906,-0.2659450746797187,-4.459431618637297,-4.719267706591504,-8.038918989292302
WP_006158942,L,L,0.0,-2.6242651049084387,-5.834442492133124,-5.834442492133124,-6.389654486979949,-5.920023039763436,-6.389654486979949
WP_006204934,L,L,0.0,-0.5117093152504584,-2.453445297804259,-3.084962500721156,-3.39067985676233,-3.047024070342381,-3.5221970596792267
WP_006234016,M,M,0.0,1.1690051171385392,0.0772868045168682,0.4193313847565596,-4.0,-4.0,-4.0
WP_006256429,L,L,0.0,0.2866148739649707,0.5204037658229668,0.3543568778150008,-0.816902249109368,-2.521717230073063,-7.971244862341255
WP_006262857,L,F,0.0,0.2729247919882382,0.5555480577857388,0.5156673704922632,-0.4883773593456268,-1.7318120193013646,-7.076815597050831
WP_006266370,L,F,0.0,0.2507937283232038,0.1388683714844996,-0.0784325585745318,-2.31108534280368,-3.391764700786423,-7.247896291008866
WP_006277558,I,G,0.0,0.0,0.0,0.0,0.0,0.0,0.0
WP_006279286,L,L,0.0,0.0,0.0,0.0,0.0,0.0,0.0
WP_006286039,M,M,0.0,0.0,0.0,0.0,0.0,0.0,0.0
WP_006318421,L,L,0.0,-5.301095406115089,-6.540372073705874,-6.564305446094184,-7.136449733193833,-6.220592250370283,-7.276094379778575
WP_006352319,L,M,0.0,0.0,0.0,0.0,0.0,0.0,-1.0297879063282729
WP_006365071,I,M,0.0,0.1690930376760917,0.0689010233701221,-0.0418618216411572,-1.584962500721156,-1.9663757873481609,-3.0
WP_006371387,I,M,0.0,0.0,0.0,0.0,0.0,0.0,-1.0
WP_006391408,L,L,0.0,-1.0862944987274723,-3.534561381999984,-5.561082399750611,-9.287712379549449,-7.620297975542255,-9.287712379549449
WP_006427068,L,M,0.0,0.2392341519970617,0.2538794299405147,0.1330658098031847,-1.5665524927211147,-2.5583684208080584,-7.520662968351894
WP_006436433,I,M,0.0,-0.1076550964962894,-0.3094916078135341,0.0938441325258274,0.832208822512813,1.7062539078623846,-2.068438791291044
WP_006442028,L,M,0.0,0.1657896408028012,0.1341809061419603,0.0157813660490102,-2.1259575557055754,-3.626566447893154,-9.791162888555018
WP_006451480,L,L,0.0,0.2372528689485031,0.4552366102986402,0.3850917460009038,-1.412948325977263,-3.148632537090319,-8.420349919708457
WP_006460949,M,L,0.0,0.1505737694215856,-0.1608866367639887,-0.4982572005425245,-4.219124892875483,-4.975681263271326,-8.775643847304718
WP_006464375,L,L,0.0,0.0,-0.3687398230138214,-0.3463010795042303,-1.0,-1.0,-1.0
WP_006487461,T,K,0.0,-0.2848381759982095,0.9828881909264288,0.1206685566754384,0.734873806710999,-0.4790970333857864,-2.6609640474436813
WP_006493548,L,L,0.0,-5.983558612720547,-7.003115159001161,-7.212184951923896,-7.776347969894103,-7.100064898256916,-7.613429927432248
WP_006531276,L,L,0.0,0.2786314109436771,0.5880850882358519,0.6039953112341232,-1.475572763405025,-3.998644342296744,-9.127238370501868
WP_006565566,L,M,0.0,0.2406188217506581,0.9419359190410104,0.960790465336629,1.1046182382630132,0.649599311641305,-3.164644884225715
WP_006574879,L,L,0.0,0.0,0.0,0.0,0.0,0.0,0.0
WP_006578126,L,L,0.0,-3.720472039685705,-6.889440983604265,-7.062841326950723,-8.17352294013607,-6.856120847532559,-8.455379913793788
WP_006584844,L,L,0.0,0.1315350816479901,0.0773903641609079,0.0,-3.044612085953757,-3.802074824277264,-5.683128873169779
WP_006590259,M,L,0.0,0.0,0.0,-1.0,-1.0,-1.0,-1.0
WP_006596310,M,L,0.0,0.3661491416455558,0.9789550884785054,1.2543296480377375,2.109032057616377,0.2635432879661525,-6.9886846867721655
WP_006615032,I,M,0.0,0.0,0.0,0.0,0.0,0.0,0.0
WP_006636318,L,L,0.0,-0.952296579703563,-3.641335790425297,-4.643856189774724,-5.871247561095155,-5.266664866152917,-6.0
WP_006659205,M,L,0.0,0.0,0.8383880921639966,0.0,0.0,0.0,0.0
WP_006681821,M,F,0.0,0.0215243472399402,0.1948449591299557,0.5278016790308877,-0.2272645196857858,-2.2394172176968627,-5.04173966366592
WP_006688837,L,L,0.0,0.0,0.0,0.0,0.0,0.0,0.0
WP_006689329,L,L,0.0,0.0,0.0,0.0,0.0,0.0,0.0
WP_006701206,L,L,0.0,-1.1279456700743733,-2.7674993129415046,-6.083266673670437,-7.321928094887363,-7.321928094887363,-7.321928094887363
WP_006702473,L,W,0.0,0.3564964356641078,0.0703887041539523,-0.2080709990522375,-2.545710534411578,-3.435400669331653,-5.169925001442312
WP_006705009,M,L,0.0,-3.4594316186372973,-3.4594316186372973,-3.4594316186372973,-3.4594316186372973,-2.3971551414033643,-3.4594316186372973
WP_006709593,M,L,0.0,0.0,0.0,0.0,0.0,0.0,0.0
WP_006711975,M,F,0.0,-0.765343309073593,-3.541449784108866,-4.701199451852935,-6.827961766003364,-6.548955269945326,-8.271463027904375
WP_006716908,M,L,0.0,-5.436167067381287,-6.484682235368828,-6.5989154990060985,-6.8126261108734365,-6.199638962254484,-6.94636626630593
WP_006722715,M,M,0.0,0.2224998892489376,0.1603161870513587,0.0,-1.8746747880834456,-2.924538251400368,-4.392317422778761
WP_006731693,L,L,0.0,-0.605040876831114,-1.0,-1.584962500721156,-1.584962500721156,-1.454860659817887,-1.792481250360578
WP_006732882,L,L,0.0,0.0,0.0,0.0,0.0,0.0,0.0
WP_006735633,L,L,0.0,0.0,0.0,0.0,0.0,0.0,0.0
WP_006743443,L,L,0.0,0.0,0.0,-0.0584626394484129,-0.4902408742670205,0.0,-1.0
WP_006748036,L,L,0.0,0.0,0.0,0.0,0.0,0.0,0.0
WP_006770119,M,L,0.0,-0.2108775075898736,0.0,-0.1949044080484923,-1.5,-0.8996296984297838,-2.160964047443681
WP_006784524,L,L,0.0,-0.4962331035357703,-2.6127883261476104,-3.817654378585879,-7.24971421943037,-5.961497497286002,-8.268980390789036
WP_006790109,L,L,0.0,0.0,0.0,0.0,0.0,0.0,0.0
WP_006794536,M,L,0.0,-0.8033586864293589,-4.025343501263244,-5.0393082479216265,-6.129135788141426,-5.65922283647684,-6.499295214872664
WP_006806603,L,L,0.0,-0.6848341098981203,-2.62391194430084,-3.5240268866680617,-5.857980995127572,-4.954719805437872,-6.727920454563199
WP_006810145,M,L,0.0,0.0,0.0,0.0,0.0,0.0,0.0
WP_006814098,M,L,0.0,-5.432205025253219,-6.727420135576959,-6.485663051311888,-7.468088911288381,-6.021579108315467,-7.468088911288381
WP_006817099,M,L,0.0,-2.584962500721156,-2.584962500721156,-2.807354922057604,-2.807354922057604,-2.807354922057604,-2.807354922057604
WP_006831505,L,L,0.0,-2.996327717893996,-5.138013571108787,-5.523561956057013,-5.727920454563199,-5.087462841250339,-5.930737337562887
WP_006841094,M,L,0.0,0.0,0.0,0.0,0.0,0.0,0.0
WP_006866478,I,M,0.0,0.0,0.0,0.0,0.0,0.0,0.0
WP_006879870,M,F,0.0,0.0,0.0,0.0,0.0,0.0,0.0
WP_006891260,M,L,0.0,0.0047498001372456,-0.8248097378882857,-1.554392883658808,-5.532652416558625,-5.339757648298488,-7.04435271851932
WP_006896237,I,M,0.0,0.0,1.2162226777073346,0.3446536704497704,0.0,1.1072807806994107,-0.7376477177691829
WP_006907657,L,L,0.0,-1.0358781152484458,-3.725734448956168,-4.848221406073101,-7.643856189774724,-6.527342450415055,-8.159871336778389
WP_006915947,L,L,0.0,-0.3747170925840848,-0.7690849901411427,-1.176745167313367,-2.807354922057604,-2.807354922057604,-3.169925001442312
WP_006923903,M,L,0.0,0.0,0.0,0.0,0.0,0.0,0.0
WP_006933252,I,M,0.0,0.7767957002197043,1.3162214976461275,1.5094400687756195,3.020762286814344,3.761856206332999,3.1049457482275056
WP_006935896,M,L,0.0,0.0,0.0,0.0,0.0,0.0,0.0
WP_006940983,L,L,0.0,0.0,0.0,0.0,0.0,0.0,0.0
WP_006946351,M,F,0.0,0.0,0.0,0.0,0.0,0.0,0.0
WP_006948792,L,L,0.0,0.224633257524383,0.4286097215199866,0.3540141833374282,-1.1595259213134952,-3.025186364016406,-8.98547257173874
WP_006956699,M,L,0.0,0.2689994845848416,0.7002144838074689,0.8553555641306447,0.7114236832004046,0.128880402293217,-4.537397712463752
WP_006988228,L,F,0.0,0.3013700007040762,0.2162226777073346,0.0207093381819429,-1.4661024568659609,-2.447308070978227,-6.298863939072876
WP_006995561,M,L,0.0,-2.900112402634693,-6.756431816166129,-7.336584741328035,-8.601195546158836,-7.399418307009589,-9.08746284125034
WP_007007746,L,L,0.0,0.4210347991362164,0.4583270529190675,0.3310969375616093,-0.2051783060578271,-1.8497533388491776,-7.0467087821939804
WP_007021382,L,L,0.0,-3.186426556350853,-5.091785365215761,-5.087462841250339,-5.584962500721156,-4.9858633977002125,-5.906890595608519
WP_007070428,L,L,0.0,0.0,-0.0353998949162375,-0.094095872796333,-1.0,-1.0,-1.292481250360578
WP_007084769,L,L,0.0,-2.81227469552866,-3.584962500721156,-3.700439718141092,-3.753897320099348,-3.3769797153512595,-3.9534452978042594
WP_007106867,M,L,0.0,-3.169925001442312,-3.169925001442312,-3.169925001442312,-3.169925001442312,-3.169925001442312,-3.169925001442312
WP_007115148,L,L,0.0,-1.660964047443681,-1.9534452978042591,-1.834114587195796,-1.9534452978042591,-1.9534452978042591,-1.9534452978042591
WP_007119291,I,L,0.0,0.0,-1.9671073148415847,-2.8488014200334133,-4.857980995127572,-4.214647314187952,-5.129283016944966
WP_007121618,L,L,0.0,0.4686002701517826,-1.0906809868256242,-1.3996460517996383,-3.89067985676233,-3.6946823211728335,-3.89067985676233
WP_007123245,L,L,0.0,0.0,0.0,0.0,0.0,0.0,0.0
WP_007125473,L,L,0.0,0.1183969725689677,0.3529612649937546,0.2386614212169258,0.226119285000794,-0.5782601531275784,-3.0
WP_007130009,M,L,0.0,-0.0465608860104955,-1.405765092276833,-2.323126051243783,-6.152735045342542,-5.841062613345228,-8.731319031025064
WP_007134290,L,M,0.0,0.0,0.0,0.0,0.0,0.0,0.0
WP_007137258,L,F,0.0,0.0,0.0,0.0,1.0107677011038354,1.062276477233933,0.0
WP_007144234,L,L,0.0,-0.0151036640911783,-1.335978141774704,-1.9032738429938147,-6.044394119358453,-6.0,-6.044394119358453
WP_007155760,M,Q,0.0,0.1409535091974598,0.4579402661838534,0.8988565667335369,2.2054542021097303,4.29997275159112,6.78474284609273
WP_007165628,L,L,0.0,-0.3374094197997683,-0.0767456989831629,0.1938993812832836,-1.403677461028802,-1.403677461028802,-1.403677461028802
WP_007173507,L,M,0.0,-1.7743545131504512,-0.7837773222926654,0.387016204847538,-0.4536592021602175,-1.6122342904959075,-3.4594316186372973
WP_007190543,I,L,0.0,0.0,0.0,0.0,0.0,0.0,-1.0
WP_007200682,L,L,0.0,-2.322388037039249,-4.269332412228067,-4.574625329123703,-4.72766361015228,-4.402152770447527,-4.882435795368045
WP_007231246,L,L,0.0,0.2397395374037039,-0.1447503863775971,-0.6531006438923708,-4.272555998986952,-4.888863777946932,-8.407453928335661
WP_007262186,I,M,0.0,0.2569607621131933,-0.2562178845922163,0.2072713189085284,-4.087462841250339,-3.6240744934494,-4.087462841250339
WP_007277186,L,L,0.0,-0.0615546778651969,-1.2416707207003117,-1.7970102246417596,-6.081337606948985,-5.918785619206945,-7.6653184123616445
WP_007302111,L,F,0.0,-1.403677461028802,-1.403677461028802,-1.403677461028802,-1.403677461028802,-1.403677461028802,-1.403677461028802
WP_007321376,I,M,0.0,-1.7262132091315443,-1.3278811452768156,-0.8297121336409226,-1.491049110787911,-1.3362191616901635,-2.792481250360578
WP_007347806,M,L,0.0,0.0,0.0,0.0,0.0,0.0,0.0
WP_007378735,M,L,0.0,-0.7279311518946918,-2.133387872418582,-2.321928094887362,-3.23715981233975,-2.4865709696994656,-3.4594316186372973
WP_007392289,L,L,0.0,-1.254856117636974,-2.154153197870335,-1.5338283800091488,-4.069775676199397,-2.353695761768124,-4.069775676199397
WP_007409527,L,L,0.0,0.0,0.0,0.0,0.0,0.0,0.0
WP_007416017,I,F,0.0,0.1822371814992056,0.2065750701835966,0.0527776263174475,-1.7024009651069618,-2.8652988769820773,-7.65814076587311
WP_007420749,M,L,0.0,0.2763758891545689,0.5267560480870026,0.7793555208752974,-1.579563575936627,-3.592504970113157,-8.564218720033823
WP_007470712,L,M,0.0,0.0,0.0,0.0,0.0,0.0,0.0
WP_007476896,M,L,0.0,0.0,0.0,0.0,0.0,0.0,0.0
WP_007478890,L,L,0.0,0.0,0.0,0.0,0.0,0.0,0.0
WP_007484265,L,L,0.0,0.2578672727769859,0.8428312136889025,1.04963621264214,0.9169035222463612,-2.02021403188282,-8.188858829601513
WP_007500805,M,L,0.0,-3.360777901626211,-5.454901277820408,-5.700439718141092,-6.087462841250339,-5.643856189774724,-6.266786540694901
WP_007517024,L,L,0.0,0.2560351317379865,-0.5297198806319672,-1.3145279233847598,-5.481736044361808,-5.799584890323672,-9.46789288508515
WP_007529506,I,T,0.0,0.0,-0.3591751865698691,-0.3826560786769852,-1.0573524217720198,-1.292481250360578,-1.292481250360578
WP_007546669,M,L,0.0,-1.395855886178174,-4.992562787663976,-6.179082278566684,-7.700636406723907,-6.56337907304952,-7.965784284662087
WP_007548842,L,L,0.0,0.0,0.0,0.0,0.0,0.0,0.0
WP_007554702,L,L,0.0,0.0,0.0,0.0,0.0,0.0,0.0
WP_007563269,L,L,0.0,0.1089023549741101,-0.8821740852340856,-1.431342340797257,-5.730131006281571,-5.161032332499165,-7.174709732170523
WP_007586084,M,L,0.0,-1.0,-1.0,-1.0,-1.0,-1.0,-1.0
WP_007592680,L,M,0.0,0.0,-0.9310989766298778,-1.584962500721156,-3.321928094887362,-3.2445724616103537,-3.8571227588330617
WP_007613357,M,M,0.0,0.0,0.0,0.0,0.0,0.0,0.0
WP_007630205,M,L,0.0,0.0,0.0,0.0,0.0,0.0,0.0
WP_007631135,M,L,0.0,0.0194194209451432,0.8166572272464094,1.042164011436519,2.739188826914757,4.269348578004067,5.123856561799059
WP_007639786,L,L,0.0,-1.7176587954488012,-5.019504476979449,-6.075105103202199,-7.451211111832329,-6.552433366881275,-7.74819284958946
WP_007642986,M,L,0.0,0.0,0.0,0.0,0.0,0.0,0.0
WP_007653822,L,L,0.0,0.0,-1.5201392340135502,-1.584962500721156,-2.0,-2.1298258088267144,-2.453445297804259
WP_007654866,L,M,0.0,0.3832454464649508,1.0026460298455897,1.3964900009590195,3.0417322181527897,4.832837300110716,6.541800171000801
WP_007667931,L,L,0.0,0.1055537740787198,0.1063496165716237,0.0099352594283539,-2.813186980613465,-4.587439494553678,-7.623221858558643
WP_007670537,M,M,0.0,0.0,0.278685814302559,0.2530063683208876,-0.7350042019295091,-2.003095348160471,-4.350219859070545
WP_007707310,L,L,0.0,0.28980275926396,-0.7764774333170443,-1.6198287048642843,-6.596856861027597,-5.362028405234794,-9.93810932621924
WP_007728707,M,L,0.0,-0.1339480480670669,0.7086902078374582,0.0706370474112816,-0.8721363223109329,-2.853242389999703,-6.285402218862249
WP_007745442,L,L,0.0,-4.865659515512531,-5.087462841250339,-4.865659515512531,-5.087462841250339,-4.865659515512531,-5.087462841250339
WP_007746482,L,L,0.0,0.0,0.0,0.0,0.0,0.0,0.0
WP_007751622,L,L,0.0,0.2945288899565543,0.7755911787955814,1.1114175756351816,1.5245908575305105,0.0259333937109258,-5.895046810670625
WP_007766775,L,L,0.0,0.2894925233088479,0.6955853825977059,0.7813113403757654,0.0558888935702235,-2.0768192528584333,-7.98299357469431
WP_007788671,M,L,0.0,-0.0481876665801124,-1.40252158704212,-2.2821277322891254,-6.8653794563857335,-6.029850482219391,-8.751544059089099
WP_007802196,M,L,0.0,0.0,0.0,-0.4126356654962708,-1.292481250360578,-1.292481250360578,-0.5
WP_007817825,M,L,0.0,0.487415523415768,1.1383628569990385,1.337202903452463,2.245648535482519,2.322534080865154,0.3260057359237556
WP_007836218,L,L,0.0,0.2176203408316483,0.7034712587070162,0.7462355727612695,-0.7790734500464334,-3.725854112028176,-8.80065326306092
WP_007865258,I,M,0.0,0.3267339210883353,1.1731673291850535,1.322206514209407,2.722555935072803,4.971581085233472,6.642938282412482
WP_007868929,V,Q,0.0,0.2737867908684557,0.0,0.0,0.0,0.0,0.0
WP_007868932,L,M,0.0,-0.1778741211782373,-1.5459914266592136,-2.2877743703524063,-5.0118943603064405,-4.655988636632261,-5.906890595608519
WP_007876263,L,L,0.0,0.0,-0.0926381969254439,0.0,0.0,0.0,-1.0
WP_007884968,M,L,0.0,0.0,-1.0,-1.0,-1.0,-1.0,-1.584962500721156
WP_007894152,L,L,0.0,-0.0069288943705583,-1.0151830011690777,-1.6452403448711426,-6.839490202376741,-6.157655426117387,-9.20212382383046
WP_007939306,M,F,0.0,-1.5924453912831915,0.2853057361561526,-0.8508219944563815,-3.1568967526658533,-4.021045811563822,-8.308376613899215
WP_007960209,L,M,0.0,1.0662680412290335,1.1566415234782592,0.0,0.0,0.0,0.0
WP_007972129,L,L,0.0,0.4424365786964381,0.8955099757913474,1.046890650684734,0.6407453278478892,-0.2510205083833075,-5.434142364236695
WP_007976376,M,L,0.0,0.0,0.0,0.0,0.0,0.0,0.0
WP_007994849,M,V,0.0,0.0,0.0,0.0,0.0,0.0,0.0
WP_008007361,M,F,0.0,0.3658652248824694,0.8292738799656725,0.4636112340211973,-1.9682063282413065,-3.3059263740082026,-9.098032082960527
WP_008024774,L,L,0.0,0.299859327866951,0.7761575993674086,0.7522089813933768,0.0066361096653899,-2.692002562403111,-8.204571144249204
WP_008033914,L,L,0.0,0.0,0.0,0.0,0.0,0.0,0.0
WP_008039364,M,L,0.0,-1.0095197400820537,-2.807354922057604,-3.461778296924166,-3.584962500721156,-3.39941830700959,-4.700439718141092
WP_008044785,L,L,0.0,0.0189301736607063,-0.6763065865626441,-1.2433900901010366,-4.55126999878664,-4.741976532130508,-7.693486957499325
WP_008073041,M,F,0.0,-0.2821397366455243,-2.1388664085777496,-3.0673888610205458,-6.640489289865052,-5.7405880825743125,-7.299142587073302
WP_008088788,L,L,0.0,0.8965114510067433,0.2439989752974156,-0.3296053409868396,-4.961158359841765,-4.289968350660019,-6.977279923499917
WP_008106982,L,L,0.0,0.2347013119884389,-0.7474532186113763,-1.5155454741416934,-4.638472339222806,-4.670584638587009,-6.569775676199397
WP_008112253,L,L,0.0,-2.571278938215454,-5.954196310386875,-6.870364719583405,-6.914044802501946,-5.954196310386875,-6.870364719583405
WP_008114966,M,L,0.0,-0.2157371127031,-0.2510638477162018,-0.4490428442493854,-0.992830425259818,-0.7462638557005357,-1.792481250360578
WP_008125961,L,L,0.0,-0.2160733145987334,-1.0164239670104795,-1.1733615537658522,-4.457939689417887,-4.357122758833062,-4.457939689417887
WP_008136828,M,L,0.0,-0.820212601411793,-4.061756384390407,-5.129283016944966,-6.426264754702098,-5.807354922057604,-6.894817763307944
WP_008152545,L,M,0.0,0.3604692244621068,0.9144608726709498,1.1566012336382694,1.8103999646720297,1.9393237971163,-0.8983067593045475
WP_008170691,M,L,0.0,-0.562304961723664,-3.344344104736887,-4.362148036224776,-5.486469245777757,-4.844165994099956,-6.149174507829093
WP_008174809,M,L,0.0,-1.9796971157524448,-5.14960400919364,-5.539075403867326,-5.765988926660118,-5.2389611109833,-5.790088810505504
WP_008176466,L,L,0.0,-0.6517331052230206,-3.169925001442312,-3.9527249614976014,-5.523561956057013,-4.950745875247445,-5.794357317791132
WP_008209042,I,M,0.0,0.2396683390099721,0.0742582238708404,-0.1031072557127235,-2.834904563117276,-4.035963338914304,-7.285402218862249
WP_008214701,L,M,0.0,0.0,0.0,0.0,0.0,0.0,0.0
WP_008220019,M,F,0.0,0.4708168017515284,-0.388509244514065,-0.8463582868348691,-5.075273060576618,-4.454953778844813,-9.095397022792556
WP_008237079,L,F,0.0,0.4688564105535677,1.0256076264326053,1.243978235371796,1.92432091885887,1.5888551718659016,-1.446617075996988
WP_008244029,L,L,0.0,-2.6440013306404837,-6.087596389325665,-7.022557582998893,-8.539158811108031,-7.240404363306442,-9.068778277985412
WP_008254783,L,F,0.0,0.2721693020348379,0.5043510522288921,0.4388712681853324,-1.5596101023847986,-3.445356058979563,-8.768184324776927
WP_008258621,I,L,0.0,-0.5,0.1081113388536673,0.0,-0.5,-0.5,-0.5
WP_008291052,L,L,0.0,0.0,0.0,0.0,0.0,0.0,0.0
WP_008302089,M,L,0.0,-0.6284339008739348,-3.487931591336646,-4.697891327453573,-7.531381460516312,-6.924555314065181,-7.531381460516312
WP_008312029,I,L,0.0,0.0,0.0,0.0,0.0,0.0,0.0
WP_008315462,L,L,0.0,-1.0458611692254571,-3.5302314084697723,-5.2319864250522095,-7.2384047393250786,-5.498543611365541,-7.2384047393250786
WP_008331172,L,L,0.0,0.0,0.0,0.0,0.0,0.0,0.0
WP_008342320,L,L,0.0,-4.556868615888667,-5.644102990735343,-5.767637688310401,-6.118654054036563,-5.150946165971242,-6.363109079666099
WP_008358135,M,L,0.0,-1.584962500721156,-2.0,-2.0,-2.2885224054348,-2.0,-2.321928094887362
WP_008369618,L,M,0.0,0.4008151396204766,0.9727359692921472,1.255078919214343,1.9723624254614,2.070319011081569,-0.4847443668912596
WP_008379636,L,L,0.0,0.0,0.0,0.0,0.0,0.0,0.0
WP_008382221,I,M,0.0,0.2366971530302137,-0.7874918731955542,-1.1267744102631911,-4.321928094887363,-3.2596516176534296,-4.321928094887363
WP_008390643,L,M,0.0,0.3296968827317865,0.7605353647347393,0.9621288891047276,1.4893841438716144,1.5552082894155888,-1.0429822470088537
WP_008407301,L,L,0.0,0.0,0.0,0.0,0.0,0.0,0.0
WP_008431876,L,L,0.0,-2.59465072091529,-6.14960400919364,-6.298250393738245,-7.170689602135216,-6.014209977715735,-7.392087364565857
WP_008448096,L,L,0.0,-1.0583839458411497,-4.276887635882428,-5.445024922851594,-8.731700405631656,-6.968875576527466,-10.219226393924076
WP_008449220,L,L,0.0,0.2645665957073859,0.536754981451014,0.6883894832501074,1.1526230000054722,0.9352727641698192,-5.857980995127572
WP_008463741,L,L,0.0,-0.3507120537250188,-2.4543936570638496,-3.009453713838303,-4.584962500721156,-4.087462841250339,-4.954196310386875
WP_008466551,L,F,0.0,0.2382536874560674,0.4492987577207921,0.2395051370571264,-2.048689981784521,-3.46128547882308,-6.178225985110878
WP_008469667,I,L,0.0,0.0,0.0,0.0,0.0,0.0,0.0
WP_008474252,L,L,0.0,0.0639858067804133,-0.1466567513613175,-0.4244604950198414,-2.7984040328455158,-2.805948222773691,-3.39067985676233
WP_008483752,M,L,0.0,0.8946080394429115,-2.584962500721156,-0.6898190396101076,-2.584962500721156,-2.584962500721156,-2.584962500721156
WP_008487653,M,L,0.0,0.132907409953221,-0.1270297509534437,-0.5551799360211422,-3.500617316021536,-4.0127154483232665,-7.956816238231345
WP_008494113,I,L,0.0,0.0,0.0,0.0,0.0,0.0,0.0
WP_008502023,M,L,0.0,0.0,0.0,0.0,0.0,0.0,0.0
WP_008504132,L,L,0.0,0.2719199433823789,0.4006238006912905,0.3167317150935815,-1.1581419283433885,-1.9735030082925853,-7.073913367208935
WP_008506181,M,L,0.0,0.3358620269155858,0.5056184703896012,0.1717296558060566,-1.2310146703690297,-3.296918637190249,-9.460850747301908
WP_008518086,M,L,0.0,0.1926935654138679,0.3295797773074351,-0.3492458570731767,-3.1364402054138534,-4.36874007105776,-8.86418614465428
WP_008540659,M,F,0.0,-0.5,-0.5,0.1193307106084629,-0.5,-0.5,-0.5
WP_008556995,I,L,0.0,-0.2308598365984107,-1.0890625772883746,-1.6555687512710384,-6.932252883763537,-6.135463379151145,-9.001854774668143
WP_008561836,I,L,0.0,-0.9844696256992432,-1.7421085202168785,-2.350219859070546,-2.350219859070546,-1.8190816204535796,-2.350219859070546
WP_008565025,L,L,0.0,0.0,0.0,0.0,0.0,0.0,0.0
WP_008578924,L,K,0.0,0.3786331141812642,1.0290141502965406,1.42536941580657,2.8289203332458235,4.463285622250873,5.783274016798809
WP_008583481,L,M,0.0,0.0,0.0,0.0,0.0,0.0,0.0
WP_008587588,L,F,0.0,0.2390213426774292,0.2140792426577901,0.0042526180618578,-1.0175127659585672,-2.0959250244336087,-5.107159560400383
WP_008593045,L,L,0.0,0.0,0.0,0.0,0.0,0.0,0.0
WP_008602629,L,L,0.0,-0.0252033763689496,-0.3682173738360763,-0.8779280250480319,-3.714060457542245,-4.824141967995515,-7.716913957802748
WP_008618654,L,L,0.0,0.0,-0.7837773222926654,-0.4369292571827352,-1.591801801037836,-1.491151921436525,-2.0
WP_008620392,L,L,0.0,-2.877443751081734,-3.217936784546525,-3.3181529193178623,-3.496218096350276,-3.0387451060611137,-4.0276412177505945
WP_008629866,L,L,0.0,0.3762409507194624,0.8554000306202774,0.812120420937104,0.7849667340146134,-0.547851119805502,-6.203843510692325
WP_008640485,L,F,0.0,0.0,0.0,0.0,0.0,0.0,0.0
WP_008649934,L,L,0.0,-3.296268821980468,-4.176094745071426,-4.352784052332536,-4.700439718141092,-4.247927513443585,-4.857980995127572
WP_008664019,L,L,0.0,0.1392359286848448,0.0397848471301052,-0.2467385192645279,-3.171448294662705,-4.551312412995609,-8.37068082279637
WP_008667771,L,L,0.0,0.3906616092164032,0.8578244605806766,1.282056684792671,2.1848691680054757,1.8190374902668296,-2.563782587213036
WP_008676002,L,L,0.0,-0.144683687536125,-1.630640618671638,-2.5039910135567838,-6.892161689452831,-5.856355456323783,-7.900222471281906
WP_008678172,M,L,0.0,0.0,0.0,0.0,0.0,0.0,0.0
WP_008688576,M,L,0.0,0.0,0.0,0.0,0.0,0.0,0.0
WP_008715045,L,L,0.0,0.0,0.0,0.0,0.0,0.0,0.0
WP_008721873,G,Q,0.0,-0.6185686215972384,-0.1660034964492838,-0.5052860335169207,0.0,-2.321928094887362,-2.321928094887362
WP_008724800,M,M,0.0,0.0,0.0,0.0,0.0,0.0,0.0
WP_008736147,L,L,0.0,-0.9798397966526208,-2.6427011094311244,-2.023370398822661,-2.6427011094311244,-2.6427011094311244,-2.6427011094311244
WP_008754633,L,K,0.0,0.0,0.0,0.0,0.0,0.0,0.0
WP_008761062,L,L,0.0,0.2811069001687052,0.7809071877106373,0.8729484909504652,0.1631404942799523,-2.6733276444041394,-8.588714635582264
WP_008788229,M,L,0.0,0.0,0.0,0.0,0.0,0.0,0.0
WP_008808665,L,L,0.0,-0.0504738808844029,-1.644980316717145,-2.490686519754457,-6.539158811108031,-5.471868261802265,-7.065928480304397
WP_008811335,L,L,0.0,-1.4780104195744297,-4.111269548681117,-5.117729270660183,-7.307292942078366,-6.426430593209291,-8.761551232444479
WP_008817290,M,L,0.0,0.0,0.0,0.0,0.0,0.0,0.0
WP_008823150,M,L,0.0,0.0,-1.584962500721156,-2.0,-3.321928094887362,-3.169925001442312,-3.807354922057604
WP_008826323,M,L,0.0,-0.1125747804713039,-1.5405710128854118,-2.5415705791506253,-6.226438876642467,-5.8863190439781565,-9.030667136246942
WP_008856751,L,M,0.0,0.0,0.0,0.0,0.0,0.0,0.0
WP_008862820,L,L,0.0,0.092085955582934,-0.7231513688867803,-1.3547457710092463,-5.694169788050481,-4.935998818887593,-8.223711143436248
WP_008865277,L,L,0.0,0.4440430304927374,0.6444301251135145,0.7591548229168805,-0.4240695733629511,-1.6308015121344646,-5.584962500721156
WP_008867440,L,F,0.0,0.3943427069432519,0.8261004209840648,0.7178385547315607,0.1662885915589309,-0.7543642253555158,-6.5747098864977
WP_008876590,L,L,0.0,-0.5,-0.5,-0.5,-0.5,-0.5,-0.5
WP_008880180,L,L,0.0,0.0,0.0,0.0,0.0,0.0,0.0
WP_008912732,M,L,0.0,-1.9907192489134904,-4.6663702193722,-5.573602462471115,-5.25068034440184,-5.327820178167227,-5.793888758164105
WP_008914812,M,L,0.0,-0.926697643744169,-3.0790343758222423,-3.4627012516078333,-5.138979418400847,-4.1979892731795,-5.392317422778761
WP_008923989,L,L,0.0,-2.3444733179727817,-3.700439718141092,-3.700439718141092,-4.087462841250339,-3.700439718141092,-4.087462841250339
WP_008925559,M,L,0.0,-4.7432202615308725,-6.032371382375128,-6.487525188444373,-6.569855608330948,-5.95192002852142,-6.977234485717126
WP_008927974,L,L,0.0,0.0,0.0,0.0,0.0,0.0,0.0
WP_008951012,M,L,0.0,-1.584962500721156,-1.584962500721156,-1.584962500721156,-1.584962500721156,-1.584962500721156,-1.584962500721156
WP_008960817,I,M,0.0,0.8516797366450619,0.0,1.791657545833348,0.0,0.0,0.0
WP_008974514,I,M,0.0,0.1263304424375086,0.3924376870622046,0.6995204725708772,1.0418546267854756,0.9431921401266096,-2.73601217111458
WP_008976421,L,M,0.0,0.2728695512914187,0.5021146222694752,0.4454801651805038,-0.8639991028227358,-1.9663949779894196,-7.182850980231267
WP_008978325,M,L,0.0,0.0,0.0,0.0,0.0,0.0,0.0
WP_008979999,Q,L,0.0,0.233724766284292,0.73455663598865,1.0007808348624012,2.483008368076162,3.970367777500944,4.352291549934953
WP_008985437,M,L,0.0,0.0,0.0,0.0,0.0,0.0,0.0
WP_008989833,M,F,0.0,-0.0543290604034112,-1.3672863448108368,-2.2482671947672,-6.569855608330948,-6.061101473346103,-8.839203788096944
WP_008990832,L,F,0.0,0.3641765683370224,1.0677670614666868,1.4142572290843294,2.7475280692021062,4.014412425258536,4.445258751359068
WP_008996563,L,L,0.0,0.1325360824580674,2.186174757098024,0.9632843540044488,0.3391180509871323,2.817909724932462,1.905799042982255
WP_009002429,L,M,0.0,0.1607627794170465,0.2323877831651688,0.1071759371440137,-1.0,-1.803752648744552,-5.20945336562895
WP_009010779,M,L,0.0,0.0,0.0,0.0,0.0,0.0,0.0
WP_009033339,L,L,0.0,-1.182487925516284,-4.121528250995891,-5.0,-5.426264754702098,-5.074300879739675,-5.857980995127572
WP_009092971,L,L,0.0,0.6081739327993518,-0.4646296179147127,-1.4546781077960866,-7.307354922057604,-4.545057612966289,-7.307354922057604
WP_009105121,M,L,0.0,0.0,0.0,0.0,0.0,0.0,0.0
WP_009118526,M,F,0.0,0.1788299693355775,-0.3182623412690208,-0.867161187671039,-4.94058328057498,-5.20040563562706,-10.688203614816697
WP_009123203,L,L,0.0,0.1465379660214494,-2.584962500721156,-2.584962500721156,-2.584962500721156,-2.584962500721156,-2.584962500721156
WP_009124418,L,L,0.0,0.3532356876775795,0.7413988544640748,0.7919347630498752,0.2264012618942708,-2.017402150838504,-8.140921428668747
WP_009130728,L,L,0.0,0.2827834910260423,0.465419173777712,0.4965507982619321,-1.221201271988182,-3.5779458725081272,-9.286624909589946
WP_009133007,L,L,0.0,-0.3094589250465711,-1.4814007861597362,-2.252516906549753,-4.465036432767152,-4.737259683207789,-6.807354922057604
WP_009142267,I,L,0.0,0.0,0.0,0.0,0.0,0.0,0.0
WP_009161670,L,L,0.0,0.2285402888645311,0.4137387304283368,0.2330444988356035,-3.253639857576011,-4.750082569984437,-10.036173612553483
WP_009175149,M,F,0.0,0.2084029274435836,0.2863844358206231,0.1690776996643661,-1.255089864945309,-2.8362183089038977,-7.80366294783745
WP_009193507,L,L,0.0,-0.0171180340513856,-0.6734260151600635,-0.9345710209426734,-2.7814909578709326,-3.5543136104745043,-7.011227255423254
WP_009226174,L,L,0.0,-4.0225042289878825,-5.832890014164741,-6.027368705443738,-6.189824558880018,-5.459431618637297,-6.475733430966398
WP_009235572,L,L,0.0,0.3822665909198033,0.702066155961873,0.8608140006556386,0.0514902789322526,-2.373967083589978,-8.779865880025488
WP_009244499,L,M,0.0,-0.5533044674810697,-3.390530595267175,-4.450282105421701,-6.129283016944966,-5.574033810949805,-6.321928094887363
WP_009248612,L,M,0.0,0.0,0.0,0.0,0.0,0.0,0.0
WP_009248943,I,Q,0.0,0.099193629280279,0.6375765375128393,0.7649586218505444,1.8655351550238155,4.363294740706795,6.141653947686525
WP_009262904,L,M,0.0,0.2369313936319699,0.3552720287893915,0.2807310893160242,-1.2696541294805463,-2.353764122340353,-7.515699838284043
WP_009268572,L,M,0.0,0.1518089207797324,0.2257380895872174,1.35346734788655e-05,-1.9890261580314093,-3.257527965444438,-7.891703771086759
WP_009272085,M,L,0.0,0.1325360824580674,0.0,0.0,0.0,-2.0,-2.0
WP_009279100,L,M,0.0,0.1216491711480118,0.2135820721014694,0.2746642107501706,-1.5369261525462852,-2.6285518607248664,-6.046378570459926
WP_009292628,L,L,0.0,-0.8776001403412437,0.275483783126031,-0.2049905203889164,-1.8041564700401944,-3.5841629177312893,-5.321928094887363
WP_009317804,L,L,0.0,-0.2741840739669401,-2.544234035528248,-3.718485204588976,-5.660974112230223,-5.272526918257839,-6.347396577499975
WP_009320990,L,M,0.0,-0.0586121650336926,-0.8289089882964404,-1.57062068120229,-4.118515315841131,-4.321928094887363,-6.022367813028454
WP_009332621,L,L,0.0,-0.5,-0.5,-0.5,0.0,0.0,-0.5
WP_009347368,L,L,0.0,0.3864093664990875,0.7862563966284544,1.000825757897271,0.6697005149243456,-1.3442831307874128,-8.285402218862249
WP_009361210,L,L,0.0,-4.169925001442312,-3.4349463775923046,-4.169925001442312,-4.169925001442312,-4.3740962404410535,-4.643856189774724
WP_009369949,L,L,0.0,-0.5,-0.5,-0.5,-0.5,-0.5,-0.5
WP_009372837,L,M,0.0,0.1987006252484597,0.302935827353191,0.2892934707349028,-1.089179559082721,-2.823882910720845,-5.779210356634332
WP_009390512,L,F,0.0,0.0982627170960066,0.1408404596247296,-0.0168908208054334,-1.243386945695295,-0.9751830905735356,-4.2849278041654735
WP_009412440,L,F,0.0,0.1654808505507521,-0.0593497650865115,-0.380494854773886,-2.3199362780578534,-3.423580933470883,-6.832890014164741
WP_009416511,L,F,0.0,0.2842620480441145,0.6393116176164124,0.673180349043152,-0.0203195692375555,-1.2212632009693714,-5.90497555965848
WP_009417176,L,F,0.0,0.1241461554010738,-0.2043083824080875,-0.5852650457607238,-3.4460332855938858,-4.504513627651601,-9.028482285915766
WP_009418917,L,F,0.0,-0.3249066992663656,-2.115888420567709,-2.199839241513807,-4.491496787347155,-3.602255031730484,-4.642701109431124
WP_009420864,L,F,0.0,-0.2250647615801657,-0.8116123993215507,-1.2873562547785038,-4.564641508472484,-3.7309343064688862,-4.564641508472484
WP_009435065,M,L,0.0,0.0,-1.4356778818852671,-2.165479800304466,-5.076695140146503,-4.556960297590864,-5.754887502163468
WP_009437540,L,L,0.0,0.2055234914947075,0.1406304658475603,-0.0297783762227972,-3.638417881765292,-4.727159574064372,-8.670238495489812
WP_009443405,L,L,0.0,0.1286885827941351,-0.199145987258138,-0.5101412289494576,-4.745071580013301,-5.200972923453848,-9.912573400269862
WP_009460545,L,M,0.0,0.1736373217965887,-0.1629029144781608,-0.4918936300808809,-3.1749288041228576,-3.98449971195598,-7.20945336562895
WP_009461124,L,L,0.0,-0.4525426819399278,-2.4344195931528265,-3.700439718141092,-7.688410729347929,-6.376171342697103,-8.656544087578816
WP_009496614,M,L,0.0,0.0139343329902521,-0.2397074239128365,-0.8399815542481055,-4.761708599660325,-4.639374515648758,-7.9721501371221875
WP_009500922,M,L,0.0,-4.623826105729584,-6.710939854793976,-6.8120029024311375,-7.617894937429962,-7.096818636051928,-8.16978583919235
WP_009517718,L,M,0.0,0.0084208560720213,-1.3012338729635502,-2.3087230116620248,-5.639563992891704,-5.300392600396303,-8.779630504237371
WP_009524713,M,L,0.0,0.0,0.0,0.0,0.0,0.0,0.0
WP_009526511,M,L,0.0,0.0,0.0,0.0,0.0,0.0,0.0
WP_009532045,L,Q,0.0,0.0,0.0,0.0,0.0,0.0,0.0
WP_009541956,M,L,0.0,-2.513571026213872,-4.365564987507044,-6.424507036847409,-6.424507036847409,-4.43363863941887,-6.424507036847409
WP_009554477,L,L,0.0,0.0,0.0,0.0,0.0,0.0,0.0
WP_009558471,L,L,0.0,-0.1604867636258971,-2.152254190565608,-2.807354922057604,-3.544743147690616,-2.8446141183745857,-3.906890595608519
WP_009570978,I,L,0.0,-2.807354922057604,-4.247927513443585,-4.247927513443585,-4.247927513443585,-4.185651036209652,-4.247927513443585
WP_009586372,L,L,0.0,0.2435595188448207,0.3283115475599771,0.1169089729898456,-2.177503987240305,-3.435540302017781,-9.067652308389322
WP_009589199,M,M,0.0,0.230634658538678,-0.0444690641138709,-0.3951726288452857,-2.438063993556433,-3.1406799105410013,-8.511176190380482
WP_009602063,M,F,0.0,0.4952808465251337,-1.427474477135287,-2.8618731045239576,-5.3290823017807885,-4.824438692322481,-5.882643049361842
WP_009634727,M,L,0.0,0.0,0.0,0.0,0.0,0.0,0.0
WP_009641684,L,F,0.0,0.3542910409479285,0.1361262403688821,0.0643396196224932,-2.221489848037836,-3.578817864357884,-7.2384047393250786
WP_009660318,M,L,0.0,0.5212284866017036,0.9946823754597371,1.4610290185345969,2.484845720677594,1.8329627701449187,-6.029723248512957
WP_009664131,L,M,0.0,0.1325360824580674,-1.0,-1.584962500721156,-3.610565557356907,-3.169925001442312,-4.321928094887363
WP_009665891,M,L,0.0,-0.9747672783064468,-2.0666939362092918,-2.497598166217427,-3.0,-2.7613430117436115,-3.2297158093186487
WP_009669573,L,L,0.0,-0.6843222252099253,-3.4886402104785894,-4.584962500721156,-7.960001932068081,-7.000322351599768,-8.98299357469431
WP_009677188,L,L,0.0,-0.4474808661482559,-2.58242742620954,-3.584962500721156,-6.700439718141092,-5.645102238627086,-6.901410752165686
WP_009707799,M,F,0.0,-0.122080896636334,-1.3033128738608943,-1.9312635802253864,-2.0,-2.0,-2.321928094887362
WP_009725265,L,L,0.0,-1.4301440228724769,-4.474453578596513,-6.637779744070602,-6.810568056637321,-6.250918592451148,-8.012591414317754
WP_009731090,M,L,0.0,0.2985574211442641,0.6630221463956758,0.9218777503564776,-1.5048513714967502,-4.007718774342858,-9.223477026471087
WP_009746425,L,F,0.0,0.3462122105669083,0.8828965834708615,1.271248714550108,2.5706449672685263,3.3125472559523423,1.8722505099709008
WP_009764089,L,L,0.0,1.8621071984969289,1.390600011995637,0.6241640688802215,1.7128261784102237,-1.280120092232039,-3.700439718141092
WP_009778768,L,F,0.0,0.3347565531116219,1.0182835481261394,1.3269862855193466,2.5376181275634773,3.1005105115092726,1.822524423259574
WP_009795644,L,L,0.0,-0.2477482571090563,-3.2626708893635485,-4.652973190662239,-5.882643049361842,-4.389504024210933,-5.906890595608519
WP_009808745,I,L,0.0,0.172515442225785,-0.2837773222926654,-1.292481250360578,-1.792481250360578,-0.9688617613830336,-1.792481250360578
WP_009836180,L,L,0.0,0.0,0.0,0.0,0.0,0.0,0.0
WP_009838338,M,L,0.0,0.0,0.0,0.0,0.0,0.0,0.0
WP_009843318,M,F,0.0,-0.0261594149025352,-1.273730420384279,-2.2058426101351483,-6.627643788937047,-5.926408209538232,-8.08214904135387
WP_009847829,M,F,0.0,0.0,0.0,0.0,0.0,0.0,0.0
WP_009850000,L,M,0.0,-1.1639488010994086,-3.960679671092338,-5.171215476206673,-8.10541195368188,-6.663903364630486,-9.068778277985412
WP_009852714,L,L,0.0,-1.584962500721156,1.575353686330203,-1.584962500721156,-1.584962500721156,-1.584962500721156,-1.584962500721156
WP_009873944,L,L,0.0,0.0,0.0,0.0,0.0,0.0,0.0
WP_009885765,L,L,0.0,0.0,0.0,0.0,0.0,0.0,0.0
WP_009887849,L,M,0.0,0.0580383238430668,0.0,-0.0090533706735431,-1.0,-1.846915529687464,-3.4594316186372973
WP_010019881,L,M,0.0,0.0,0.0,0.0,0.0,0.0,0.0
WP_010021426,L,M,0.0,0.0,0.0,0.0,0.0,0.0,0.0
WP_010025427,L,L,0.0,-0.122080896636334,-1.584962500721156,-1.584962500721156,-1.584962500721156,-1.584962500721156,-1.584962500721156
WP_010073895,L,L,0.0,0.2821202155265148,0.1182387987523245,-0.0865884139218096,-3.8393181453958025,-4.561901902250863,-8.510786924488874
WP_010075211,I,Q,0.0,0.1862052192107777,0.7335924174473716,1.2315695488996306,2.582345660985167,5.016004755006684,7.183011912973075
WP_010091783,L,L,0.0,-2.8325956877773324,-3.13781520931117,-2.9298720205262097,-3.1627554267021303,-3.245926548164837,-3.245926548164837
WP_010171979,M,L,0.0,0.0,0.0,0.0,0.0,0.0,0.0
WP_010222158,M,F,0.0,0.2286587785951148,0.1987658848798954,-0.022417738179369,-2.621439698624126,-3.853012203726355,-8.672425341971495
WP_010231888,L,L,0.0,0.0,0.0,0.0,2.016121563658152,0.0,0.0
WP_010253752,M,L,0.0,-3.0,-1.928780784960047,-2.1048565388889515,-3.0,-3.0,-3.081864560119522
WP_010299774,M,L,0.0,-0.0421314075071213,-2.321928094887362,-1.7613385787830742,-2.321928094887362,0.0,-2.321928094887362
WP_010343017,M,L,0.0,0.0,0.0,0.0,0.0,0.0,0.0
WP_010359207,M,F,0.0,0.1602088934144898,0.6440516498442577,0.8330811025005751,1.05661298588287,0.075959100510814,-5.629451116552409
WP_010361519,M,L,0.0,0.0,-1.0,-1.0,-1.0,-1.0,-1.0
WP_010371780,I,M,0.0,0.3283757724295171,0.8038917753271191,0.9971343187481416,1.4166105147573038,1.1446394247593354,-2.289903341671274
WP_010381642,L,L,0.0,0.0603886681007512,-0.1266369947592265,-0.3371752359792328,-4.2216656546008,-4.437268131355105,-6.357552004618084
WP_010434435,M,F,0.0,-1.4551519366955985,-1.3918886611463326,0.3167636173416026,-0.3293737674041785,-1.4688617613830337,-2.0
WP_010488407,L,L,0.0,0.0,0.0,0.0,0.0,0.0,0.0
WP_010495720,L,M,0.0,0.0,0.0,0.0,0.0,0.0,0.0
WP_010560929,M,L,0.0,0.0,0.0,0.0,0.0,0.0,-0.5
WP_010579960,L,L,0.0,0.0,0.0,0.0,0.0,0.0,0.0
WP_010593052,I,M,0.0,0.0,0.0,0.0,0.0,0.0,0.0
WP_010616645,M,L,0.0,-1.0,-1.0,-1.0,-1.0,-1.0,-1.0
WP_010619785,L,M,0.0,0.0,-0.0300675467101505,-0.6553463295502295,-1.584962500721156,-1.5823214374060517,-2.0
WP_010622194,L,M,0.0,0.0064975681301571,0.0,-0.3645079700265259,-1.584962500721156,-0.9688617613830336,-2.160964047443681
WP_010623466,L,M,0.0,0.0,0.0,0.0,0.0,0.0,0.0
WP_010654849,L,L,0.0,-7.098059085791843,-9.167844908658918,-8.904133016642472,-10.301584611001472,-7.393053088704091,-11.202211805933889
WP_010687746,L,L,0.0,0.4695366195967549,-0.0062782963111001,0.3625386297795456,-2.750719091133371,-4.06990051872685,-8.410949259319773
WP_010689012,L,L,0.0,0.0,0.0,0.0,0.0,0.0,0.0
WP_010701388,M,L,0.0,0.0,0.0,0.0,0.0,0.0,0.0
WP_010702643,M,L,0.0,0.0,0.0,0.0,0.0,0.0,0.0
WP_010705407,M,L,0.0,0.0,0.0,0.0,0.0,0.0,0.0
WP_010724248,L,M,0.0,0.0,0.0,0.0,0.0,0.0,0.0
WP_010732391,L,M,0.0,0.0,0.0,0.0,0.0,0.0,0.0
WP_010735128,L,M,0.0,0.0,0.0,0.0,0.0,0.0,0.0
WP_010737369,L,L,0.0,0.0,0.0,0.0,0.0,0.0,0.0
WP_010737807,L,M,0.0,0.0,0.0,0.0,0.0,0.0,0.0
WP_010751257,L,L,0.0,-1.0569174978547955,-2.453445297804259,-1.1100068916930663,-0.7828190652084377,0.3193135556149495,-2.453445297804259
WP_010752163,L,M,0.0,0.0,0.0,0.0,0.0,0.0,0.0
WP_010753941,L,L,0.0,-0.2646986601250667,-1.584962500721156,-2.141882412248097,-3.160964047443681,-3.0,-3.753897320099348
WP_010759385,L,L,0.0,-0.3463824724720137,-1.958304328835756,-3.037614954120325,-7.145532187298025,-6.342193438316641,-8.78613459176152
WP_010761388,L,L,0.0,-0.8699226589710234,-3.2591893994501824,-4.4431081262068055,-6.285402218862249,-5.930951287619662,-7.0312760696883885
WP_010764955,L,L,0.0,0.0,0.0,-0.4297364239485604,-1.983878436341848,-2.0,-2.0
WP_010768697,L,L,0.0,-0.94902200311564,-1.9236425455053452,-2.655346329550229,-2.9892322988961646,-2.321928094887362,-3.906890595608519
WP_010780948,L,L,0.0,-1.5499978967750978,-4.546042589079662,-5.400639237685373,-5.586750875874031,-5.9778213253202175,-6.415866993758183
WP_010813610,L,L,0.0,-1.0,-1.0,-1.0,-1.0,-0.937723522766067,-1.0
WP_010847812,M,L,0.0,-2.0839485255766466,-1.7837773222926654,-3.0,-3.0,-3.0,-3.0
WP_010850622,M,L,0.0,-0.5062789591236321,-2.433599317159061,-3.492223939211132,-7.230421084884538,-5.954131400846529,-9.37064291491214
WP_010859233,M,L,0.0,-0.961287097884908,-4.404696948853417,-3.4699803077946982,-5.540089224651963,-4.238469125169335,-5.377171182190109
WP_010899586,L,L,0.0,-3.310829226939064,-6.081824838007913,-6.081824838007913,-6.081824838007913,-5.619799264624562,-6.081824838007913
WP_010907398,M,L,0.0,-2.9167438875015383,-7.45620266426416,-6.327771671521725,-8.672425341971495,-7.005010937964301,-8.672425341971495
WP_010925968,L,L,0.0,0.0,0.0,0.0,0.0,0.0,0.0
WP_010934590,M,L,0.0,0.0,0.0,0.0,0.0,0.0,0.0
WP_010945031,M,L,0.0,0.0,0.0,0.0,0.0,0.0,0.0
WP_010946061,L,L,0.0,-1.043275170140717,-3.448145147599565,-5.244913574151934,-7.960775852846936,-6.059019376609943,-8.971543553950772
WP_010962904,L,L,0.0,0.0,0.0,0.0,0.0,0.0,0.0
WP_010976722,M,F,0.0,0.0,0.0,0.0,0.0,0.0,0.0
WP_011000898,L,L,0.0,-3.590871655265598,-5.853931116107418,-6.643856189774724,-7.05528243550119,-5.913189759873794,-7.20945336562895
WP_011006950,L,I,0.0,0.0,0.0,0.0,0.0,0.0,0.0
WP_011009589,M,L,0.0,0.3353837982050729,0.0650165862481166,-0.1088012068645607,-2.1775645420469765,-3.1950109018451727,-6.010181594939141
WP_011053671,I,L,0.0,0.0,0.0,0.0,0.0,0.0,0.0
WP_011066139,L,L,0.0,0.0,-0.5,-0.5,-0.5,0.0,-0.5
WP_011069826,I,I,0.0,0.0,0.0,0.0,0.0,0.0,0.0
WP_011077508,L,L,0.0,0.0,0.0,0.0,0.0,0.0,0.0
WP_011091268,I,L,0.0,0.0,0.0,0.0,0.0,0.0,0.0
WP_011095362,M,L,0.0,0.0,0.0,0.0,0.0,0.0,0.0
WP_011144983,M,L,0.0,0.0,0.0,0.0,0.0,0.0,0.0
WP_011160668,L,L,0.0,0.0,0.0,0.0,0.0,0.0,0.0
WP_011162224,L,L,0.0,0.0,0.0,0.0,0.0,0.0,0.0
WP_011165586,L,M,0.0,0.2930338713674012,0.5287735482276954,0.5951619960919539,0.485101853799065,0.3331467134112715,-4.459431618637297
WP_011180948,M,L,0.0,-0.483958085164428,-0.2925851828903419,-0.386277403207456,-1.9534452978042591,-1.6884898576756298,-2.453445297804259
WP_011183282,L,M,0.0,0.2103769559880941,0.5820342168428878,1.005893183147761,1.1060402557989386,-0.2275221505639457,-4.906890595608519
WP_011184412,L,L,0.0,-0.2348209526184925,-1.8976449566354363,-2.807354922057604,-6.409390936137702,-5.523561956057013,-6.9886846867721655
WP_011201021,M,L,0.0,-4.824198066505844,-7.582155942241025,-7.6967622653393395,-8.06865569535045,-7.205627323313199,-8.385731838691079
WP_011213001,L,L,0.0,-1.0515095724003125,-3.99702700682794,-4.980663498710827,-7.084609559115478,-5.926964302562577,-7.944371624449129
WP_011231267,L,L,0.0,-2.321928094887362,-2.6843699115069106,-2.807354922057604,-2.92092971573471,-2.344462462102287,-2.903677461028802
WP_011233739,M,L,0.0,0.0,-1.584962500721156,-2.1846239261120286,-4.0118455649698745,-3.749605375533259,-4.954196310386875
WP_011238316,L,L,0.0,-4.43126683908721,-4.807354922057604,-4.857980995127572,-4.906890595608519,-4.857980995127572,-5.169925001442312
WP_011242231,L,L,0.0,-0.4354568241084351,-2.362719817794345,-3.209584082860034,-6.707342617903607,-5.900909970826596,-7.948355407863057
WP_011260171,L,L,0.0,0.0,-0.0603770366270088,-0.3463010795042303,-2.321928094887362,-2.0,-2.807354922057604
WP_011264555,M,F,0.0,0.2433270144932877,0.30274435421296,0.2995217572244275,-1.3370128594672537,-2.4846177292943343,-6.554588851677638
WP_011272274,M,L,0.0,-5.861359396613929,-7.019789530335055,-7.194681227821942,-7.767212240040655,-6.553460978917137,-7.993437218533064
WP_011275775,L,L,0.0,-0.4592870097874968,-2.427547907630736,-3.3865972253883934,-6.918863237274595,-6.096595533381324,-7.826548487290915
WP_011282675,I,I,0.0,0.0,0.0,0.0,0.0,0.0,0.0
WP_011283540,M,F,0.0,0.3654247011428166,0.0236635080394536,0.0,-1.8171834532712652,-2.791707442462405,-5.793888758164105
WP_011285487,L,L,0.0,-0.0520284354465241,-1.2351130791283786,-1.912211460946556,-4.0,-3.806244910462533,-4.523561956057013
WP_011286345,L,M,0.0,-0.1866051532723844,-1.4374532409273608,-2.3808377215860608,-6.68618066195479,-5.976863061541339,-9.067208146278531
WP_011297098,L,L,0.0,-1.7757799756756127,-2.69615871138938,-2.903677461028802,-2.903677461028802,-2.584962500721156,-2.903677461028802
WP_011303097,L,L,0.0,-1.385616844998072,-4.685676974412263,-6.129283016944966,-6.845395081931578,-6.585340198895872,-7.651051691178929
WP_011312551,L,L,0.0,-2.615033354919194,-3.968764865737024,-4.632221300113301,-5.391908379660091,-4.482756141964417,-5.391908379660091
WP_011346477,L,L,0.0,0.4690034674374654,0.7067662733480571,0.9433142019097892,0.5188746186154836,-0.7399587244534676,-4.85053337131396
WP_011351369,L,L,0.0,-2.990030945881953,-4.221471747924364,-4.221471747924364,-4.221471747924364,-3.3877645459207675,-4.221471747924364
WP_011399565,L,L,0.0,-1.2770802754661243,-4.123517372045388,-5.508499768806805,-7.764837280882321,-6.718529708151268,-8.695315405374352
WP_011410284,M,L,0.0,-2.158967064135429,-3.377443751081734,-2.988639961749958,-3.5519127224307976,-3.377443751081734,-3.745926548164837
WP_011412710,L,L,0.0,0.0,0.0,0.0,0.0,0.0,0.0
WP_011465262,L,L,0.0,0.0417800805521135,-0.908845075524197,-0.766600892182689,-1.0,-1.0,-1.0
WP_011466839,L,L,0.0,-1.6185686215972384,-3.0,-3.0,-3.321928094887362,-3.321928094887362,-3.321928094887362
WP_011476729,M,F,0.0,0.0,0.0,1.2386614212169258,0.0,1.062276477233933,0.0
WP_011479279,L,L,0.0,0.0561971773393441,-1.1188051977269264,-1.7179319041012835,-4.585847444708033,-4.948995281917031,-9.651051691178928
WP_011482754,M,M,0.0,0.2945312428029925,0.4207736271617612,0.4097027253908396,-1.3105029031634792,-2.6440829752555826,-7.60385180109993
WP_011489445,L,L,0.0,-3.5399883103271543,-7.041336452922183,-7.184824105342747,-8.751726546506735,-7.615446222779243,-9.141781589440097
WP_011491397,I,Q,0.0,-1.0,-1.0,-1.0,-1.0,-1.0,-1.0
WP_011497349,M,L,0.0,-0.8275885783521351,-3.321928094887362,-4.554262228389085,-5.5563535485701525,-4.7848422128782655,-5.882435795368045
WP_011517149,L,L,0.0,-3.0186944594921226,-3.917939003174603,-4.0437314206251695,-4.2849278041654735,-4.087462841250339,-4.554262228389085
WP_011520723,M,L,0.0,0.0,0.0,-0.0401002338807376,-0.7391754211879653,-1.0,-1.0
WP_011528516,L,L,0.0,0.206310766729687,-0.4307565395094173,-0.6077581259842448,-4.740218650358906,-4.907565210679915,-8.214319120800766
WP_011542644,M,L,0.0,0.5183677034994032,-1.0,-0.8343154064968354,-1.3058065312292104,-1.0,-2.807354922057604
WP_011555894,L,L,0.0,0.1040465495888853,-0.2197698064231482,-0.8673034867245624,-2.564641508472483,-1.5964837147710818,-3.084962500721156
WP_011568103,I,L,0.0,0.0,0.0,0.0,0.0,0.0,0.0
WP_011571118,L,K,0.0,1.7033594732901238,0.0,0.0,-0.6608819490128677,-2.584962500721156,-2.584962500721156
WP_011576454,M,L,0.0,0.0,0.0,0.0,0.0,0.0,0.0
WP_011581087,L,L,0.0,0.4619892151599591,-0.0615175452096439,-0.6005307495909991,-3.2797787702165078,-3.5025105974351183,-4.459431618637297
WP_011584955,L,L,0.0,-1.12276912929363,-4.351940805776165,-6.137585211932565,-7.969636467410248,-7.644036656405827,-9.04339062768446
WP_011608342,M,L,0.0,-3.016170580222786,-6.475759419732627,-7.421479686350425,-8.538825124264822,-7.468568966358717,-8.737993345435328
WP_011627026,M,L,0.0,-2.5036531594369755,-5.129283016944966,-5.208926257442949,-5.247927513443585,-5.129283016944966,-5.507010235157468
WP_011628173,L,L,0.0,0.2804950006751321,0.8504047997802422,1.1320904505277314,2.076423941383299,1.229688796298424,-4.287912808022449
WP_011643962,L,L,0.0,0.2779641618680877,0.8661086961844138,1.1121528795036646,2.127925643272821,-0.1922999465069939,-7.162325106125111
WP_011645493,L,M,0.0,0.2466976048087694,0.8534198717348715,1.0706180183426763,1.957069916820133,1.5773514226677054,-1.380030713538989
WP_011663604,M,L,0.0,0.8201295415205825,-0.5157119695955634,-0.3751443332796382,-0.1201693747564645,-1.9737515817795857,-5.341497291840842
WP_011667559,L,M,0.0,0.0,0.0,0.0,0.0,0.0,0.0
WP_011673473,I,M,0.0,0.2527314320022311,0.5996133170784219,0.6465763110774505,1.0548857900642234,0.5162859525224537,-3.3773204436456927
WP_011679544,I,L,0.0,0.3751799180582127,0.6738564174737904,0.6947910771779693,0.0686633534248191,-0.9822445318939286,-6.22881869049588
